#{"t_start": 1657000094.4394138, "env_id": "SlimeVolley-v0"}
r,l,t
0.36,536,0.403552
0.26,526,0.765319
2.64,764,1.350382
0.95,595,3.171059
1.46,646,3.55244
-0.09,491,3.845841
1.74,674,5.625011
1.68,668,6.060601
2.49,749,6.507149
1.67,667,8.212301
0.45,545,8.548786
0.92,592,8.902684
1.86,686,9.311712
1.82,582,10.972998
1.21,621,11.339525
-0.29,471,11.617994
2.57,757,13.266234
2.1,710,13.674234
1.72,672,14.059234
0.92,592,15.643414
1.36,636,16.012414
3.48,848,16.502413
0.99,599,18.017409
1.0,600,18.377439
2.2,720,18.801453
1.08,608,20.319413
2.97,697,20.734415
0.33,533,21.051412
0.14,514,21.355438
-0.23,477,22.800414
-0.71,429,23.049413
0.43,543,23.363414
1.64,664,23.745413
1.42,642,25.268649
2.32,732,25.69965
1.16,616,26.060649
2.84,684,27.702575
0.64,564,28.040567
0.0,500,28.337568
5.46,946,30.098598
-1.1,390,30.329595
1.34,634,30.706604
0.07,507,32.244564
0.41,541,32.586563
-0.88,412,32.823563
-0.19,481,33.098583
3.71,871,34.791817
2.24,724,35.22282
1.32,632,35.589819
-0.68,432,35.83982
1.59,659,37.430267
0.23,523,37.740507
0.46,546,38.063744
0.78,578,39.567938
-0.29,471,39.847161
1.64,664,40.236176
1.99,699,41.737134
2.81,681,42.18317
0.88,588,42.53555
2.33,633,42.914541
0.89,589,44.572542
1.59,659,44.970763
1.16,616,45.335123
3.98,898,47.03196
1.71,671,47.423956
4.48,848,49.083783
0.14,514,49.403814
-0.35,465,49.676812
0.52,552,50.007817
0.75,575,51.535993
0.37,537,51.876993
1.11,611,52.245031
1.65,665,52.641033
0.95,595,54.189996
1.28,628,54.553997
4.76,876,55.06501
0.12,512,56.564306
4.42,842,57.065272
1.36,536,57.376272
1.72,672,59.050227
1.01,601,59.410226
4.42,942,59.973434
-0.4,460,61.420467
4.38,838,61.920033
1.13,613,62.280924
1.13,613,63.799932
0.55,555,64.125926
1.88,688,64.538923
0.35,535,66.02704
-0.21,479,66.318079
-0.53,447,66.578395
-0.05,495,66.871607
-0.26,474,68.327925
0.94,594,68.689954
-0.17,483,68.972955
2.1,610,69.329962
0.26,526,70.859096
0.56,556,71.190309
-0.21,479,71.473554
0.23,523,71.780746
1.27,627,73.332878
1.44,644,73.713946
2.87,787,74.177954
0.71,571,75.688331
0.04,504,75.993359
0.66,566,76.331269
0.72,572,76.673693
-0.55,445,78.172895
1.24,624,78.546921
0.68,568,78.881925
2.61,661,80.473894
2.23,623,80.864922
0.45,545,81.186101
0.52,552,81.513136
-0.79,421,82.956273
0.87,587,83.306354
3.47,747,83.750369
1.85,685,85.309324
3.28,828,85.803354
-0.07,493,86.093395
1.5,650,87.652577
-0.66,434,87.938599
1.09,609,88.295591
0.45,545,88.6168
0.38,538,90.139771
0.6,560,90.474803
2.54,754,90.918801
3.37,837,92.664825
0.81,581,93.017015
0.14,514,93.32122
2.41,641,93.70628
1.57,657,95.279257
-0.24,476,95.561296
1.14,614,95.922523
3.47,847,97.622939
0.32,532,97.931939
-0.15,485,98.214939
3.58,758,99.83973
-0.03,497,100.142759
1.32,632,100.523771
2.79,779,102.192071
4.43,843,102.715098
2.34,734,103.146113
-0.31,469,104.604263
-0.58,442,104.874267
1.17,617,105.243166
1.52,652,105.634152
2.28,728,107.194927
-0.6,440,107.454902
1.85,685,107.859466
0.47,547,109.35661
0.17,517,109.670608
4.5,850,110.178844
-0.21,479,110.466832
-0.16,484,112.00384
0.49,549,112.327032
2.01,701,112.738046
2.38,738,114.419004
0.95,595,114.764005
0.43,543,115.075003
2.1,710,116.635204
2.12,712,117.062415
2.27,727,117.923423
1.65,665,118.253388
3.61,861,118.665404
3.61,761,119.030427
0.57,557,119.303415
0.94,594,119.591628
0.8,580,119.872799
1.72,672,120.197799
0.78,578,120.477799
1.87,687,120.80897
0.58,558,121.078963
1.86,686,121.411972
2.26,726,121.76497
1.91,691,122.098201
3.62,862,122.516202
-0.15,485,122.754373
-0.34,466,122.982255
-0.13,487,123.217245
1.7,670,123.542197
0.01,501,123.784197
1.49,649,124.099197
2.59,659,124.419155
0.33,533,124.679165
1.12,612,124.977163
3.2,720,125.329357
4.34,834,125.743341
0.88,588,126.03235
0.36,536,126.297341
0.85,585,126.585349
0.35,535,126.848351
1.14,514,127.103345
2.95,695,127.446341
2.02,702,127.793341
1.54,654,128.11534
0.92,592,128.40734
1.39,639,128.717341
3.95,795,129.102349
-0.29,471,129.331529
-0.55,445,129.547539
0.94,594,129.836524
1.07,607,130.139526
1.45,645,130.455524
1.36,636,130.766711
-0.34,466,130.993696
1.86,686,131.326711
0.42,542,131.587711
0.42,542,131.849721
-0.09,491,132.086711
0.18,518,132.336775
2.81,781,132.712759
1.39,639,133.020771
0.54,554,133.28776
1.24,624,133.588799
0.4,540,133.853829
1.91,691,134.19083
1.58,658,134.514827
1.16,616,134.816985
1.61,661,135.141074
1.9,590,135.428038
1.24,624,135.726037
-0.02,498,135.963037
0.1,510,136.206038
2.11,711,136.545629
1.85,685,136.871629
1.99,699,137.20463
0.21,521,137.45363
2.95,695,137.787658
4.38,938,138.248655
0.72,572,138.530701
4.65,965,139.006703
3.58,758,139.378701
3.81,781,139.760711
5.93,993,140.244653
1.19,619,140.548653
-0.6,440,140.764665
0.2,520,141.0179
1.42,642,141.333347
0.21,521,141.591336
1.4,640,141.908643
0.73,573,142.211658
3.9,790,142.600835
-0.14,486,142.840822
1.05,605,143.143096
-0.08,492,143.38433
0.25,525,143.643358
1.15,615,143.944358
0.43,543,144.215372
2.12,712,144.568358
1.27,627,144.880421
0.78,578,145.165411
-0.24,476,145.40042
2.13,613,145.69842
1.74,674,146.025384
1.99,699,146.365412
1.34,634,146.670969
-0.07,493,146.912276
1.97,597,147.216251
-0.55,445,147.431241
2.61,661,147.750241
3.83,783,148.130446
-0.18,482,151.328102
-0.76,424,151.869335
1.1,610,152.388479
1.8,680,152.974507
3.29,729,154.991144
4.79,779,155.44972
3.35,735,155.888462
1.55,655,157.664529
0.94,594,158.01268
0.67,567,158.34853
0.54,554,160.038481
0.25,525,160.351857
0.39,539,160.672514
-0.18,482,160.959783
1.98,598,162.564165
0.57,557,162.892176
6.06,1106,164.809911
5.3,830,165.32195
2.71,771,165.783167
1.01,601,167.382859
1.01,601,167.748045
1.65,665,168.144136
1.53,653,169.714328
1.41,641,170.106252
3.31,731,170.539256
2.17,717,172.188219
0.41,541,172.541221
0.32,532,172.847221
2.64,764,173.289235
4.62,862,174.945104
4.5,850,175.450104
2.38,638,177.093158
-0.18,482,177.388435
5.33,933,177.943412
-1.06,394,178.178444
-0.13,487,179.785436
1.32,632,180.156472
5.57,957,180.719477
0.3,530,182.174656
0.8,580,182.511654
0.92,592,182.863724
1.5,650,184.481707
3.76,876,185.011735
4.34,934,186.763203
-0.13,487,187.077229
2.15,715,187.49823
1.78,678,187.89523
5.17,917,189.594728
1.89,689,190.000057
-0.23,477,190.281057
-0.08,492,191.725029
0.79,579,192.068065
0.61,561,192.43503
0.45,545,194.05003
0.18,518,194.384288
4.54,954,194.95628
3.24,824,196.578291
-0.34,466,196.853317
0.85,485,197.139333
1.1,610,197.499326
1.58,658,199.066316
6.56,1056,199.69152
0.67,567,201.170494
2.14,614,201.556495
1.42,642,201.9375
2.52,752,202.374495
0.76,576,203.902853
1.49,649,204.288853
1.39,539,204.607862
0.14,514,206.039827
1.06,606,206.402587
1.17,617,206.765971
6.09,1009,208.564809
1.17,617,208.929809
1.03,503,209.227846
1.87,687,210.782808
0.84,584,211.136763
1.82,682,211.547774
1.84,684,213.129734
0.8,580,213.495742
-0.49,451,213.764801
0.49,549,214.090805
0.44,544,215.651779
-0.15,485,215.949808
-0.33,467,216.231811
2.05,705,216.648953
1.29,629,218.23493
1.18,618,218.602929
4.68,768,219.060126
0.77,577,220.548096
3.06,706,220.97436
4.01,901,221.505383
1.72,672,223.062147
2.06,706,223.466147
4.13,913,225.148357
2.62,762,225.633391
0.25,525,225.94756
6.45,1145,227.910136
1.67,667,228.311151
-0.21,479,228.596344
2.11,711,230.194312
0.74,574,230.537505
1.32,632,230.903519
5.37,1037,232.660669
3.82,782,233.123677
0.36,536,233.438854
-0.74,426,234.872024
1.57,657,235.289054
0.43,543,235.610054
0.55,555,235.938259
1.73,673,237.498273
1.85,685,237.899272
2.61,761,238.346443
-0.15,485,239.814443
0.59,559,240.144443
1.96,696,240.554433
0.65,565,242.108633
3.52,752,242.567531
2.22,722,242.997523
1.6,560,244.585511
2.15,715,245.026575
2.8,780,245.487915
1.65,665,247.066168
1.64,664,247.456198
2.54,754,247.898206
0.74,574,249.499014
1.01,601,249.856058
5.11,1011,250.454044
-0.14,486,252.030207
2.8,680,252.442056
2.62,762,252.89506
0.86,586,254.407215
1.85,685,254.815252
3.76,876,255.330465
1.14,614,256.817476
1.28,628,257.18866
-0.43,457,257.462668
1.46,646,258.990809
2.11,711,259.433012
4.73,973,260.014003
-0.43,457,261.45898
1.21,621,261.837003
2.12,612,262.199054
1.06,606,262.556042
3.29,729,264.192016
4.19,919,264.724041
1.31,631,266.247836
1.39,639,266.628894
2.32,632,267.001088
2.72,672,268.619267
2.85,785,269.096285
3.22,822,269.755286
2.99,799,270.137286
-0.29,471,270.3633
2.41,641,270.6713
2.1,710,271.0093
0.79,579,271.286302
5.57,1057,271.797321
1.45,645,272.109321
1.02,602,272.398321
4.06,906,272.831321
2.06,706,273.172337
2.16,716,273.514335
3.02,802,273.903332
4.99,899,274.342628
2.98,798,274.732638
4.8,880,275.161636
0.67,567,275.442628
6.4,940,275.905601
1.15,615,276.209628
2.22,722,276.563919
3.43,743,276.929929
3.2,720,277.285971
2.24,724,277.644187
0.91,591,277.934375
4.46,846,278.352571
6.35,1135,278.911168
4.91,991,279.391204
4.46,946,279.853055
2.7,770,280.226084
-0.2,480,280.457055
3.72,872,280.877027
1.05,605,281.173256
2.53,753,281.542533
1.16,616,281.841749
4.44,944,282.303751
3.12,712,282.650748
2.29,729,283.005926
4.89,889,283.438941
1.11,611,283.737351
1.2,620,284.045388
6.83,1083,284.587396
0.97,597,284.883361
2.24,724,285.244398
3.3,730,285.604388
0.69,569,285.880387
1.12,612,286.178402
3.59,759,286.549218
0.54,554,286.820246
1.56,656,287.140253
3.99,799,287.528244
-0.36,464,287.755245
1.44,644,288.068248
3.3,830,288.473245
0.84,584,288.758254
3.75,875,289.182452
2.73,773,289.560466
0.14,514,289.810454
1.32,632,290.118453
0.12,512,290.369486
0.31,531,290.628457
3.79,879,291.057873
0.63,563,291.330873
1.8,680,291.660877
1.2,620,291.961877
5.97,1097,292.500068
1.84,584,292.786274
1.05,605,293.082284
8.48,1048,293.598526
1.19,619,293.902527
2.22,722,294.255537
1.81,681,294.588498
0.47,547,294.853498
2.93,793,295.240498
2.2,720,295.583498
4.01,901,296.013526
4.91,991,296.496581
0.09,509,296.742602
0.18,518,296.993547
2.95,795,297.381546
2.38,638,297.692545
2.92,692,298.025585
3.78,878,298.456573
5.46,946,298.9216
1.71,671,299.2446
2.23,623,299.5426
1.19,619,299.841625
3.28,728,300.193625
2.46,746,300.558624
1.27,627,300.867633
3.26,826,301.273633
0.7,570,301.557827
3.5,850,301.976863
1.03,603,302.271826
4.72,772,302.647237
4.34,934,303.10168
2.77,677,303.429657
0.31,531,303.687659
2.93,793,304.073722
-0.17,483,304.307712
2.19,719,304.650719
0.05,505,304.967679
3.98,898,308.719056
1.18,618,309.162058
0.11,511,309.515057
1.08,608,311.269472
3.58,858,311.780473
0.95,595,312.13251
5.03,1003,313.949509
5.81,1081,314.594491
2.26,726,316.225509
3.54,854,316.727831
-0.58,442,316.987212
2.21,721,318.663212
2.42,742,319.10163
0.25,525,319.412652
2.58,758,321.063661
2.2,720,321.48686
0.04,504,321.781862
0.69,569,323.299807
0.91,591,323.642806
1.02,602,323.988807
1.63,663,325.541027
1.72,672,325.969061
2.0,700,326.385062
4.62,862,328.088856
3.13,713,328.517886
0.53,553,328.845937
5.92,992,330.63282
0.65,565,330.964792
3.2,720,331.389015
5.48,948,333.157885
-0.27,473,333.43686
1.4,640,333.81386
2.88,788,335.626391
-0.42,458,335.896382
1.64,664,336.287382
0.67,567,337.752161
0.42,542,338.080167
2.29,729,338.507369
0.85,585,338.850442
3.24,724,340.450432
2.62,762,340.914627
3.41,841,342.628828
6.53,1053,343.265867
6.07,1107,345.230001
2.28,728,345.66403
2.96,696,346.078022
0.62,562,347.560042
0.42,542,347.886086
3.0,700,348.296269
1.08,608,349.855316
4.76,976,350.440419
3.81,881,350.963588
0.75,575,352.485604
1.48,648,352.867614
2.42,742,353.304603
1.93,693,354.996399
1.85,685,355.396399
2.41,741,355.827399
1.67,667,357.388368
1.11,611,357.741367
2.64,764,358.180367
1.81,681,359.897553
4.65,965,360.475527
4.33,833,362.248526
3.46,846,362.739527
2.05,705,363.146528
4.41,941,364.899529
4.18,918,365.440447
1.86,686,367.030421
1.14,614,367.401459
6.22,922,367.955473
3.29,829,369.620853
-0.52,448,369.881853
3.89,889,370.40502
-0.67,433,371.849213
1.15,615,372.213241
5.84,984,372.794269
5.0,900,374.48624
8.16,1316,376.412438
2.57,757,376.877704
1.29,629,377.252696
3.95,895,378.976145
5.37,1037,379.586365
2.5,750,381.202302
6.16,1116,381.87034
2.31,731,382.303329
2.86,786,383.994516
4.28,928,384.547732
4.89,889,386.248163
5.2,920,386.790851
4.47,947,388.568823
5.84,1084,389.215066
5.15,1015,390.968041
7.21,1221,391.687041
3.66,866,393.455207
3.32,832,393.953237
2.09,709,394.37952
4.0,900,396.139772
2.4,740,396.565897
4.0,800,398.188804
1.4,640,398.585048
1.21,621,398.952048
4.35,935,400.684673
1.83,683,401.089902
2.28,728,401.52391
0.48,548,403.036872
1.69,669,403.430901
1.98,698,403.83891
4.57,857,405.544909
2.69,769,405.999939
-0.28,472,406.279948
6.82,1182,408.191008
2.76,776,408.642009
2.55,755,410.298007
5.73,973,410.882043
4.46,946,412.644398
3.78,878,413.173424
0.7,570,413.507423
4.92,992,415.285445
-0.34,466,415.55945
0.83,583,415.903446
3.94,894,417.617039
3.55,855,418.127028
5.29,1029,419.916002
5.64,1064,420.544219
0.22,522,420.84921
2.43,743,422.471188
0.64,564,422.804184
2.89,789,423.272393
3.38,838,424.989367
1.26,626,425.478367
2.49,749,425.847407
0.94,594,426.141587
7.16,1216,426.742465
4.67,967,427.219529
5.95,1095,427.759702
4.45,845,428.176697
2.22,722,428.532432
2.43,743,428.89644
2.13,713,429.242396
3.34,834,429.649424
3.83,883,430.079655
1.22,622,430.382653
0.7,570,430.658654
1.95,695,430.997663
2.27,627,431.302708
5.49,949,431.764098
4.78,978,432.241292
0.97,597,432.532321
2.5,750,432.897294
6.7,1170,433.469321
2.15,715,433.816329
4.71,971,434.29432
2.15,715,434.648295
3.54,854,435.07033
1.58,658,435.394321
1.16,616,435.69432
1.99,699,436.035329
4.79,979,436.510321
2.18,718,436.860323
1.34,634,437.168335
3.12,812,437.562538
-0.06,494,437.803524
3.8,880,438.232523
3.79,879,438.662532
2.39,739,439.023523
4.44,944,439.486572
1.72,672,439.810781
2.42,742,440.169756
6.22,1022,440.663782
1.99,699,441.000771
3.64,764,441.370749
3.71,871,441.793786
0.81,581,442.078782
4.07,907,442.524884
2.06,606,442.820885
5.11,911,443.271113
2.97,797,443.664159
2.46,746,444.032351
1.59,659,444.35657
3.74,874,444.788752
-0.72,428,445.000761
3.92,792,445.393739
1.7,670,445.719756
4.51,951,446.182752
3.28,828,446.587783
4.57,957,447.052797
2.56,756,447.420783
0.62,562,447.694759
3.02,802,448.084782
1.36,636,448.394759
1.96,696,448.733782
4.27,927,449.183782
1.25,625,449.48878
0.81,581,449.771783
2.97,797,450.158961
3.57,857,450.578961
3.08,808,450.977149
0.32,532,451.241149
6.87,987,451.730187
5.97,997,452.220198
4.78,978,452.696242
3.2,820,453.09524
2.39,739,453.456244
1.77,677,453.784217
4.34,834,454.19065
0.34,534,454.449648
2.93,793,454.837659
4.8,980,455.31466
2.41,741,455.673649
1.39,639,455.981845
3.68,868,456.399846
7.62,1062,456.911043
2.72,772,457.285086
2.81,781,457.665149
7.29,1229,458.260989
1.47,647,458.578987
8.28,1128,459.136199
8.45,1145,459.702518
4.0,800,460.098515
2.1,710,460.448515
0.34,534,460.712515
4.52,952,461.182561
2.8,780,461.567568
0.57,557,461.843544
5.82,1082,462.371958
6.1,910,462.81798
2.83,683,463.149982
1.76,676,463.47998
3.55,855,463.895001
8.41,1341,467.952334
4.77,977,468.653811
2.44,744,469.253075
3.2,720,470.932104
0.06,506,471.23229
3.15,815,471.712301
3.59,859,473.464297
0.13,513,473.774264
13.89,1889,476.142455
4.98,998,477.946555
2.8,780,478.422587
9.6,1360,480.428705
5.06,1006,481.02408
7.34,1234,482.925118
1.78,678,483.324114
2.48,748,483.761107
2.96,796,485.569304
4.81,881,486.115191
4.79,979,487.93638
8.06,1106,488.575382
1.45,645,490.100379
2.43,743,490.561413
6.61,1161,491.242416
6.51,1151,493.132737
5.55,1055,494.980732
3.74,874,495.516761
5.28,1028,496.117763
2.46,746,497.717752
2.51,751,498.148749
5.12,1012,499.985246
3.83,883,500.493246
0.99,599,500.843261
2.69,769,502.545295
5.8,1080,503.180286
3.55,855,504.899115
7.82,1282,505.656374
11.82,1482,507.725008
5.72,1072,509.604163
9.31,1431,510.449165
0.83,583,512.013318
5.5,1050,512.643336
11.53,1653,514.809101
4.88,988,515.376101
7.1,1110,517.173124
5.56,1056,517.802135
7.7,1270,519.76112
2.51,751,520.19812
4.17,917,521.862335
7.08,1208,522.583363
0.49,549,524.096362
7.29,1229,524.817362
6.52,1152,526.6801
4.01,901,527.216064
3.01,801,528.895068
2.07,707,529.305087
1.43,643,529.683112
3.31,831,531.332294
9.59,1459,533.361236
5.53,1053,533.999236
6.08,1008,535.843275
6.56,1156,536.546499
17.15,2115,538.977133
10.19,1519,541.031185
3.32,832,541.520022
9.3,1330,543.537989
10.75,1575,545.718991
4.09,909,546.244992
13.79,1879,548.520152
10.45,1545,550.561121
13.94,1894,552.83816
4.56,956,553.400179
7.38,1238,555.35019
0.93,593,555.69847
5.5,1050,557.450611
5.0,1000,558.04164
7.86,1286,560.04564
12.85,1685,562.25761
5.46,1046,562.890646
14.21,1921,565.183918
13.97,1897,567.453699
15.13,2013,569.807894
18.25,2325,572.409255
1.68,668,572.801434
9.53,1453,574.879443
26.0,3000,579.084109
15.38,2038,581.372108
13.58,1858,582.470137
11.15,1615,584.878187
10.35,1535,585.642343
10.37,1537,586.382383
7.26,1226,586.976331
6.3,1130,587.524526
9.13,1313,588.158536
14.12,1912,589.085768
13.02,1802,589.957938
6.3,1130,590.506941
14.52,1952,591.452927
3.09,809,591.845926
11.93,1693,592.674204
10.78,1578,593.449489
7.01,1201,594.040463
10.43,1543,594.79973
14.38,1938,595.748766
12.09,1709,596.577741
25.93,2993,598.02434
19.19,2219,599.103732
6.5,1150,599.65921
4.63,963,600.126211
20.64,2464,601.320224
7.13,1213,601.910238
8.1,1310,602.544239
21.18,2618,603.812492
7.27,1227,604.407724
5.28,1028,604.904689
5.9,1090,605.432689
5.06,1006,605.922907
10.33,1533,606.667656
4.88,988,607.147665
4.47,947,607.606856
12.99,1699,608.428865
10.31,1531,609.172831
13.15,1815,610.051829
10.17,1517,610.810077
7.66,1266,611.433126
10.44,1444,612.152336
16.23,2123,613.187337
8.11,1311,613.821739
3.72,872,614.242741
8.32,1232,614.846786
10.66,1566,615.607785
22.02,2702,616.916711
9.62,1462,617.627701
21.61,2461,618.8399
10.01,1501,619.567929
7.83,1183,620.141935
4.84,984,620.61493
17.52,2152,621.649944
8.53,1353,622.30676
4.11,911,622.744761
4.23,923,623.192763
6.41,1141,623.746787
19.0,2300,624.848865
14.52,1952,625.801035
3.3,830,626.209422
11.63,1663,627.028188
7.42,1142,627.589181
8.28,1328,628.23928
3.75,875,628.671467
8.64,1364,629.334926
6.05,1105,629.870927
17.07,2007,630.833333
14.42,1842,631.725369
9.22,1422,632.416615
12.16,1716,633.236778
11.28,1528,633.982779
12.46,1746,634.849981
7.96,1296,635.48598
14.88,1988,636.437983
8.24,1324,637.086085
6.72,1172,637.661083
1.18,618,637.957046
5.77,1077,638.470045
10.63,1563,639.212045
10.99,1499,639.916045
2.49,749,640.272068
10.26,1526,640.989046
9.49,1449,641.685084
10.0,1400,642.363087
1.35,635,642.675083
27.0,3000,644.134276
6.79,1079,644.66028
11.39,1539,645.419451
4.45,945,645.874451
12.8,1680,646.697349
3.4,840,647.10435
23.45,2745,648.432783
13.88,1788,649.299971
4.02,902,649.733982
9.75,1375,650.378982
12.46,1646,651.165984
11.27,1527,651.894982
2.78,778,652.266982
10.89,1489,652.971982
25.42,2842,654.332011
18.54,2354,655.48801
10.65,1565,656.234984
7.03,1203,656.80862
5.51,1051,657.653595
17.19,2119,662.087822
12.69,1769,664.36942
18.24,2324,666.975756
12.94,1794,669.251619
8.72,1372,671.226804
10.77,1577,673.414776
9.21,1321,674.199804
12.02,1702,676.386855
11.27,1627,678.707903
8.87,1387,680.756899
20.78,2378,683.33576
26.0,3000,686.297831
12.28,1728,688.542273
7.35,1135,690.393483
30.0,3000,693.451864
11.81,1681,695.676864
14.79,1979,698.089497
13.05,1805,700.371727
9.78,1478,702.435206
13.24,1824,703.520207
20.07,2507,707.392208
17.25,2125,709.901359
20.08,2408,712.567086
24.7,2970,715.516095
28.0,3000,719.762313
10.81,1281,720.501383
26.0,3000,724.548608
21.69,2569,727.301788
8.64,1364,729.362788
14.41,1841,731.578147
22.61,2661,734.282581
26.0,3000,737.209846
25.28,2928,741.279033
17.52,2252,743.78108
29.0,3000,746.752205
3.79,779,748.386232
15.15,2015,750.721422
28.0,3000,753.719825
19.05,2405,756.336984
14.6,1960,758.698057
13.66,1666,760.850058
27.0,3000,765.056202
16.64,2164,767.560436
21.17,2617,770.306836
28.0,3000,773.244725
17.86,2286,776.991403
9.08,1408,777.801428
16.57,2157,778.882619
5.7,1070,779.411796
9.5,1450,780.120042
4.91,991,780.601444
16.92,2092,781.618484
11.92,1692,782.442475
6.98,1198,783.02569
18.58,2358,784.161865
9.38,1438,784.868068
11.1,1510,785.60797
9.26,1426,786.297016
8.36,1236,786.896057
7.35,1235,787.495066
10.43,1543,788.247072
20.48,2548,789.485448
4.98,998,789.971434
8.09,1309,790.598433
19.4,2440,791.754441
17.89,2189,792.806436
9.71,1471,793.526472
9.4,1440,794.236462
18.42,2342,795.39448
7.66,1266,796.012085
9.95,1495,796.726834
15.18,2018,797.711985
22.52,2752,799.055205
3.57,857,799.47324
16.34,2034,800.459422
11.62,1662,801.27651
11.16,1616,802.075795
10.8,1480,802.800947
9.83,1483,803.521974
11.07,1607,804.301949
12.0,1700,805.128382
14.18,1918,806.063319
19.13,2213,807.123346
10.22,1522,807.86179
13.73,1873,808.780993
8.44,1344,809.447021
9.79,1379,810.128235
23.05,2805,811.505411
9.15,1415,812.189412
15.86,2086,813.180411
13.44,1844,814.051411
19.14,2414,815.22363
15.55,2055,816.224837
14.91,1991,817.192205
13.62,1862,818.106578
3.64,864,818.534822
7.33,1233,819.142831
6.31,1131,819.690823
7.54,1254,820.300812
14.84,1784,821.167076
7.51,1251,821.773156
4.34,934,822.228323
13.72,1872,823.140553
7.99,1299,823.760526
19.9,2390,824.926752
13.78,1878,825.845922
11.37,1637,826.662447
9.39,1439,827.373601
12.53,1753,828.239674
4.63,963,828.716827
15.62,1962,829.67083
11.88,1688,830.478855
9.75,1275,831.089858
12.31,1731,831.916877
10.72,1572,832.673891
8.73,1373,833.346123
11.34,1634,834.144125
12.97,1797,835.032161
19.04,2404,836.224229
28.0,3000,837.697852
8.63,1363,838.363016
14.42,1842,839.262242
21.59,2359,840.406592
8.97,1397,841.085603
11.24,1624,841.876878
8.08,1308,842.515876
12.76,1776,843.394868
22.46,2746,844.747094
19.17,2317,845.888282
15.55,2055,846.886957
10.05,1505,847.620956
17.68,2168,848.673965
15.8,2080,849.689135
9.36,1436,850.387015
16.31,2131,851.434122
5.25,1025,851.93913
13.71,1871,852.854319
6.87,1187,853.429335
21.77,2677,854.723411
11.18,1618,855.522411
11.85,1685,856.350422
11.23,1623,857.139411
2.91,791,857.523438
16.39,2139,858.565835
18.26,2226,859.660837
8.4,1340,860.319835
18.84,2384,864.975492
10.64,1564,867.421642
24.61,2961,870.584044
26.0,3000,873.588876
14.55,1955,875.977906
15.79,2079,878.426383
23.37,2637,882.490953
27.0,3000,885.454162
28.0,3000,889.708302
26.0,3000,892.680866
5.83,1083,894.565088
28.0,3000,897.547637
26.0,3000,901.804873
28.0,3000,904.879877
21.26,2626,907.645603
29.0,3000,911.798759
27.0,3000,914.728076
16.41,2141,917.128033
26.0,3000,921.321212
26.0,3000,924.280588
28.0,3000,928.471034
26.0,3000,931.426063
27.0,3000,935.570278
27.0,3000,938.52243
17.24,2224,941.087791
21.69,2669,943.895024
16.51,2051,946.315222
22.69,2769,950.34452
26.0,3000,953.337972
8.67,1367,955.371423
23.99,2699,958.162649
26.0,3000,962.464651
13.22,1822,964.753984
29.0,3000,967.734412
14.55,1955,970.15481
27.0,3000,974.364965
27.0,3000,977.371959
27.0,3000,980.418959
26.0,3000,981.889032
15.51,2051,982.888428
13.65,1865,983.804831
13.16,1816,984.691047
12.4,1640,985.501476
8.47,1347,986.163545
27.0,3000,987.624542
5.06,1006,988.112532
9.7,1470,988.827528
14.96,1996,989.808724
26.0,3000,991.267126
28.0,3000,992.743237
16.26,2126,993.793438
19.84,2484,995.022625
27.0,3000,996.49417
17.82,2182,997.558593
6.28,1128,998.107593
27.0,3000,999.565809
26.0,3000,1001.038973
28.0,3000,1002.520193
22.62,2762,1003.859633
13.42,1842,1004.752621
27.0,3000,1006.217449
24.19,2819,1007.587698
15.74,2074,1008.590091
22.05,2705,1009.919191
10.17,1517,1010.667566
13.39,1839,1011.567775
23.44,2844,1012.966957
21.8,2580,1014.221948
19.83,2383,1015.378324
24.92,2892,1016.787649
17.95,2295,1017.907013
26.0,3000,1019.386274
17.2,2220,1020.466701
17.56,2156,1021.512748
26.0,3000,1022.98866
26.0,3000,1024.463624
26.0,3000,1025.943847
27.0,3000,1027.428247
8.86,1286,1028.063437
8.62,1362,1028.738484
26.0,3000,1030.20668
28.0,3000,1031.664963
10.13,1513,1032.400973
27.14,2914,1033.807154
17.77,2177,1034.868548
12.07,1607,1035.668622
27.0,3000,1037.144674
21.08,2608,1038.411675
8.72,1372,1039.079535
16.85,2185,1040.142718
28.0,3000,1041.600779
10.41,1541,1042.353161
24.29,2929,1043.776145
12.89,1789,1044.638133
23.31,2831,1046.001133
8.88,1388,1046.663328
17.03,2203,1047.732001
16.81,2181,1048.79
27.0,3000,1050.256259
28.0,3000,1051.793262
16.94,2094,1052.821269
17.01,2001,1053.847654
9.55,1455,1054.559955
19.85,2385,1055.719158
17.3,2230,1056.797664
27.0,3000,1058.250621
21.55,2655,1059.524623
26.0,3000,1060.969621
20.03,2503,1062.179621
6.74,1174,1062.747621
15.89,2089,1063.735621
17.28,2228,1064.788649
14.41,1941,1065.739571
28.0,3000,1067.208954
22.2,2720,1068.542408
16.57,2157,1069.602618
22.63,2763,1070.936046
18.67,2367,1072.056045
17.88,2288,1073.154062
10.27,1527,1073.895286
24.01,2901,1075.308532
28.0,3000,1076.781963
26.0,3000,1078.260134
28.0,3000,1079.73133
21.96,2696,1081.039752
17.13,2013,1082.017133
18.77,2377,1083.173112
14.25,1925,1084.107116
14.69,1869,1085.023545
16.57,2157,1086.088781
16.7,2070,1087.096002
13.33,1733,1087.944007
19.36,2436,1089.125997
8.69,1369,1089.789232
4.57,957,1090.250242
27.0,3000,1091.700765
18.49,2249,1092.790738
26.0,3000,1094.263443
28.0,3000,1100.818984
12.57,1757,1103.235581
27.0,3000,1106.251141
30.0,3000,1110.400573
28.0,3000,1113.429726
28.0,3000,1117.54847
21.97,2697,1120.380654
31.0,3000,1123.36684
27.0,3000,1127.63352
27.0,3000,1130.613512
29.0,3000,1134.819064
29.0,3000,1137.793799
26.0,3000,1141.908834
27.0,3000,1144.949552
26.0,3000,1149.049043
27.0,3000,1152.014457
26.0,3000,1156.111343
24.89,2989,1159.097258
29.0,3000,1163.369524
28.0,3000,1166.330495
26.0,3000,1169.270092
27.0,3000,1173.416642
29.0,3000,1176.383997
28.0,3000,1180.658693
28.0,3000,1183.658179
29.0,3000,1187.835768
23.47,2847,1190.642903
21.62,2662,1193.504104
13.54,1854,1195.777259
17.77,2277,1199.452681
26.0,3000,1202.482666
28.0,3000,1205.508293
27.0,3000,1209.647625
14.55,1955,1212.023825
27.0,3000,1216.399846
30.0,3000,1217.856202
29.0,3000,1219.337498
29.0,3000,1220.798663
30.0,3000,1222.221663
26.0,3000,1223.663697
30.0,3000,1225.119893
30.0,3000,1226.595127
29.0,3000,1228.076124
30.0,3000,1229.551366
27.0,3000,1231.001423
30.0,3000,1232.451999
28.0,3000,1233.904197
33.0,3000,1235.367629
29.0,3000,1236.824559
27.0,3000,1238.290605
29.0,3000,1239.750652
29.0,3000,1241.199564
27.0,3000,1242.653812
31.0,3000,1244.13382
28.0,3000,1245.596785
30.0,3000,1247.054825
28.0,3000,1248.520813
29.0,3000,1249.985858
30.0,3000,1251.454036
27.0,3000,1252.937428
30.0,3000,1254.39842
28.0,3000,1255.858608
28.0,3000,1257.314173
27.0,3000,1258.777546
29.0,3000,1260.292736
30.0,3000,1261.770499
31.0,3000,1263.235689
27.0,3000,1264.740936
31.0,3000,1266.222936
29.0,3000,1267.677159
29.0,3000,1269.158347
30.0,3000,1270.62324
30.0,3000,1272.083467
30.0,3000,1273.543316
28.0,3000,1275.003763
29.0,3000,1276.473036
30.0,3000,1277.951396
30.0,3000,1279.426548
32.0,3000,1280.84555
29.0,3000,1282.280463
30.0,3000,1283.743661
30.0,3000,1285.202636
29.0,3000,1286.668476
29.0,3000,1288.125529
29.0,3000,1289.604564
30.0,3000,1291.063756
29.0,3000,1292.531758
30.0,3000,1294.014719
30.0,3000,1295.494948
27.0,3000,1296.963301
28.0,3000,1298.421926
29.0,3000,1299.879085
31.0,3000,1301.354388
30.0,3000,1302.818363
29.0,3000,1304.258362
29.0,3000,1305.712407
28.0,3000,1307.165845
29.0,3000,1308.895833
31.0,3000,1310.382892
30.0,3000,1311.863129
30.0,3000,1313.335348
31.0,3000,1314.790765
30.0,3000,1316.248039
28.0,3000,1317.704512
29.0,3000,1319.183711
30.0,3000,1320.639143
31.0,3000,1322.100446
29.0,3000,1323.564118
30.0,3000,1325.021298
28.0,3000,1326.485806
29.0,3000,1327.968673
28.0,3000,1329.447881
30.0,3000,1330.906881
29.0,3000,1332.368228
29.0,3000,1333.822674
29.0,3000,1335.301662
28.0,3000,1336.779418
30.0,3000,1338.249418
28.0,3000,1339.716418
29.0,3000,1341.173601
28.0,3000,1342.628825
30.0,3000,1344.101051
32.0,3000,1345.566654
31.0,3000,1347.021626
31.0,3000,1348.451833
30.0,3000,1349.907762
30.0,3000,1351.372058
29.0,3000,1352.852143
30.0,3000,1354.301364
29.0,3000,1355.744392
29.0,3000,1357.216758
28.0,3000,1358.677336
30.0,3000,1360.145673
30.0,3000,1361.623292
24.1,2910,1368.327089
26.0,3000,1371.481754
23.58,2758,1375.549888
11.07,1607,1376.549271
28.0,3000,1380.748464
28.0,3000,1383.661695
29.0,3000,1387.821244
24.15,2815,1390.624128
28.0,3000,1394.864102
26.0,3000,1397.884356
27.0,3000,1400.852358
30.0,3000,1405.103867
29.0,3000,1408.156254
30.0,3000,1412.368243
28.0,3000,1415.320242
28.0,3000,1419.43782
26.0,3000,1422.468415
27.0,3000,1426.624304
26.0,3000,1429.662057
27.0,3000,1433.810274
10.12,1512,1434.793276
26.0,3000,1439.035071
17.46,2246,1441.547283
27.0,3000,1444.55912
21.35,2635,1448.53223
26.0,3000,1451.552818
29.0,3000,1455.787955
29.0,3000,1458.691561
29.0,3000,1462.915966
18.46,2346,1465.500414
10.77,1577,1466.43059
11.13,1613,1468.543658
6.1,1110,1470.401806
26.0,3000,1473.370976
6.15,1115,1475.231238
26.0,3000,1478.270002
29.0,3000,1482.478974
33.0,3000,1484.388184
15.73,2073,1485.397175
21.12,2512,1486.626192
23.88,2888,1488.04024
13.35,1835,1488.931232
27.0,3000,1490.40123
24.65,2765,1491.751856
18.3,2330,1492.898031
7.46,1246,1493.515915
11.52,1652,1494.334888
17.92,2192,1495.396914
14.91,1991,1496.3871
28.0,3000,1497.867549
27.0,3000,1499.346848
27.0,3000,1500.826914
18.32,2332,1501.980154
24.57,2857,1503.374368
12.02,1702,1504.202424
22.64,2664,1505.49663
14.31,1931,1506.442948
9.4,1440,1507.145195
11.05,1505,1507.878206
24.55,2855,1509.262419
14.7,1970,1510.233107
26.0,3000,1511.704285
23.38,2838,1513.115741
26.0,3000,1514.576679
23.74,2874,1515.980706
19.98,2298,1517.098288
5.37,1037,1517.587286
24.04,2904,1518.999518
27.0,3000,1520.470745
27.0,3000,1521.929181
24.9,2890,1523.342113
15.05,2005,1524.317105
21.08,2608,1525.576077
26.0,3000,1527.02969
24.3,2930,1528.476418
27.0,3000,1529.953452
20.79,2579,1531.211072
17.63,2163,1532.263341
29.0,3000,1533.721578
12.67,1767,1534.558578
8.19,1319,1535.202798
18.15,2315,1536.346613
23.91,2691,1537.728802
8.43,1343,1538.422094
26.0,3000,1539.881092
29.0,3000,1541.344523
15.75,2075,1542.364689
22.55,2755,1543.723225
15.3,2030,1544.727256
27.0,3000,1546.238682
31.0,3000,1547.715016
12.33,1733,1548.565279
17.49,2249,1549.662251
5.72,1072,1550.185279
12.75,1775,1551.051279
17.5,2250,1552.158279
26.0,3000,1553.629287
17.02,2202,1554.721279
14.02,1902,1555.658871
11.91,1691,1556.492872
24.6,2960,1557.951999
19.67,2467,1559.180273
26.0,3000,1560.667293
18.53,2353,1561.818324
17.92,2292,1562.943777
10.34,1534,1563.686805
18.74,2274,1564.796768
10.29,1529,1565.538796
9.27,1427,1566.232795
10.54,1554,1566.993326
12.45,1645,1567.794317
27.0,3000,1569.282475
15.6,2060,1570.2934
19.4,2340,1571.433597
10.46,1446,1572.136633
27.0,3000,1573.596583
11.0,1600,1574.376774
31.0,3000,1575.817109
27.0,3000,1577.281183
25.83,2983,1578.755603
28.0,3000,1580.233077
13.05,1805,1581.113285
27.0,3000,1582.572492
9.31,1431,1583.271484
30.0,3000,1584.732479
15.7,1970,1585.70775
13.77,1877,1586.634943
27.0,3000,1588.095972
15.79,2079,1589.106987
12.59,1759,1589.964981
17.38,2238,1591.055538
6.57,1157,1591.619777
26.0,3000,1593.083854
24.06,2806,1594.475436
14.63,1863,1595.396627
12.78,1778,1596.275783
29.0,3000,1597.740153
29.0,3000,1602.211742
29.0,3000,1605.24636
14.62,1962,1607.66501
15.83,2083,1610.123969
29.0,3000,1613.125181
13.18,1718,1615.358129
28.0,3000,1619.477427
20.01,2501,1622.136038
27.0,3000,1625.107314
27.0,3000,1629.362855
26.0,3000,1632.334482
27.0,3000,1636.625936
27.0,3000,1639.531539
20.04,2404,1643.365918
13.45,1845,1644.502189
16.13,2113,1646.926596
32.0,3000,1651.08543
27.0,3000,1654.076675
27.0,3000,1658.22196
11.63,1663,1660.429996
28.0,3000,1663.397421
16.4,2140,1665.885232
29.0,3000,1670.14464
28.0,3000,1673.092687
24.48,2948,1677.171079
22.12,2712,1680.031726
23.05,2805,1682.827822
30.0,3000,1687.054242
30.0,3000,1689.996242
28.0,3000,1694.207226
28.0,3000,1697.199502
27.0,3000,1701.334501
31.0,3000,1704.382309
28.0,3000,1707.312809
29.0,3000,1711.483005
28.0,3000,1714.435375
29.0,3000,1717.763872
31.0,3000,1719.24007
28.0,3000,1720.701447
26.0,3000,1722.158446
29.0,3000,1723.583446
27.0,3000,1725.026482
26.0,3000,1726.496706
24.79,2879,1727.917213
27.0,3000,1729.398068
26.0,3000,1730.860459
27.0,3000,1732.292486
28.0,3000,1733.760458
27.0,3000,1735.227742
29.0,3000,1736.706738
20.55,2555,1737.943928
21.85,2685,1739.252536
31.0,3000,1740.709931
18.57,2357,1741.85726
19.25,2325,1742.989782
26.0,3000,1744.47175
28.0,3000,1745.91775
27.0,3000,1747.37169
27.0,3000,1748.836513
29.0,3000,1750.298115
31.0,3000,1751.758115
27.0,3000,1753.242491
28.0,3000,1754.68969
28.0,3000,1756.154762
27.0,3000,1757.624978
29.0,3000,1759.088134
26.0,3000,1760.532133
27.0,3000,1761.985551
27.0,3000,1763.449993
27.0,3000,1764.912352
18.93,2293,1766.02657
23.6,2860,1767.418777
26.0,3000,1768.882165
21.43,2543,1770.135163
28.0,3000,1771.570189
28.0,3000,1773.038074
28.0,3000,1774.495614
27.0,3000,1775.949542
27.0,3000,1777.432088
30.0,3000,1778.912256
27.0,3000,1780.393269
29.0,3000,1781.871331
26.0,3000,1783.34953
29.0,3000,1784.823579
29.0,3000,1786.328768
28.0,3000,1787.779321
28.0,3000,1789.225496
17.17,2217,1790.300005
27.0,3000,1791.756267
27.0,3000,1793.215465
28.0,3000,1794.690439
15.07,2007,1795.705697
26.0,3000,1797.194418
24.49,2849,1798.571783
17.18,2218,1799.650832
31.0,3000,1801.10952
26.0,3000,1802.582959
27.0,3000,1804.052143
27.0,3000,1805.508142
12.07,1707,1806.341114
26.0,3000,1807.780142
23.57,2857,1809.183193
26.0,3000,1810.663194
28.0,3000,1812.143196
14.5,1950,1813.083165
23.65,2865,1814.452203
29.0,3000,1815.910167
28.0,3000,1817.371715
28.0,3000,1818.849987
18.92,2392,1820.026988
30.0,3000,1821.486026
27.0,3000,1822.944033
27.0,3000,1824.402072
26.0,3000,1825.864085
27.0,3000,1827.342195
29.0,3000,1828.819489
31.0,3000,1830.311486
31.0,3000,1831.76889
28.0,3000,1833.22793
27.0,3000,1834.687597
27.0,3000,1836.162596
20.38,2538,1837.407158
26.0,3000,1838.864782
27.0,3000,1840.323988
27.0,3000,1841.781025
19.11,2411,1842.958969
28.0,3000,1844.436349
27.0,3000,1846.005603
27.0,3000,1847.478592
28.0,3000,1848.903563
16.47,2047,1849.872563
25.56,2956,1851.276563
26.0,3000,1852.713563
26.0,3000,1854.146563
29.0,3000,1855.565563
26.0,3000,1857.037637
27.0,3000,1860.358011
28.0,3000,1864.580071
29.0,3000,1867.602584
31.0,3000,1871.731623
27.0,3000,1874.709995
20.05,2505,1878.554662
28.0,3000,1881.530705
30.0,3000,1884.484939
26.0,3000,1888.677863
29.0,3000,1891.621916
28.0,3000,1895.772309
29.0,3000,1898.696938
7.23,1223,1900.605946
22.42,2742,1903.476181
21.5,2650,1907.287286
28.0,3000,1910.298294
29.0,3000,1913.182508
28.0,3000,1917.318593
17.86,2286,1919.835578
28.0,3000,1922.78556
29.0,3000,1926.925677
29.0,3000,1929.928235
29.0,3000,1934.077624
26.0,3000,1937.050977
28.0,3000,1941.243004
27.0,3000,1944.216343
27.0,3000,1948.387198
27.0,3000,1951.326482
28.0,3000,1955.580554
23.01,2801,1958.462989
28.0,3000,1962.674337
27.0,3000,1965.69037
28.0,3000,1968.706232
23.73,2873,1972.791134
13.22,1722,1975.929535
27.0,3000,1977.405463
11.79,1479,1978.136589
17.56,2256,1979.248159
20.88,2588,1980.518336
23.1,2810,1981.883398
7.56,1256,1982.492398
25.8,2980,1983.942198
17.66,2266,1985.043213
19.13,2413,1986.234636
19.1,2310,1987.363726
9.57,1457,1988.071903
18.76,2376,1989.214945
23.88,2788,1990.545945
10.79,1579,1991.296944
18.93,2293,1992.396972
19.14,2414,1993.578162
21.46,2646,1994.886072
26.0,3000,1996.366298
11.34,1534,1997.118974
17.29,2229,1998.182946
11.78,1678,1998.985974
22.38,2738,2000.308166
15.36,2036,2001.289345
13.78,1878,2002.20057
10.09,1509,2002.939772
12.53,1753,2003.795763
26.0,3000,2005.242672
15.12,1912,2006.172661
20.35,2535,2007.416824
12.21,1721,2008.256831
26.0,3000,2009.709823
5.2,1020,2010.213064
12.93,1693,2011.048054
19.47,2447,2012.255055
15.93,2093,2013.285279
11.72,1572,2014.048439
8.88,1388,2014.726411
21.25,2625,2015.99565
26.0,3000,2017.428309
20.54,2454,2018.622318
12.87,1687,2019.453309
17.86,2286,2020.572592
17.18,2218,2021.655672
13.07,1807,2022.541723
26.0,3000,2024.000177
11.47,1647,2024.800176
10.6,1560,2025.557093
14.85,1985,2026.508062
28.0,3000,2027.997097
27.0,3000,2029.497634
7.09,1209,2030.097636
26.0,3000,2031.56666
18.62,2362,2032.714474
23.04,2804,2034.080432
25.13,2913,2035.501262
27.0,3000,2036.977594
8.02,1302,2037.61064
18.52,2352,2038.759917
13.27,1827,2039.644925
24.76,2976,2041.06189
13.33,1733,2041.88089
13.41,1841,2042.756939
16.18,2118,2043.796143
15.93,2093,2044.829188
13.56,1756,2045.697222
26.0,3000,2047.173078
13.8,1880,2048.085273
9.68,1468,2048.800481
19.28,2428,2049.979476
20.84,2484,2051.184507
5.64,964,2051.659434
7.81,1281,2052.294653
26.0,3000,2053.76614
23.74,2874,2055.156262
27.0,3000,2056.604651
17.57,2257,2057.699948
10.79,1579,2058.471932
17.64,2264,2059.575826
18.81,2281,2060.694825
12.46,1746,2061.554925
17.43,2243,2062.663183
27.0,3000,2064.134907
19.6,2460,2065.328087
17.34,2234,2066.414126
22.53,2653,2067.707464
21.42,2542,2068.96349
26.0,3000,2070.45871
13.18,1718,2071.302655
23.44,2744,2072.641357
15.21,2021,2073.624397
15.03,2003,2074.598397
11.57,1657,2075.406397
21.99,2699,2076.71934
8.87,1387,2077.39834
11.46,1446,2078.09634
11.01,1501,2078.821343
18.36,2336,2079.966382
27.0,3000,2081.425056
15.08,2008,2082.401155
29.0,3000,2085.639076
28.0,3000,2089.90347
27.0,3000,2092.917359
30.0,3000,2097.171749
26.0,3000,2100.118011
28.0,3000,2104.256784
31.0,3000,2107.206745
28.0,3000,2110.196932
29.0,3000,2114.251907
30.0,3000,2117.210196
28.0,3000,2121.306759
28.0,3000,2124.271832
27.0,3000,2128.52336
30.0,3000,2131.501392
30.0,3000,2135.619451
26.0,3000,2138.675435
28.0,3000,2142.776687
28.0,3000,2145.789557
29.0,3000,2149.939442
19.66,2466,2152.625628
27.0,3000,2155.570854
28.0,3000,2159.865869
27.0,3000,2162.862895
30.0,3000,2167.051743
29.0,3000,2170.022989
28.0,3000,2174.183216
9.91,1491,2175.05623
28.0,3000,2179.221123
29.0,3000,2182.186366
28.0,3000,2186.393455
27.0,3000,2189.419877
29.0,3000,2193.560717
30.0,3000,2196.500939
28.0,3000,2200.648207
29.0,3000,2202.129236
28.0,3000,2203.602731
28.0,3000,2205.048034
26.0,3000,2206.488009
26.0,3000,2207.942016
30.0,3000,2209.397318
28.0,3000,2210.863253
29.0,3000,2212.333274
28.0,3000,2213.802542
30.0,3000,2215.263998
32.0,3000,2216.716599
28.0,3000,2218.178023
29.0,3000,2219.635237
26.0,3000,2221.099597
28.0,3000,2222.560064
29.0,3000,2224.013352
30.0,3000,2225.466352
27.0,3000,2226.926106
23.8,2780,2228.299297
30.0,3000,2229.777564
24.58,2958,2231.219776
28.0,3000,2232.672844
30.0,3000,2234.133078
28.0,3000,2235.592286
17.71,2171,2236.65753
29.0,3000,2238.118316
28.0,3000,2239.574441
27.0,3000,2241.023912
29.0,3000,2242.491132
28.0,3000,2243.959163
31.0,3000,2245.449156
28.0,3000,2246.950431
28.0,3000,2248.405042
28.0,3000,2249.861439
29.0,3000,2251.328037
29.0,3000,2252.810037
28.0,3000,2254.278264
23.89,2889,2255.682264
28.0,3000,2257.150468
26.0,3000,2258.607668
28.0,3000,2260.061939
27.0,3000,2261.542932
28.0,3000,2263.021931
27.0,3000,2264.485354
30.0,3000,2265.939353
28.0,3000,2267.394835
26.0,3000,2268.848717
25.61,2961,2270.296712
27.0,3000,2271.755611
27.0,3000,2273.210233
28.0,3000,2274.672176
26.0,3000,2276.125281
26.0,3000,2277.59346
26.0,3000,2279.071707
28.0,3000,2280.545705
27.0,3000,2282.001262
31.0,3000,2283.45815
28.0,3000,2284.918203
26.0,3000,2286.391566
29.0,3000,2287.853049
15.79,2079,2288.832045
28.0,3000,2290.255046
20.07,2407,2291.401046
30.0,3000,2292.824046
26.0,3000,2294.280085
30.0,3000,2295.753136
27.0,3000,2297.219398
29.0,3000,2298.667614
26.0,3000,2300.110614
27.0,3000,2301.560844
23.48,2748,2302.916012
23.18,2818,2304.297222
22.9,2690,2305.601462
28.0,3000,2307.060407
29.0,3000,2308.517413
29.0,3000,2309.973303
29.0,3000,2311.448555
26.0,3000,2312.916811
27.0,3000,2314.378812
29.0,3000,2315.824364
27.0,3000,2317.275702
29.0,3000,2318.747771
28.0,3000,2320.227086
14.09,1809,2321.104532
27.0,3000,2322.56071
27.0,3000,2324.018333
23.56,2756,2325.359604
26.0,3000,2326.825701
28.0,3000,2328.305112
28.0,3000,2329.777103
29.0,3000,2331.225163
31.0,3000,2332.660173
31.0,3000,2334.121197
27.0,3000,2335.587836
29.0,3000,2337.070962
29.0,3000,2338.535962
30.0,3000,2340.000938
18.1,2310,2341.125394
28.0,3000,2342.581887
15.34,2034,2343.570314
28.0,3000,2346.834189
27.0,3000,2351.064536
26.0,3000,2354.086917
28.0,3000,2357.021357
26.0,3000,2361.136524
27.0,3000,2364.173592
26.0,3000,2368.218876
28.0,3000,2371.266222
28.0,3000,2375.397421
24.3,2930,2378.326175
27.0,3000,2382.503439
23.47,2747,2385.29282
27.0,3000,2388.298085
23.64,2864,2392.421824
23.69,2869,2395.309008
26.0,3000,2399.457932
28.0,3000,2402.444724
18.06,2206,2404.948724
28.0,3000,2409.055325
28.0,3000,2412.071816
28.0,3000,2416.323992
28.0,3000,2419.325624
28.0,3000,2423.539767
28.0,3000,2426.504988
27.0,3000,2430.723803
23.39,2839,2433.54762
30.0,3000,2436.509849
26.0,3000,2440.66257
27.0,3000,2443.615615
29.0,3000,2447.843846
27.0,3000,2450.835803
7.38,1138,2452.779773
26.0,3000,2455.742964
27.0,3000,2459.982063
27.0,3000,2462.301088
30.0,3000,2463.783715
29.0,3000,2465.249939
27.0,3000,2466.692952
20.43,2543,2467.917953
31.0,3000,2469.35295
29.0,3000,2470.809159
29.0,3000,2472.259309
29.0,3000,2473.710318
30.0,3000,2475.173309
26.0,3000,2476.634797
29.0,3000,2478.108984
29.0,3000,2479.576037
28.0,3000,2481.033057
27.0,3000,2482.494038
30.0,3000,2483.965033
27.0,3000,2485.422304
31.0,3000,2486.90663
31.0,3000,2488.372675
28.0,3000,2489.807128
27.0,3000,2491.235142
27.0,3000,2492.679367
13.51,1751,2493.523343
29.0,3000,2494.990358
28.0,3000,2496.463411
28.0,3000,2497.930329
27.0,3000,2499.386368
28.0,3000,2500.835367
29.0,3000,2502.295404
27.0,3000,2503.770406
27.0,3000,2505.219362
23.06,2706,2506.529794
30.0,3000,2507.992284
29.0,3000,2509.449905
30.0,3000,2510.911347
28.0,3000,2512.381783
26.0,3000,2513.846748
27.0,3000,2515.296782
31.0,3000,2516.744084
29.0,3000,2518.206119
28.0,3000,2519.680955
27.0,3000,2521.14504
26.0,3000,2522.597531
27.0,3000,2524.048725
26.0,3000,2525.504169
28.0,3000,2526.973236
29.0,3000,2528.454481
29.0,3000,2529.935215
16.42,2142,2530.984215
27.0,3000,2532.440387
27.0,3000,2533.893719
28.0,3000,2535.352768
26.0,3000,2536.826581
28.0,3000,2538.289235
28.0,3000,2539.750834
27.0,3000,2541.210832
29.0,3000,2542.676467
30.0,3000,2544.143596
29.0,3000,2545.621564
23.52,2852,2547.029815
29.0,3000,2548.48038
30.0,3000,2549.933231
29.0,3000,2551.395386
20.59,2559,2552.644372
27.0,3000,2554.118087
27.0,3000,2555.575546
29.0,3000,2557.041068
21.29,2629,2558.321403
28.0,3000,2559.779029
30.0,3000,2561.267228
28.0,3000,2562.745381
29.0,3000,2564.196382
28.0,3000,2565.652594
27.0,3000,2567.116068
28.0,3000,2568.576016
30.0,3000,2570.050856
26.0,3000,2571.513751
27.0,3000,2572.970871
29.0,3000,2574.429991
26.0,3000,2575.876968
28.0,3000,2577.331563
29.0,3000,2578.802749
27.0,3000,2580.28601
27.0,3000,2581.744719
10.7,1570,2582.501961
12.06,1706,2583.32519
28.0,3000,2584.779204
16.6,2160,2585.836423
29.0,3000,2587.314679
30.0,3000,2588.774877
27.0,3000,2590.233109
15.61,1961,2591.180081
26.0,3000,2592.639881
31.0,3000,2594.107546
28.0,3000,2595.590229
29.0,3000,2597.077483
26.0,3000,2598.526824
27.0,3000,2599.973083
28.0,3000,2601.423093
27.0,3000,2602.872992
31.0,3000,2607.404702
28.0,3000,2610.514887
27.0,3000,2614.738019
27.0,3000,2617.70083
26.0,3000,2621.922185
29.0,3000,2624.881031
29.0,3000,2629.096172
27.0,3000,2632.052328
29.0,3000,2636.291842
27.0,3000,2639.24728
26.0,3000,2643.393457
28.0,3000,2646.359489
28.0,3000,2649.385622
29.0,3000,2653.678274
27.0,3000,2656.688316
30.0,3000,2660.803608
29.0,3000,2663.776905
28.0,3000,2667.841058
28.0,3000,2670.904155
28.0,3000,2675.067831
30.0,3000,2678.047204
27.0,3000,2682.316975
29.0,3000,2685.203164
26.0,3000,2689.430061
20.57,2557,2692.131328
27.0,3000,2695.14548
28.0,3000,2699.327881
29.0,3000,2702.247306
28.0,3000,2706.342308
27.0,3000,2709.323783
26.0,3000,2713.502534
29.0,3000,2716.533746
30.0,3000,2720.703925
26.0,3000,2723.029211
27.0,3000,2724.486005
30.0,3000,2725.944391
26.0,3000,2727.410505
26.0,3000,2728.892942
30.0,3000,2730.369021
28.0,3000,2731.831445
29.0,3000,2733.288446
28.0,3000,2734.750684
31.0,3000,2736.217963
28.0,3000,2737.689241
16.93,2093,2738.706673
15.44,2044,2739.708673
29.0,3000,2741.185672
27.0,3000,2742.657592
27.0,3000,2744.130586
26.08,2908,2745.571593
29.0,3000,2747.059817
30.0,3000,2748.522625
28.0,3000,2749.981308
27.0,3000,2751.443204
27.0,3000,2752.901416
29.0,3000,2754.375462
28.0,3000,2755.831376
17.41,2241,2756.914374
29.0,3000,2758.366531
28.0,3000,2759.803688
30.0,3000,2761.305735
29.0,3000,2762.798
24.06,2906,2764.225405
30.0,3000,2765.692836
28.0,3000,2767.151965
29.0,3000,2768.614882
30.0,3000,2770.06286
30.0,3000,2771.504888
28.0,3000,2772.961249
27.0,3000,2774.422248
30.0,3000,2775.883488
27.0,3000,2777.3529
10.69,1569,2778.135323
26.0,3000,2779.617695
28.0,3000,2781.092653
28.0,3000,2782.56188
29.0,3000,2784.024121
15.37,2037,2785.010155
28.0,3000,2786.470042
30.0,3000,2787.9292
28.0,3000,2789.378433
28.0,3000,2790.839954
29.0,3000,2792.30011
30.0,3000,2793.760323
29.0,3000,2795.242112
28.0,3000,2796.688084
27.0,3000,2798.147583
28.0,3000,2799.570582
21.97,2697,2800.849582
16.56,2156,2801.88861
30.0,3000,2803.342611
31.0,3000,2804.80161
27.0,3000,2806.244848
28.0,3000,2807.723376
26.0,3000,2809.189311
20.5,2450,2810.382023
29.0,3000,2811.859014
29.0,3000,2813.337237
30.0,3000,2814.807413
24.51,2951,2816.235413
29.0,3000,2817.681414
27.0,3000,2819.134861
30.0,3000,2820.601043
29.0,3000,2822.04971
28.0,3000,2823.498538
29.0,3000,2824.950587
27.0,3000,2826.397819
28.0,3000,2827.85886
26.0,3000,2829.337848
27.0,3000,2830.817849
26.0,3000,2832.263993
29.0,3000,2833.711257
27.0,3000,2835.159285
29.0,3000,2836.621735
27.0,3000,2838.079042
28.0,3000,2839.597015
29.0,3000,2841.19209
17.13,2213,2842.277284
30.0,3000,2843.793759
30.0,3000,2845.883185
28.0,3000,2847.836541
30.0,3000,2849.19743
26.0,3000,24301.241951
29.0,3000,24306.190211
26.0,3000,24308.603062
28.0,3000,24310.955762
27.0,3000,24313.287021
28.0,3000,24315.163355
30.0,3000,24317.187495
27.0,3000,24318.896211
23.41,2841,24320.650849
28.0,3000,24322.720827
27.0,3000,24324.312724
17.33,2233,24327.692869
26.0,3000,24333.115052
28.0,3000,24338.387544
28.0,3000,24346.897751
31.0,3000,24350.388925
29.0,3000,24355.821002
29.0,3000,24359.032662
29.0,3000,24363.812598
26.0,3000,24367.431259
26.0,3000,24372.202007
30.0,3000,24375.507179
30.0,3000,24378.680369
31.0,3000,24383.172561
30.0,3000,24386.307868
31.0,3000,24390.768591
29.0,3000,24393.927203
28.0,3000,24399.067825
26.0,3000,24401.751962
29.0,3000,24405.838347
27.0,3000,24408.454837
30.0,3000,24412.190123
28.0,3000,24415.634153
32.0,3000,24421.187819
30.0,3000,24424.313233
27.0,3000,24428.710336
29.0,3000,24431.896363
28.0,3000,24434.970399
27.0,3000,24439.347417
28.0,3000,24442.476445
28.0,3000,24446.924446
29.0,3000,24450.02441
29.0,3000,24455.528276
30.0,3000,24458.46742
28.0,3000,24462.127698
28.0,3000,24463.734017
27.0,3000,24465.293941
32.0,3000,24468.09602
29.0,3000,24470.825429
21.43,2543,24474.002454
30.0,3000,24475.671178
14.08,1908,24476.588634
28.0,3000,24477.99487
30.0,3000,24479.517815
27.0,3000,24481.783079
28.0,3000,24484.673238
28.0,3000,24487.066161
28.0,3000,24490.260165
29.0,3000,24494.938106
29.0,3000,24497.770454
28.0,3000,24499.721984
29.0,3000,24501.753125
29.0,3000,24503.963119
27.0,3000,24506.261391
28.0,3000,24508.303708
28.0,3000,24510.034688
27.0,3000,24512.117492
28.0,3000,24513.961522
26.0,3000,24515.932627
15.1,2010,24517.486904
30.0,3000,24519.074502
29.0,3000,24520.732882
30.0,3000,24522.403108
28.0,3000,24524.923933
30.0,3000,24526.353867
28.0,3000,24529.024863
28.0,3000,24532.193921
27.0,3000,24534.493938
28.0,3000,24537.132719
30.0,3000,24539.529022
30.0,3000,24541.359935
27.0,3000,24542.939449
18.78,2378,24544.451519
30.0,3000,24545.982721
14.43,1843,24546.863987
29.0,3000,24548.250282
27.0,3000,24549.631598
28.0,3000,24551.036241
30.0,3000,24552.418699
30.0,3000,24553.724494
30.0,3000,24555.071492
28.0,3000,24556.655589
30.0,3000,24558.096778
30.0,3000,24559.567281
28.0,3000,24560.97642
29.0,3000,24562.450269
29.0,3000,24563.914265
30.0,3000,24565.292424
29.0,3000,24566.682049
29.0,3000,24568.138563
28.0,3000,24569.52561
28.0,3000,24570.926642
27.0,3000,24572.304797
28.0,3000,24573.705163
29.0,3000,24575.119999
29.0,3000,24576.487035
28.0,3000,24577.858817
28.0,3000,24579.205799
27.0,3000,24580.536983
31.0,3000,24582.837156
30.0,3000,24585.081519
30.0,3000,24587.015111
31.0,3000,24588.548414
30.0,3000,24589.934304
27.0,3000,24591.31913
27.0,3000,24592.728571
30.0,3000,24594.334803
28.0,3000,24595.687173
27.0,3000,24597.24584
27.0,3000,24598.893454
28.0,3000,24600.389746
28.0,3000,24601.874853
28.0,3000,24603.177366
30.0,3000,24604.579743
28.0,3000,24605.981511
28.0,3000,24607.326344
29.0,3000,24608.73706
30.0,3000,24610.103165
31.0,3000,24611.535074
29.0,3000,24612.970336
28.0,3000,24614.424108
27.0,3000,24615.857963
29.0,3000,24617.301926
26.0,3000,24618.706989
29.0,3000,24619.988211
29.0,3000,24621.288167
27.0,3000,24622.571697
31.0,3000,24623.860491
28.0,3000,24625.163573
29.0,3000,24626.495099
31.0,3000,24627.845316
29.0,3000,24629.284899
29.0,3000,24630.682332
28.0,3000,24632.083207
26.0,3000,24636.846926
29.0,3000,24639.802463
29.0,3000,24642.666217
31.0,3000,24646.640877
27.0,3000,24649.338215
30.0,3000,24653.422329
29.0,3000,24656.20492
30.0,3000,24660.021404
28.0,3000,24662.783195
29.0,3000,24666.505481
29.0,3000,24669.195932
27.0,3000,24673.299681
29.0,3000,24676.052779
13.98,1898,24678.501535
28.0,3000,24682.854821
23.73,2873,24685.627141
28.0,3000,24688.400292
27.0,3000,24692.591279
29.0,3000,24695.299728
28.0,3000,24699.393619
27.0,3000,24702.38589
29.0,3000,24707.801667
28.0,3000,24710.709516
27.0,3000,24715.828823
28.0,3000,24718.905047
28.0,3000,24723.121516
29.0,3000,24726.203931
14.89,1989,24728.474501
29.0,3000,24731.389765
28.0,3000,24735.167065
26.0,3000,24738.110157
27.0,3000,24742.316471
28.0,3000,24745.16864
27.0,3000,24749.328033
31.0,3000,24750.784297
29.0,3000,24752.067563
30.0,3000,24753.36645
29.0,3000,24754.650302
29.0,3000,24755.919106
30.0,3000,24757.221289
30.0,3000,24758.503393
31.0,3000,24759.787888
31.0,3000,24761.073289
30.0,3000,24762.352173
30.0,3000,24763.646857
28.0,3000,24764.931281
30.0,3000,24766.243668
30.0,3000,24767.528164
33.0,3000,24768.827108
29.0,3000,24770.202908
30.0,3000,24771.614809
29.0,3000,24773.102362
29.0,3000,24774.550825
32.0,3000,24775.880753
29.0,3000,24777.180797
28.0,3000,24778.465181
27.0,3000,24779.749571
29.0,3000,24781.024578
29.0,3000,24782.308967
28.0,3000,24783.605846
28.0,3000,24784.900984
29.0,3000,24786.172926
28.0,3000,24787.501751
29.0,3000,24788.864149
29.0,3000,24790.185975
30.0,3000,24791.58411
33.0,3000,24792.938512
29.0,3000,24794.295913
30.0,3000,24795.704486
30.0,3000,24796.987782
30.0,3000,24798.278379
32.0,3000,24799.579033
30.0,3000,24800.866387
30.0,3000,24802.169561
30.0,3000,24803.453806
30.0,3000,24804.764085
29.0,3000,24806.22005
29.0,3000,24807.648699
29.0,3000,24808.964351
28.0,3000,24810.248595
29.0,3000,24811.528807
29.0,3000,24812.813004
29.0,3000,24814.081827
30.0,3000,24815.381851
31.0,3000,24816.669557
31.0,3000,24818.005108
29.0,3000,24819.538938
31.0,3000,24821.092048
27.0,3000,24822.530445
29.0,3000,24823.844503
30.0,3000,24825.20337
28.0,3000,24826.611493
29.0,3000,24828.036397
31.0,3000,24829.383162
29.0,3000,24830.667482
30.0,3000,24831.975466
28.0,3000,24833.281202
30.0,3000,24834.584824
30.0,3000,24835.92607
30.0,3000,24837.24249
30.0,3000,24838.676586
30.0,3000,24840.086402
29.0,3000,24841.62158
28.0,3000,24842.952876
30.0,3000,24844.236675
29.0,3000,24845.543241
29.0,3000,24846.831478
30.0,3000,24848.117945
30.0,3000,24849.402141
29.0,3000,24850.681714
30.0,3000,24851.96927
29.0,3000,24853.256637
28.0,3000,24854.542936
29.0,3000,24855.873084
28.0,3000,24857.26688
30.0,3000,24858.597061
29.0,3000,24859.968025
30.0,3000,24861.427222
29.0,3000,24862.93143
30.0,3000,24864.326388
29.0,3000,24865.797157
28.0,3000,24867.253318
28.0,3000,24868.728933
28.0,3000,24870.183195
28.0,3000,24871.641198
29.0,3000,24872.969283
31.0,3000,24874.253664
29.0,3000,24875.544195
29.0,3000,24876.828558
30.0,3000,24878.112827
31.0,3000,24879.404248
26.0,3000,24880.688585
31.0,3000,24881.972879
29.0,3000,24883.257838
28.0,3000,24887.974729
28.0,3000,24891.852067
27.0,3000,24895.187728
29.0,3000,24899.78382
28.0,3000,24902.839042
30.0,3000,24907.034127
29.0,3000,24909.948964
30.0,3000,24914.011435
28.0,3000,24916.69168
24.1,2910,24920.679448
29.0,3000,24923.622756
29.0,3000,24926.234196
29.0,3000,24930.840217
28.0,3000,24934.520076
30.0,3000,24939.919731
28.0,3000,24943.285944
30.0,3000,24947.701105
32.0,3000,24950.741322
28.0,3000,24954.968559
29.0,3000,24957.636679
29.0,3000,24961.277862
29.0,3000,24964.192625
28.0,3000,24968.506692
31.0,3000,24971.756518
29.0,3000,24974.971128
24.0,2800,24978.997492
17.39,2239,24981.371353
11.47,1647,24983.389814
28.0,3000,24985.964093
27.0,3000,24989.850979
28.0,3000,24992.730314
24.8,2880,24996.796423
26.0,3000,24999.531537
27.0,3000,25002.308885
26.0,3000,25004.912443
28.0,3000,25006.198865
27.0,3000,25007.542603
26.0,3000,25008.839491
28.0,3000,25010.184529
28.0,3000,25011.628804
15.23,1923,25012.519429
27.0,3000,25013.938661
27.0,3000,25015.254185
30.0,3000,25016.615783
28.0,3000,25018.071953
28.0,3000,25019.58075
28.0,3000,25021.049467
30.0,3000,25022.476092
29.0,3000,25023.954859
27.0,3000,25025.361024
29.0,3000,25026.689191
28.0,3000,25027.970425
31.0,3000,25029.280123
28.0,3000,25030.673902
28.0,3000,25032.106554
30.0,3000,25033.500334
29.0,3000,25034.894063
28.0,3000,25036.178398
28.0,3000,25037.571084
28.0,3000,25039.026299
28.0,3000,25040.420114
29.0,3000,25041.741657
30.0,3000,25043.130369
28.0,3000,25044.495364
28.0,3000,25045.908108
28.0,3000,25047.283171
28.0,3000,25048.661197
28.0,3000,25050.133351
26.0,3000,25051.568838
27.0,3000,25052.884362
29.0,3000,25054.272842
29.0,3000,25055.695111
31.0,3000,25057.107087
28.0,3000,25058.532117
29.0,3000,25059.946452
28.0,3000,25061.437291
28.0,3000,25062.955865
29.0,3000,25064.343557
30.0,3000,25065.683227
19.78,2478,25066.795727
27.0,3000,25068.125949
28.0,3000,25069.413416
29.0,3000,25070.715353
27.0,3000,25072.005795
27.0,3000,25073.305689
29.0,3000,25074.686667
30.0,3000,25076.068378
27.0,3000,25077.383038
29.0,3000,25078.7602
29.0,3000,25080.122589
28.0,3000,25081.566056
26.0,3000,25082.881633
29.0,3000,25084.170967
28.0,3000,25085.468413
28.0,3000,25086.758428
30.0,3000,25088.05848
32.0,3000,25089.357346
28.0,3000,25090.744566
27.0,3000,25092.171871
29.0,3000,25093.525546
26.0,3000,25094.872473
29.0,3000,25096.243773
28.0,3000,25097.699862
27.0,3000,25099.140533
27.0,3000,25100.490398
23.69,2869,25101.82421
29.0,3000,25103.216794
30.0,3000,25104.635719
27.0,3000,25106.048932
32.0,3000,25107.520729
29.0,3000,25108.882142
31.0,3000,25110.213322
29.0,3000,25111.532026
29.0,3000,25112.881503
29.0,3000,25114.263369
30.0,3000,25115.616365
18.51,2351,25116.664827
31.0,3000,25118.040093
29.0,3000,25119.339039
27.0,3000,25120.641874
28.0,3000,25121.935973
30.0,3000,25123.366162
27.0,3000,25124.745784
28.0,3000,25126.142551
29.0,3000,25127.721194
28.0,3000,25129.114948
30.0,3000,25130.589627
27.0,3000,25131.995488
29.0,3000,25133.365843
29.0,3000,25134.822007
27.0,3000,25136.153216
27.0,3000,25137.521406
29.0,3000,25138.883784
27.0,3000,25140.183891
29.0,3000,25143.068429
30.0,3000,25147.019275
27.0,3000,25149.782122
30.0,3000,25153.490134
30.0,3000,25156.257806
26.0,3000,25159.986201
29.0,3000,25162.547179
26.0,3000,25165.212846
29.0,3000,25168.823725
28.0,3000,25171.490095
31.0,3000,25175.065959
28.0,3000,25177.629638
29.0,3000,25181.166689
28.0,3000,25183.723451
29.0,3000,25187.316062
30.0,3000,25189.874902
29.0,3000,25193.488994
28.0,3000,25196.05461
28.0,3000,25199.626442
30.0,3000,25202.283872
28.0,3000,25205.964233
29.0,3000,25208.56938
14.51,1951,25210.728964
29.0,3000,25213.556627
29.0,3000,25218.170993
29.0,3000,25220.964591
30.0,3000,25224.894816
23.21,2821,25227.405287
30.0,3000,25231.164212
30.0,3000,25233.815271
30.0,3000,25237.510023
31.0,3000,25240.072931
27.0,3000,25242.618774
29.0,3000,25247.189301
30.0,3000,25248.473625
29.0,3000,25249.754183
29.0,3000,25251.027832
30.0,3000,25252.311123
30.0,3000,25253.59162
29.0,3000,25254.863779
30.0,3000,25256.148392
30.0,3000,25257.417161
29.0,3000,25258.7037
31.0,3000,25259.972481
30.0,3000,25261.24127
31.0,3000,25262.508933
29.0,3000,25263.847041
31.0,3000,25265.347983
30.0,3000,25266.693824
31.0,3000,25268.053797
30.0,3000,25269.372833
28.0,3000,25270.736293
30.0,3000,25272.068766
29.0,3000,25273.403966
30.0,3000,25274.737315
31.0,3000,25276.05104
29.0,3000,25277.383425
30.0,3000,25278.718785
30.0,3000,25280.048758
31.0,3000,25281.365816
30.0,3000,25282.682285
29.0,3000,25284.016455
30.0,3000,25285.331284
30.0,3000,25286.664574
29.0,3000,25287.981245
27.0,3000,25289.297874
29.0,3000,25290.632435
30.0,3000,25291.962346
28.0,3000,25293.295851
30.0,3000,25294.61242
28.0,3000,25295.913331
29.0,3000,25297.198923
27.0,3000,25298.499817
31.0,3000,25299.786304
30.0,3000,25301.102889
30.0,3000,25302.388497
30.0,3000,25303.689358
31.0,3000,25304.983617
31.0,3000,25306.278148
30.0,3000,25307.564627
30.0,3000,25308.868782
29.0,3000,25310.153926
30.0,3000,25311.452069
29.0,3000,25312.737288
30.0,3000,25314.03956
29.0,3000,25315.340676
30.0,3000,25316.628102
29.0,3000,25317.929189
32.0,3000,25319.214592
28.0,3000,25320.515651
30.0,3000,25321.802132
30.0,3000,25323.103103
30.0,3000,25324.391673
30.0,3000,25325.689551
29.0,3000,25326.961539
31.0,3000,25328.246966
31.0,3000,25329.548814
29.0,3000,25330.896682
30.0,3000,25332.182296
29.0,3000,25333.467516
31.0,3000,25334.752894
28.0,3000,25336.058226
30.0,3000,25337.351553
30.0,3000,25338.62814
30.0,3000,25339.928938
29.0,3000,25341.214648
29.0,3000,25342.593535
28.0,3000,25343.911543
31.0,3000,25345.212522
30.0,3000,25346.497937
30.0,3000,25347.814569
30.0,3000,25349.364614
29.0,3000,25352.064424
30.0,3000,25354.160636
30.0,3000,25356.834167
30.0,3000,25358.63123
30.0,3000,25361.062412
30.0,3000,25362.941281
30.0,3000,25364.429037
30.0,3000,25365.82536
29.0,3000,25367.170264
30.0,3000,25368.469155
32.0,3000,25369.779764
30.0,3000,25371.083002
30.0,3000,25372.36748
29.0,3000,25373.66558
30.0,3000,25374.959096
30.0,3000,25376.244875
30.0,3000,25377.544754
31.0,3000,25378.838821
30.0,3000,25380.126487
29.0,3000,25381.410834
29.0,3000,25382.726504
29.0,3000,25387.390616
28.0,3000,25391.26109
30.0,3000,25393.887181
28.0,3000,25396.477882
30.0,3000,25400.059321
29.0,3000,25402.727271
30.0,3000,25406.349455
29.0,3000,25408.899334
18.77,2377,25411.178069
28.0,3000,25414.841341
30.0,3000,25417.504431
30.0,3000,25421.53128
29.0,3000,25424.064728
28.0,3000,25427.786383
31.0,3000,25430.324294
29.0,3000,25433.875588
22.51,2751,25436.487969
26.0,3000,25440.035771
28.0,3000,25442.639196
28.0,3000,25445.257408
29.0,3000,25448.874272
27.0,3000,25451.397804
30.0,3000,25455.04028
27.0,3000,25457.741895
29.0,3000,25461.390671
30.0,3000,25463.952499
24.38,2938,25467.491713
30.0,3000,25470.131085
29.0,3000,25473.755391
29.0,3000,25476.324013
27.0,3000,25479.84466
26.0,3000,25482.57706
28.0,3000,25485.151573
30.0,3000,25488.441947
30.0,3000,25489.757434
29.0,3000,25491.098229
27.0,3000,25492.401749
29.0,3000,25493.685064
29.0,3000,25494.951968
26.0,3000,25496.236396
29.0,3000,25497.489374
28.0,3000,25498.757953
27.0,3000,25500.026567
29.0,3000,25501.308485
27.0,3000,25502.592836
27.0,3000,25503.889948
27.0,3000,25505.325772
30.0,3000,25506.607021
30.0,3000,25507.890302
26.0,3000,25509.158417
27.0,3000,25510.430485
29.0,3000,25511.699732
28.0,3000,25512.967325
26.0,3000,25514.220408
26.0,3000,25515.489023
27.0,3000,25516.757664
27.0,3000,25518.026427
26.0,3000,25519.295038
28.0,3000,25520.563714
30.0,3000,25521.835981
28.0,3000,25523.1023
29.0,3000,25524.406432
28.0,3000,25525.740609
30.0,3000,25527.069772
31.0,3000,25528.385319
26.0,3000,25529.654079
29.0,3000,25530.999747
31.0,3000,25532.284146
27.0,3000,25533.552709
29.0,3000,25534.816833
30.0,3000,25536.069799
27.0,3000,25537.35415
29.0,3000,25538.623617
27.0,3000,25539.892426
31.0,3000,25541.163393
22.12,2712,25542.327568
28.0,3000,25543.596452
29.0,3000,25544.885916
27.0,3000,25546.173068
26.0,3000,25547.457449
27.0,3000,25548.726205
27.0,3000,25549.99501
28.0,3000,25551.278263
27.0,3000,25552.561504
29.0,3000,25553.830322
26.0,3000,25555.108277
31.0,3000,25556.380293
27.0,3000,25557.663568
29.0,3000,25558.946858
28.0,3000,25560.262327
29.0,3000,25561.596473
31.0,3000,25562.911952
29.0,3000,25564.244688
27.0,3000,25565.563135
29.0,3000,25566.897971
28.0,3000,25568.213467
12.88,1788,25569.010342
30.0,3000,25570.341437
27.0,3000,25571.660208
27.0,3000,25572.931957
29.0,3000,25574.200747
29.0,3000,25575.46954
29.0,3000,25576.74045
28.0,3000,25578.024888
28.0,3000,25579.293684
16.53,2153,25580.199934
30.0,3000,25581.486477
28.0,3000,25582.774083
30.0,3000,25584.052262
28.0,3000,25585.320995
29.0,3000,25586.602684
29.0,3000,25587.887049
28.0,3000,25589.155761
6.4,1140,25589.640135
30.0,3000,25590.927732
28.0,3000,25592.19661
30.0,3000,25593.465358
28.0,3000,25594.745443
27.0,3000,25596.017261
28.0,3000,25597.319756
13.0,1800,25598.107095
27.0,3000,25599.625741
27.0,3000,25601.17406
26.0,3000,25602.645661
26.0,3000,25604.024648
23.77,2877,25605.40264
28.0,3000,25606.893013
30.0,3000,25608.270994
30.0,3000,25609.77412
28.0,3000,25611.094944
30.0,3000,25612.475624
28.0,3000,25613.758929
25.98,2998,25615.169443
28.0,3000,25619.61632
28.0,3000,25622.520244
27.0,3000,25626.782026
31.0,3000,25629.797651
29.0,3000,25633.471476
29.0,3000,25636.485509
23.29,2829,25640.003953
29.0,3000,25642.634245
23.71,2771,25645.367132
30.0,3000,25650.869854
31.0,3000,25654.31224
30.0,3000,25661.499503
29.0,3000,25665.929173
27.0,3000,25671.36968
26.0,3000,25674.902782
28.0,3000,25679.952435
28.0,3000,25683.236374
27.0,3000,25688.021841
26.0,3000,25692.380607
22.49,2749,25695.37577
28.0,3000,25701.196046
28.0,3000,25704.499268
29.0,3000,25709.097261
28.0,3000,25711.981742
27.0,3000,25716.557449
28.0,3000,25720.716818
30.0,3000,25726.453804
27.0,3000,25731.699637
27.0,3000,25738.23833
31.0,3000,25742.179006
27.0,3000,25745.810452
18.04,2304,25750.491077
28.0,3000,25754.188417
27.0,3000,25759.140254
28.0,3000,25760.913939
26.0,3000,25762.72513
31.0,3000,25764.513389
27.0,3000,25766.290001
27.0,3000,25768.085006
27.0,3000,25769.880266
30.0,3000,25771.672041
26.0,3000,25773.62809
30.0,3000,25775.42326
28.0,3000,25777.196563
27.0,3000,25778.985105
29.0,3000,25780.790543
15.62,2062,25782.016879
29.0,3000,25783.78371
28.0,3000,25785.790495
25.24,2924,25787.773011
31.0,3000,25790.03895
31.0,3000,25794.123123
28.0,3000,25796.27407
28.0,3000,25798.627036
27.0,3000,25800.549592
28.0,3000,25802.695369
29.0,3000,25804.78643
30.0,3000,25806.629544
26.0,3000,25808.435915
28.0,3000,25810.243054
29.0,3000,25812.037421
28.0,3000,25813.829136
18.84,2384,25815.317253
30.0,3000,25817.722914
29.0,3000,25820.170269
28.0,3000,25822.173005
29.0,3000,25823.718992
29.0,3000,25825.240877
28.0,3000,25826.762087
26.0,3000,25828.25433
27.0,3000,25829.913035
26.0,3000,25832.704195
28.0,3000,25834.851514
28.0,3000,25836.757601
29.0,3000,25838.76293
27.0,3000,25840.571327
30.0,3000,25842.359348
28.0,3000,25844.138178
27.0,3000,25845.94807
27.0,3000,25847.721885
29.0,3000,25849.513032
26.0,3000,25851.288525
29.0,3000,25853.067103
28.0,3000,25854.829573
28.0,3000,25856.609959
29.0,3000,25858.395271
27.0,3000,25860.169704
30.0,3000,25861.977768
32.0,3000,25863.76818
27.0,3000,25865.569502
30.0,3000,25867.355154
32.0,3000,25869.135692
28.0,3000,25870.902636
26.0,3000,25872.69096
29.0,3000,25874.463206
31.0,3000,25876.256377
30.0,3000,25878.026318
27.0,3000,25879.786963
31.0,3000,25881.561465
27.0,3000,25883.326114
28.0,3000,25885.098182
29.0,3000,25886.874392
26.0,3000,25888.653323
27.0,3000,25890.435416
29.0,3000,25892.43717
24.58,2958,25895.720592
27.0,3000,25897.43249
29.0,3000,25899.006355
28.0,3000,25900.605387
26.0,3000,25902.299298
32.0,3000,25903.924729
29.0,3000,25906.245381
27.0,3000,25907.994004
28.0,3000,25909.594253
27.0,3000,25912.522258
27.0,3000,25915.005906
28.0,3000,25917.913906
30.0,3000,25920.921762
30.0,3000,25925.075351
26.0,3000,25928.370438
13.4,1740,25930.280372
28.0,3000,25932.492161
27.0,3000,25935.870283
28.0,3000,25938.264494
28.0,3000,25940.360295
16.72,2172,25942.249745
28.0,3000,25944.546663
26.0,3000,25946.280188
26.0,3000,25948.036311
22.68,2768,25949.608413
23.55,2855,25951.227921
30.0,3000,25953.113962
27.0,3000,25954.732067
28.0,3000,25960.144345
26.0,3000,25963.486378
28.0,3000,25970.169109
30.0,3000,25973.91429
27.0,3000,25978.841994
28.0,3000,25982.076129
27.0,3000,25985.506
28.0,3000,25990.143007
28.0,3000,25993.443006
29.0,3000,25998.21858
28.0,3000,26001.490581
27.0,3000,26006.167538
28.0,3000,26009.824291
29.0,3000,26014.813289
28.0,3000,26018.160307
28.0,3000,26022.886354
29.0,3000,26026.195393
30.0,3000,26030.869461
29.0,3000,26034.265488
30.0,3000,26039.027286
28.0,3000,26042.288542
28.0,3000,26046.142968
24.03,2903,26052.507302
26.0,3000,26055.96341
27.0,3000,26060.965637
25.72,2972,26064.47364
28.0,3000,26069.512203
29.0,3000,26074.023737
29.0,3000,26081.393317
29.0,3000,26086.287592
27.0,3000,26093.127403
28.0,3000,26098.299084
28.0,3000,26105.220776
28.0,3000,26108.973042
29.0,3000,26111.461216
30.0,3000,26115.097314
29.0,3000,26118.811163
27.0,3000,26122.089133
29.0,3000,26125.445938
29.0,3000,26129.38066
30.0,3000,26132.788107
30.0,3000,26137.763147
27.0,3000,26142.331526
23.88,2888,26146.491943
31.0,3000,26150.143322
31.0,3000,26153.651467
29.0,3000,26157.419681
30.0,3000,26162.030104
28.0,3000,26164.415068
28.0,3000,26166.928487
29.0,3000,26169.296937
29.0,3000,26171.67312
31.0,3000,26174.036772
29.0,3000,26176.367372
29.0,3000,26178.70716
29.0,3000,26181.042832
30.0,3000,26183.396667
31.0,3000,26185.688438
31.0,3000,26188.054409
26.0,3000,26190.377823
28.0,3000,26192.730078
27.0,3000,26195.059523
29.0,3000,26197.356218
30.0,3000,26199.716865
29.0,3000,26202.046981
30.0,3000,26204.34971
31.0,3000,26206.702207
28.0,3000,26209.0037
31.0,3000,26211.358196
29.0,3000,26213.716689
30.0,3000,26216.074833
30.0,3000,26218.403712
29.0,3000,26220.727394
32.0,3000,26223.0693
28.0,3000,26225.411487
29.0,3000,26227.747853
29.0,3000,26230.079271
30.0,3000,26232.412766
30.0,3000,26234.755654
27.0,3000,26237.064921
29.0,3000,26239.377754
28.0,3000,26241.67609
29.0,3000,26244.029317
28.0,3000,26246.357819
29.0,3000,26248.679595
28.0,3000,26251.03416
30.0,3000,26253.665753
30.0,3000,26256.035214
27.0,3000,26258.397164
31.0,3000,26260.731383
29.0,3000,26263.036165
30.0,3000,26265.351141
29.0,3000,26267.698125
30.0,3000,26270.031693
30.0,3000,26272.373328
30.0,3000,26274.829635
31.0,3000,26277.133007
29.0,3000,26279.460498
29.0,3000,26281.770275
29.0,3000,26284.095447
30.0,3000,26286.500057
30.0,3000,26288.84591
30.0,3000,26291.194208
27.0,3000,26293.504136
30.0,3000,26295.832591
29.0,3000,26298.170238
29.0,3000,26300.453122
29.0,3000,26302.755291
30.0,3000,26305.047669
29.0,3000,26307.377541
30.0,3000,26309.714293
31.0,3000,26312.014024
31.0,3000,26314.351516
30.0,3000,26316.923778
29.0,3000,26319.33013
29.0,3000,26321.622229
27.0,3000,26323.936735
29.0,3000,26326.264945
30.0,3000,26328.570121
31.0,3000,26330.859634
30.0,3000,26333.169842
29.0,3000,26335.46892
29.0,3000,26337.847724
28.0,3000,26340.15541
28.0,3000,26342.482677
31.0,3000,26344.766007
30.0,3000,26347.095122
30.0,3000,26349.379541
28.0,3000,26351.655002
28.0,3000,26353.950599
29.0,3000,26356.279409
31.0,3000,26358.573235
30.0,3000,26360.891512
30.0,3000,26367.722942
29.0,3000,26372.512036
28.0,3000,26377.380598
28.0,3000,26384.197332
30.0,3000,26388.967779
28.0,3000,26395.664962
30.0,3000,26400.412817
27.0,3000,26407.10418
30.0,3000,26411.920848
29.0,3000,26418.652374
26.0,3000,26423.397665
29.0,3000,26430.091463
29.0,3000,26434.881141
29.0,3000,26441.454262
30.0,3000,26446.187012
28.0,3000,26450.99882
30.0,3000,26457.66314
27.0,3000,26462.35558
27.0,3000,26469.123759
27.0,3000,26473.81908
28.0,3000,26480.700134
30.0,3000,26486.121293
23.18,2718,26492.54965
26.0,3000,26497.273871
31.0,3000,26503.998998
29.0,3000,26509.206291
27.0,3000,26513.940367
29.0,3000,26520.665965
26.0,3000,26525.418852
25.8,2980,26532.070553
27.0,3000,26536.79513
29.0,3000,26543.464051
29.0,3000,26548.171055
10.2,1520,26552.455963
27.0,3000,26554.749473
10.36,1536,26555.916125
3.37,837,26556.563921
14.08,1908,26558.019819
19.18,2418,26559.865954
10.72,1572,26561.06772
8.96,1396,26562.116258
7.22,1122,26562.967197
21.63,2463,26564.814409
10.54,1554,26566.015613
6.85,1185,26566.939856
11.22,1522,26568.120502
15.51,2051,26569.687188
16.78,2078,26571.277949
26.0,3000,26573.569922
10.78,1478,26574.689133
9.29,1429,26575.768127
5.4,1040,26576.616962
8.74,1274,26577.580543
16.67,2167,26579.237721
15.02,2002,26580.754852
3.85,885,26581.410815
10.91,1591,26582.602998
12.61,1761,26583.955134
18.51,2251,26585.687079
7.0,1100,26586.522907
13.32,1732,26587.853774
22.99,2799,26590.062504
28.0,3000,26592.379439
27.0,3000,26594.703546
4.03,903,26595.403002
22.41,2641,26597.463372
10.78,1578,26598.66589
11.73,1673,26599.932212
19.06,2406,26601.763809
19.41,2441,26603.644426
24.37,2837,26605.817482
18.08,2208,26607.487759
12.61,1661,26608.765052
13.92,1792,26610.162381
20.38,2438,26612.003183
11.5,1550,26613.196652
26.0,3000,26615.504537
8.54,1354,26616.586247
5.86,1086,26617.455425
12.58,1758,26618.850153
15.06,1906,26620.336
20.59,2459,26622.217262
18.1,2310,26623.999196
4.62,962,26624.727967
13.24,1824,26626.131775
22.06,2706,26628.219643
26.67,2967,26630.487807
11.31,1631,26631.736795
9.49,1449,26632.899608
14.85,1985,26634.496929
21.81,2581,26636.47757
10.56,1556,26637.691437
4.95,995,26638.463767
11.04,1604,26639.687572
26.0,3000,26642.013808
14.03,1903,26643.499729
14.83,1983,26645.080734
28.0,3000,26647.371263
8.59,1359,26648.396584
17.74,2174,26650.074629
13.37,1837,26651.492768
12.61,1661,26652.754188
8.92,1392,26653.829534
7.04,1204,26654.736358
12.95,1795,26656.088161
15.71,2071,26657.65073
12.51,1651,26658.933593
5.08,1008,26659.699816
12.18,1718,26661.013396
4.15,915,26661.725801
26.0,3000,26664.00503
6.16,1116,26664.844209
15.21,1821,26666.231636
7.97,1297,26667.232144
20.05,2505,26669.157299
13.6,1760,26670.50728
18.63,2363,26672.302079
10.34,1534,26673.482242
12.9,1690,26674.819045
12.98,1798,26676.496018
16.03,2003,26678.021555
18.65,2365,26679.811702
16.26,2126,26681.446642
26.0,3000,26683.705688
3.62,862,26684.365216
21.66,2566,26686.386874
6.94,1194,26687.298202
13.67,1867,26688.717503
26.83,2983,26690.98405
22.85,2785,26693.113745
18.32,2232,26694.825096
12.04,1704,26696.131585
22.75,2675,26698.179004
28.0,3000,26703.162332
32.0,3000,26709.813025
27.0,3000,26714.591927
28.0,3000,26721.311378
29.0,3000,26726.038793
28.0,3000,26732.737676
27.0,3000,26737.480672
28.0,3000,26744.070956
30.0,3000,26748.880802
27.0,3000,26755.818929
26.0,3000,26760.618173
29.0,3000,26765.421258
29.0,3000,26772.273709
30.0,3000,26777.0284
28.0,3000,26783.695111
26.0,3000,26788.528058
30.0,3000,26795.133927
28.0,3000,26799.875839
27.0,3000,26806.552296
31.0,3000,26811.254361
30.0,3000,26817.797995
28.0,3000,26822.556106
21.3,2630,26827.08106
28.0,3000,26833.705199
27.0,3000,26838.587847
30.0,3000,26845.280914
29.0,3000,26850.118126
30.0,3000,26856.881032
29.0,3000,26861.693368
27.0,3000,26868.352248
29.0,3000,26873.162217
27.0,3000,26879.820735
28.0,3000,26884.771934
26.0,3000,26890.448138
28.0,3000,26892.820254
28.0,3000,26895.130376
30.0,3000,26897.415105
26.0,3000,26899.731508
30.0,3000,26902.065008
28.0,3000,26904.373085
19.59,2459,26906.271841
28.0,3000,26908.629176
5.67,1067,26909.457438
30.0,3000,26911.782207
29.0,3000,26914.17241
27.0,3000,26916.572041
27.0,3000,26918.906369
29.0,3000,26921.261735
30.0,3000,26923.59089
23.32,2832,26925.76358
27.0,3000,26928.068772
26.0,3000,26930.412175
18.23,2323,26932.187538
29.0,3000,26934.602771
25.0,3000,26937.011609
29.0,3000,26939.322969
26.0,3000,26941.701751
27.0,3000,26944.088803
27.0,3000,26946.451303
27.0,3000,26948.766889
27.0,3000,26951.09638
30.0,3000,26953.422753
16.62,2162,26955.064863
18.46,2346,26956.939521
26.0,3000,26959.236173
21.49,2549,26961.170058
30.0,3000,26963.476389
27.0,3000,26965.798688
27.0,3000,26968.114406
28.0,3000,26970.438018
29.0,3000,26972.920393
29.0,3000,26975.3714
27.0,3000,26977.77138
28.0,3000,26980.068362
30.0,3000,26982.396672
30.0,3000,26984.708353
28.0,3000,26987.029496
29.0,3000,26989.319572
27.0,3000,26991.633674
18.84,2384,26993.471188
22.7,2770,26995.700074
29.0,3000,26998.053922
26.68,2968,27000.319087
27.0,3000,27002.721957
4.27,927,27003.431519
26.0,3000,27005.775276
28.0,3000,27008.162577
20.0,2400,27010.130399
27.0,3000,27012.42116
27.0,3000,27014.716737
28.0,3000,27017.002461
8.55,1355,27018.024288
27.0,3000,27020.286495
27.0,3000,27022.643892
29.0,3000,27024.954261
28.0,3000,27027.265799
26.0,3000,27029.597663
27.0,3000,27031.919808
26.0,3000,27034.2212
26.0,3000,27036.531834
29.0,3000,27038.838135
27.0,3000,27041.160206
28.0,3000,27043.494375
27.0,3000,27045.83791
30.0,3000,27048.273896
13.15,1815,27049.67987
7.55,1255,27050.6366
21.86,2686,27052.740129
26.0,3000,27055.102615
29.0,3000,27057.38773
26.0,3000,27059.683726
14.38,1938,27061.169234
28.0,3000,27063.524497
30.0,3000,27065.850865
26.0,3000,27068.169266
24.47,2947,27070.455766
30.0,3000,27072.771388
16.42,2142,27074.540741
31.0,3000,27076.934981
27.0,3000,27079.240328
18.99,2299,27081.111573
31.0,3000,27083.511978
17.49,2249,27085.234393
29.0,3000,27087.5926
28.0,3000,27089.992817
26.0,3000,27092.353888
29.0,3000,27094.681106
26.0,3000,27097.022417
31.0,3000,27099.320711
29.0,3000,27101.656403
23.23,2823,27103.833275
30.0,3000,27106.132179
27.0,3000,27108.434177
29.0,3000,27113.463217
30.0,3000,27120.271798
30.0,3000,27125.061164
24.64,2664,27129.60343
16.41,2141,27133.676903
29.0,3000,27140.376533
29.0,3000,27145.164923
30.0,3000,27151.832158
29.0,3000,27156.610023
28.0,3000,27163.196081
30.0,3000,27167.850332
28.0,3000,27174.516991
28.0,3000,27179.147186
26.0,3000,27185.779274
28.0,3000,27190.649747
28.0,3000,27197.233032
27.0,3000,27201.969529
30.0,3000,27208.597514
28.0,3000,27213.347365
29.0,3000,27218.187076
30.0,3000,27224.994989
28.0,3000,27229.736642
29.0,3000,27236.334843
30.0,3000,27241.154337
27.0,3000,27248.029719
27.0,3000,27252.777332
29.0,3000,27259.386235
15.04,2004,27263.180759
29.0,3000,27267.971611
31.0,3000,27274.586201
31.0,3000,27279.564356
31.0,3000,27286.230224
29.0,3000,27291.010088
28.0,3000,27295.784983
28.0,3000,27300.216571
30.0,3000,27302.521592
26.0,3000,27304.845663
28.0,3000,27307.145673
27.0,3000,27309.478489
29.0,3000,27311.849895
29.0,3000,27314.173025
30.0,3000,27316.501561
29.0,3000,27318.872646
30.0,3000,27321.200412
28.0,3000,27323.503657
28.0,3000,27325.832224
29.0,3000,27328.118692
28.0,3000,27330.466094
29.0,3000,27332.776654
28.0,3000,27335.087653
29.0,3000,27337.393909
28.0,3000,27339.690281
28.0,3000,27342.003187
26.0,3000,27344.363888
30.0,3000,27346.679663
28.0,3000,27348.99633
30.0,3000,27351.287918
30.0,3000,27353.64974
30.0,3000,27355.975404
28.0,3000,27358.312637
30.0,3000,27360.623002
30.0,3000,27362.956203
28.0,3000,27365.332833
30.0,3000,27367.722269
29.0,3000,27370.01653
29.0,3000,27372.358558
26.0,3000,27374.662053
30.0,3000,27376.977093
30.0,3000,27379.297192
29.0,3000,27381.617722
29.0,3000,27383.947071
28.0,3000,27386.255594
29.0,3000,27388.558076
28.0,3000,27390.903998
32.0,3000,27393.212019
28.0,3000,27395.527766
27.0,3000,27397.863341
27.0,3000,27400.164479
26.0,3000,27402.52135
29.0,3000,27404.838312
29.0,3000,27407.181264
31.0,3000,27409.470748
27.0,3000,27411.758406
28.0,3000,27414.069596
31.0,3000,27416.395656
29.0,3000,27418.666798
29.0,3000,27420.980184
27.0,3000,27423.322471
30.0,3000,27425.656933
30.0,3000,27427.987008
29.0,3000,27430.315264
30.0,3000,27432.664425
31.0,3000,27434.990023
29.0,3000,27437.308271
29.0,3000,27439.686005
27.0,3000,27442.000767
28.0,3000,27444.353045
29.0,3000,27446.668493
27.0,3000,27448.977898
29.0,3000,27451.285461
28.0,3000,27453.634609
29.0,3000,27455.970652
30.0,3000,27458.294592
28.0,3000,27460.615042
29.0,3000,27462.947825
31.0,3000,27465.245517
29.0,3000,27467.593475
30.0,3000,27469.932249
29.0,3000,27472.23376
28.0,3000,27474.547644
27.0,3000,27476.892822
30.0,3000,27479.219417
27.0,3000,27481.54976
26.0,3000,27483.869339
29.0,3000,27486.215018
28.0,3000,27488.559272
30.0,3000,27490.867632
31.0,3000,27493.166153
27.0,3000,27495.481718
30.0,3000,27497.782409
29.0,3000,27500.067295
27.0,3000,27502.345704
30.0,3000,27504.628126
29.0,3000,27507.010044
31.0,3000,27509.284847
29.0,3000,27511.614257
31.0,3000,27513.911367
26.0,3000,27516.268371
29.0,3000,27518.55461
30.0,3000,27520.85094
28.0,3000,27523.1644
30.0,3000,27525.526404
28.0,3000,27527.879508
30.0,3000,27530.181504
26.0,3000,27535.154387
28.0,3000,27539.867905
7.83,1283,27542.998412
27.0,3000,27549.725638
29.0,3000,27554.502711
26.0,3000,27559.196305
28.0,3000,27565.871438
30.0,3000,27570.537785
28.0,3000,27577.18948
25.01,2901,27582.125417
29.0,3000,27588.7683
30.0,3000,27593.515291
27.0,3000,27600.033773
28.0,3000,27604.786476
29.0,3000,27611.6657
29.0,3000,27616.387965
28.0,3000,27623.137349
29.0,3000,27627.920778
28.0,3000,27632.632804
21.65,2665,27638.947843
27.0,3000,27643.700754
28.0,3000,27650.63433
7.78,1278,27651.870229
28.0,3000,27658.583041
26.0,3000,27663.385388
28.0,3000,27670.033775
26.0,3000,27674.770669
28.0,3000,27681.612048
26.0,3000,27686.549842
30.0,3000,27693.237632
14.52,1952,27697.001806
28.0,3000,27701.771249
27.0,3000,27706.535162
30.0,3000,27713.13444
30.0,3000,27720.164366
29.0,3000,27722.502162
29.0,3000,27724.872987
30.0,3000,27727.217336
29.0,3000,27729.570452
29.0,3000,27731.923724
27.0,3000,27734.286727
29.0,3000,27736.605391
29.0,3000,27738.920212
29.0,3000,27741.251785
30.0,3000,27743.621326
31.0,3000,27745.942211
30.0,3000,27748.36955
27.0,3000,27750.82036
31.0,3000,27753.200767
28.0,3000,27755.597304
27.0,3000,27757.917022
30.0,3000,27760.306043
27.0,3000,27762.613065
29.0,3000,27764.917293
30.0,3000,27767.249112
29.0,3000,27769.582482
32.0,3000,27771.867794
30.0,3000,27774.202513
30.0,3000,27776.509376
29.0,3000,27778.841569
29.0,3000,27781.153322
30.0,3000,27783.497334
29.0,3000,27785.855632
29.0,3000,27788.170496
29.0,3000,27790.489831
32.0,3000,27792.812117
30.0,3000,27795.15171
29.0,3000,27797.484655
27.0,3000,27799.847027
29.0,3000,27802.173892
30.0,3000,27804.53522
30.0,3000,27806.818891
28.0,3000,27809.142147
30.0,3000,27811.534292
29.0,3000,27813.876111
29.0,3000,27816.218722
31.0,3000,27818.537551
30.0,3000,27820.852175
31.0,3000,27823.1895
31.0,3000,27825.465134
29.0,3000,27827.797442
27.0,3000,27830.090698
28.0,3000,27832.417286
29.0,3000,27834.746056
30.0,3000,27837.026332
29.0,3000,27839.32925
30.0,3000,27841.703365
30.0,3000,27844.037232
28.0,3000,27846.399736
29.0,3000,27848.684904
29.0,3000,27850.966404
30.0,3000,27853.259886
27.0,3000,27855.551839
29.0,3000,27857.850059
29.0,3000,27860.155369
30.0,3000,27862.449323
30.0,3000,27864.709233
29.0,3000,27867.047738
30.0,3000,27869.33873
28.0,3000,27871.666925
29.0,3000,27873.982077
30.0,3000,27876.270413
31.0,3000,27878.970689
28.0,3000,27881.577856
29.0,3000,27883.847355
29.0,3000,27886.185896
29.0,3000,27888.482992
29.0,3000,27890.771858
27.0,3000,27893.085087
28.0,3000,27895.886353
27.0,3000,27898.744315
30.0,3000,27901.619171
30.0,3000,27904.649941
30.0,3000,27907.519608
31.0,3000,27909.852581
27.0,3000,27912.202677
29.0,3000,27914.616582
27.0,3000,27916.950105
30.0,3000,27919.262806
28.0,3000,27921.574294
28.0,3000,27924.16555
30.0,3000,27926.716025
28.0,3000,27929.019562
29.0,3000,27931.42174
28.0,3000,27933.844769
28.0,3000,27936.13257
31.0,3000,27938.47072
28.0,3000,27941.375179
29.0,3000,27943.946594
30.0,3000,27946.548976
29.0,3000,27948.88423
30.0,3000,27951.185923
30.0,3000,27953.537315
30.0,3000,27955.83962
29.0,3000,27962.920024
31.0,3000,27967.768946
30.0,3000,27974.436622
27.0,3000,27979.250673
26.0,3000,27985.817611
30.0,3000,27990.515414
28.0,3000,27997.138362
28.0,3000,28001.910768
29.0,3000,28008.612876
29.0,3000,28013.346908
28.0,3000,28018.053566
31.0,3000,28024.671833
32.0,3000,28029.448035
29.0,3000,28036.061034
31.0,3000,28040.817376
31.0,3000,28047.49349
28.0,3000,28052.25654
30.0,3000,28058.875863
29.0,3000,28063.532593
30.0,3000,28070.226005
28.0,3000,28075.045073
29.0,3000,28081.667448
29.0,3000,28086.413075
30.0,3000,28093.070382
28.0,3000,28097.827497
28.0,3000,28102.469856
27.0,3000,28109.072318
28.0,3000,28113.772479
30.0,3000,28120.309942
30.0,3000,28125.06907
28.0,3000,28131.659665
30.0,3000,28136.352447
26.0,3000,28142.939739
31.0,3000,28146.13901
30.0,3000,28148.496275
30.0,3000,28150.790981
32.0,3000,28153.094619
27.0,3000,28155.393247
29.0,3000,28157.694933
30.0,3000,28160.011718
15.04,2004,28161.517811
29.0,3000,28163.839298
29.0,3000,28166.133425
30.0,3000,28168.427177
28.0,3000,28170.717782
28.0,3000,28172.998664
27.0,3000,28175.34845
29.0,3000,28177.645526
27.0,3000,28180.299022
31.0,3000,28182.571507
30.0,3000,28184.923237
30.0,3000,28187.232175
28.0,3000,28189.565803
30.0,3000,28191.870435
29.0,3000,28194.19412
28.0,3000,28196.486153
29.0,3000,28198.779912
29.0,3000,28201.069803
30.0,3000,28203.436566
28.0,3000,28205.78713
31.0,3000,28208.096762
30.0,3000,28210.504077
28.0,3000,28212.828043
27.0,3000,28215.275108
28.0,3000,28217.68945
29.0,3000,28219.998228
29.0,3000,28222.310733
28.0,3000,28224.589133
30.0,3000,28226.866364
31.0,3000,28229.185619
29.0,3000,28231.529348
28.0,3000,28233.92987
31.0,3000,28236.274883
31.0,3000,28238.584405
27.0,3000,28240.917305
10.89,1589,28242.116243
30.0,3000,28244.423233
28.0,3000,28246.810012
30.0,3000,28249.09499
30.0,3000,28251.376456
28.0,3000,28253.692447
30.0,3000,28255.984819
29.0,3000,28258.291681
29.0,3000,28260.561326
28.0,3000,28262.82548
29.0,3000,28265.112062
30.0,3000,28267.478051
28.0,3000,28269.797809
30.0,3000,28272.109998
28.0,3000,28274.387481
27.0,3000,28276.695832
30.0,3000,28278.983573
27.0,3000,28281.277903
30.0,3000,28283.534917
29.0,3000,28285.836195
30.0,3000,28288.108653
30.0,3000,28290.397441
29.0,3000,28292.696166
26.0,3000,28294.950874
30.0,3000,28297.225697
28.0,3000,28299.476281
28.0,3000,28301.78241
30.0,3000,28304.070549
29.0,3000,28306.500896
28.0,3000,28308.771631
29.0,3000,28311.08018
28.0,3000,28313.345987
31.0,3000,28315.646697
27.0,3000,28317.928336
29.0,3000,28320.469086
32.0,3000,28322.752699
28.0,3000,28325.102144
29.0,3000,28327.577761
31.0,3000,28329.889214
27.0,3000,28332.211913
27.0,3000,28334.485377
30.0,3000,28336.824128
28.0,3000,28339.137404
30.0,3000,28341.407839
28.0,3000,28343.671936
27.0,3000,28345.946292
28.0,3000,28348.285149
30.0,3000,28350.595169
27.0,3000,28352.87947
29.0,3000,28355.149032
30.0,3000,28357.447876
28.0,3000,28359.740541
26.0,3000,28362.016196
30.0,3000,28364.32832
30.0,3000,28366.61944
29.0,3000,28368.899329
30.0,3000,28371.213169
31.0,3000,28373.492953
27.0,3000,28380.330508
25.81,2881,28385.056406
28.0,3000,28391.770344
28.0,3000,28396.571255
30.0,3000,28401.277633
30.0,3000,28407.987638
29.0,3000,28412.778736
29.0,3000,28419.518566
29.0,3000,28424.244136
29.0,3000,28431.17741
28.0,3000,28435.912289
30.0,3000,28442.551896
30.0,3000,28447.453071
27.0,3000,28454.922342
30.0,3000,28458.625879
28.0,3000,28462.993608
28.0,3000,28465.931587
30.0,3000,28469.965107
27.0,3000,28472.828902
29.0,3000,28475.67641
28.0,3000,28479.554176
28.0,3000,28482.232489
29.0,3000,28486.233966
29.0,3000,28489.056762
29.0,3000,28492.890712
28.0,3000,28495.675905
28.0,3000,28499.517517
29.0,3000,28502.318843
28.0,3000,28506.194336
29.0,3000,28508.946494
29.0,3000,28512.826517
28.0,3000,28515.695734
30.0,3000,28518.41207
27.0,3000,28521.530894
30.0,3000,28522.877884
27.0,3000,28524.208077
26.0,3000,28525.573739
29.0,3000,28526.939479
31.0,3000,28528.41085
29.0,3000,28529.759208
26.0,3000,28531.097372
29.0,3000,28533.280653
28.0,3000,28534.686705
28.0,3000,28536.044156
29.0,3000,28537.382702
26.0,3000,28538.722649
27.0,3000,28540.06121
27.0,3000,28541.497118
29.0,3000,28542.849561
31.0,3000,28544.198516
29.0,3000,28545.544193
30.0,3000,28546.904747
29.0,3000,28548.251129
27.0,3000,28549.59969
30.0,3000,28550.937605
26.0,3000,28552.374561
29.0,3000,28553.717785
30.0,3000,28555.107226
31.0,3000,28556.489339
29.0,3000,28557.837594
29.0,3000,28559.180529
28.0,3000,28560.525195
30.0,3000,28561.889045
28.0,3000,28563.235063
26.0,3000,28564.609396
28.0,3000,28565.956866
29.0,3000,28567.311666
31.0,3000,28568.65907
27.0,3000,28570.019627
30.0,3000,28571.38401
30.0,3000,28572.80381
29.0,3000,28574.135978
28.0,3000,28575.484181
28.0,3000,28576.827804
27.0,3000,28578.174265
24.75,2975,28579.499085
27.0,3000,28580.839351
29.0,3000,28582.17059
29.0,3000,28583.526284
26.0,3000,28584.88589
27.0,3000,28586.23068
29.0,3000,28587.572839
29.0,3000,28588.959116
28.0,3000,28590.307403
27.0,3000,28591.680773
18.4,2340,28592.786291
29.0,3000,28594.145278
28.0,3000,28595.481365
30.0,3000,28596.839644
29.0,3000,28598.177662
29.0,3000,28599.509286
30.0,3000,28600.841869
28.0,3000,28602.213082
30.0,3000,28603.62487
29.0,3000,28605.060434
29.0,3000,28606.43264
28.0,3000,28607.811401
27.0,3000,28609.147672
30.0,3000,28610.483969
30.0,3000,28611.821312
29.0,3000,28613.212728
29.0,3000,28614.530576
29.0,3000,28615.927791
29.0,3000,28617.255073
29.0,3000,28618.600758
27.0,3000,28619.991175
27.0,3000,28621.340692
28.0,3000,28622.788834
26.0,3000,28624.152756
28.0,3000,28625.52037
29.0,3000,28626.893674
28.0,3000,28628.286183
31.0,3000,28629.62836
28.0,3000,28630.948608
27.0,3000,28632.293768
30.0,3000,28633.640819
27.0,3000,28634.973452
28.0,3000,28636.317741
28.0,3000,28637.661629
29.0,3000,28639.012489
28.0,3000,28640.349516
27.0,3000,28641.697513
27.0,3000,28643.035181
27.0,3000,28644.385667
30.0,3000,28645.725879
30.0,3000,28647.072407
27.0,3000,28648.4096
29.0,3000,28649.818568
30.0,3000,28651.173478
29.0,3000,28652.522682
29.0,3000,28653.869575
27.0,3000,28655.199219
30.0,3000,28656.534764
29.0,3000,28659.550049
29.0,3000,28663.506951
30.0,3000,28666.265334
31.0,3000,28670.312174
29.0,3000,28673.081846
29.0,3000,28677.003353
29.0,3000,28679.741035
29.0,3000,28683.691289
28.0,3000,28686.491815
29.0,3000,28690.310686
27.0,3000,28693.04677
28.0,3000,28697.144059
26.0,3000,28700.008657
29.0,3000,28703.94555
14.55,1955,28705.02286
26.0,3000,28708.872295
27.0,3000,28711.652447
30.0,3000,28715.595967
27.0,3000,28718.348152
29.0,3000,28722.276478
30.0,3000,28725.068585
31.0,3000,28728.977564
31.0,3000,28731.764727
30.0,3000,28735.713315
30.0,3000,28738.486749
26.0,3000,28742.3897
29.0,3000,28745.175334
29.0,3000,28749.036314
28.0,3000,28751.771637
30.0,3000,28754.564623
30.0,3000,28758.598122
29.0,3000,28761.359303
28.0,3000,28765.258519
27.0,3000,28768.848744
29.0,3000,28770.186452
29.0,3000,28771.541883
30.0,3000,28773.052648
29.0,3000,28774.39115
28.0,3000,28775.74188
29.0,3000,28777.068354
29.0,3000,28778.405943
24.53,2953,28779.724202
27.0,3000,28781.113869
27.0,3000,28782.452927
27.0,3000,28783.858547
29.0,3000,28785.207579
31.0,3000,28786.627897
28.0,3000,28787.982637
31.0,3000,28789.329368
28.0,3000,28790.667898
29.0,3000,28792.005289
30.0,3000,28793.481659
29.0,3000,28794.863819
30.0,3000,28796.197529
29.0,3000,28797.57426
17.49,2149,28798.532028
29.0,3000,28799.952335
29.0,3000,28801.280051
30.0,3000,28803.289425
29.0,3000,28805.125964
26.0,3000,28806.677997
30.0,3000,28808.252093
29.0,3000,28809.752919
29.0,3000,28811.237388
29.0,3000,28812.828847
28.0,3000,28814.474341
29.0,3000,28816.069347
30.0,3000,28817.615518
29.0,3000,28819.18163
29.0,3000,28820.674635
30.0,3000,28822.185527
29.0,3000,28823.700817
30.0,3000,28825.208865
28.0,3000,28826.825126
28.0,3000,28828.467638
28.0,3000,28830.151065
29.0,3000,28831.688628
29.0,3000,28833.058814
29.0,3000,28834.429076
26.0,3000,28835.775978
29.0,3000,28837.196504
29.0,3000,28838.672065
28.0,3000,28840.167082
29.0,3000,28841.675922
27.0,3000,28843.295847
30.0,3000,28844.815675
30.0,3000,28846.321522
29.0,3000,28847.823783
29.0,3000,28849.332236
28.0,3000,28850.913954
30.0,3000,28852.428714
29.0,3000,28853.99781
30.0,3000,28855.522354
29.0,3000,28857.121907
28.0,3000,28858.634615
29.0,3000,28860.187022
31.0,3000,28861.716979
29.0,3000,28863.220416
28.0,3000,28864.731333
28.0,3000,28866.22493
29.0,3000,28867.702329
27.0,3000,28869.17573
29.0,3000,28870.640177
28.0,3000,28872.052808
30.0,3000,28873.465274
28.0,3000,28874.881044
30.0,3000,28876.370707
29.0,3000,28877.807456
28.0,3000,28879.259367
27.0,3000,28880.717109
29.0,3000,28882.174668
31.0,3000,28883.591388
31.0,3000,28885.013467
28.0,3000,28886.528685
30.0,3000,28887.953464
28.0,3000,28889.405687
29.0,3000,28890.881921
30.0,3000,28892.322843
31.0,3000,28893.78416
27.0,3000,28895.245933
30.0,3000,28896.697607
30.0,3000,28898.144248
28.0,3000,28899.558923
28.0,3000,28900.983512
30.0,3000,28902.449707
31.0,3000,28903.911895
27.0,3000,28905.334777
26.0,3000,28906.777785
26.0,3000,28908.257491
28.0,3000,28909.752817
30.0,3000,28911.244293
29.0,3000,28913.022653
29.0,3000,28915.062763
30.0,3000,28919.062802
26.0,3000,28923.591873
29.0,3000,28930.178702
30.0,3000,28939.589624
29.0,3000,28943.804495
29.0,3000,28951.12114
30.0,3000,28955.12187
20.25,2525,28958.60867
27.0,3000,28963.167414
29.0,3000,28968.416911
27.0,3000,28973.299837
30.0,3000,28977.944072
27.0,3000,28983.921115
30.0,3000,28991.143758
29.0,3000,28996.147434
28.0,3000,29002.986037
26.0,3000,29009.61202
28.0,3000,29014.124098
28.0,3000,29019.330731
30.0,3000,29026.016428
27.0,3000,29030.953893
28.0,3000,29035.941333
27.0,3000,29040.003899
30.0,3000,29045.761082
29.0,3000,29050.166895
29.0,3000,29055.902164
28.0,3000,29059.954199
20.34,2534,29062.896875
29.0,3000,29069.348161
28.0,3000,29072.853494
31.0,3000,29078.295825
30.0,3000,29082.158669
30.0,3000,29087.696364
19.36,2436,29091.734046
29.0,3000,29093.25949
28.0,3000,29096.156752
28.0,3000,29098.212537
27.0,3000,29099.988193
27.0,3000,29101.884692
31.0,3000,29103.85577
29.0,3000,29105.712109
26.0,3000,29107.441151
30.0,3000,29109.128777
30.0,3000,29111.197958
28.0,3000,29112.740162
30.0,3000,29114.356764
30.0,3000,29117.590874
29.0,3000,29119.484865
28.0,3000,29121.006202
29.0,3000,29122.581749
28.0,3000,29124.300901
29.0,3000,29125.885576
29.0,3000,29127.50233
26.0,3000,29129.385681
28.0,3000,29130.956778
27.0,3000,29132.683597
29.0,3000,29134.224583
28.0,3000,29135.789192
30.0,3000,29137.3228
20.93,2593,29138.770433
27.0,3000,29140.416394
27.0,3000,29142.120793
28.0,3000,29143.509999
27.0,3000,29144.873787
22.76,2676,29146.095463
29.0,3000,29147.537299
28.0,3000,29149.750162
30.0,3000,29151.828287
28.0,3000,29153.719147
26.0,3000,29155.444843
29.0,3000,29156.956843
29.0,3000,29158.730398
21.12,2612,29161.234397
24.94,2994,29163.119442
20.67,2467,29164.690492
28.0,3000,29166.574285
26.0,3000,29168.253814
27.0,3000,29170.559799
12.51,1751,29172.012744
21.32,2632,29173.951205
27.0,3000,29175.491819
28.0,3000,29177.074224
26.0,3000,29179.494144
27.0,3000,29181.749154
26.0,3000,29184.358215
28.0,3000,29186.390787
27.0,3000,29187.816795
29.0,3000,29189.406841
28.0,3000,29190.934196
29.0,3000,29192.526182
28.0,3000,29193.959163
25.23,2923,29195.331225
27.0,3000,29196.745166
27.0,3000,29198.68617
26.0,3000,29200.320215
29.0,3000,29202.016103
27.0,3000,29203.645854
30.0,3000,29205.266215
27.0,3000,29207.237841
30.0,3000,29209.470729
26.0,3000,29211.478834
28.0,3000,29213.46582
27.0,3000,29215.416847
26.0,3000,29217.410865
29.0,3000,29219.099882
28.0,3000,29221.363525
28.0,3000,29223.204008
28.0,3000,29225.499911
28.0,3000,29228.350775
27.0,3000,29230.244142
19.86,2386,29233.686654
18.16,2116,29235.220696
27.0,3000,29237.076849
19.55,2455,29238.833165
18.1,2210,29240.481166
28.0,3000,29241.863049
28.0,3000,29243.238399
26.0,3000,29244.616507
20.04,2504,29245.764979
28.0,3000,29247.16454
29.0,3000,29248.545151
11.46,1646,29249.329636
31.0,3000,29250.758437
28.0,3000,29252.179955
27.0,3000,29253.574112
28.0,3000,29254.912167
29.0,3000,29256.295413
28.0,3000,29257.64116
28.0,3000,29259.009099
29.0,3000,29260.376553
28.0,3000,29261.719082
29.0,3000,29263.180734
27.0,3000,29264.649226
30.0,3000,29267.682621
28.0,3000,29271.5674
29.0,3000,29274.416995
28.0,3000,29278.310432
28.0,3000,29281.113721
29.0,3000,29283.823383
28.0,3000,29287.842
31.0,3000,29290.539606
29.0,3000,29294.367486
30.0,3000,29297.139394
27.0,3000,29302.558195
29.0,3000,29305.872167
28.0,3000,29310.550668
29.0,3000,29313.838749
29.0,3000,29318.58275
28.0,3000,29321.826374
27.0,3000,29326.398336
29.0,3000,29329.642353
31.0,3000,29334.202671
28.0,3000,29337.494168
27.0,3000,29341.47771
30.0,3000,29345.942021
28.0,3000,29348.988097
20.03,2503,29354.921103
30.0,3000,29359.102616
28.0,3000,29365.850297
30.0,3000,29369.461649
31.0,3000,29372.922505
28.0,3000,29379.273854
26.0,3000,29383.039166
28.0,3000,29388.404052
26.0,3000,29392.882827
29.0,3000,29397.736663
28.0,3000,29402.205156
31.0,3000,29404.493454
27.0,3000,29407.627841
28.0,3000,29410.654503
27.0,3000,29414.947086
29.0,3000,29418.731603
29.0,3000,29421.646748
28.0,3000,29424.129889
28.0,3000,29426.400055
18.72,2372,29428.806993
29.0,3000,29430.642162
29.0,3000,29432.021787
26.0,3000,29433.376618
27.0,3000,29435.489607
28.0,3000,29437.34567
28.0,3000,29438.731447
28.0,3000,29440.107292
28.0,3000,29441.504784
26.0,3000,29443.351208
26.0,3000,29445.346604
21.14,2614,29446.756722
28.0,3000,29448.327745
22.42,2742,29450.136532
30.0,3000,29452.329865
28.0,3000,29454.696908
29.0,3000,29457.732676
27.0,3000,29459.407322
29.0,3000,29460.911604
28.0,3000,29462.355017
25.33,2933,29463.978429
29.0,3000,29466.168326
17.16,2216,29467.183479
22.89,2689,29468.620385
26.0,3000,29470.132583
13.53,1853,29471.016067
20.4,2540,29472.465766
29.0,3000,29474.519933
28.0,3000,29477.599141
27.0,3000,29479.778124
30.0,3000,29481.266286
28.0,3000,29483.261991
30.0,3000,29485.113392
27.0,3000,29486.80089
27.0,3000,29488.748732
26.0,3000,29490.316773
27.0,3000,29491.972461
22.03,2603,29493.339488
27.0,3000,29494.863118
27.0,3000,29496.487826
30.0,3000,29498.094771
29.0,3000,29499.706145
29.0,3000,29501.360151
28.0,3000,29503.250193
28.0,3000,29505.388062
28.0,3000,29507.443233
28.0,3000,29509.615531
12.26,1626,29510.731168
28.0,3000,29512.857186
28.0,3000,29514.882141
28.0,3000,29516.617572
27.0,3000,29518.408763
17.38,2238,29519.629993
17.81,2181,29520.831099
30.0,3000,29523.004297
27.0,3000,29525.113298
27.0,3000,29527.020866
29.0,3000,29528.719302
27.0,3000,29530.527377
19.99,2499,29531.948632
30.0,3000,29533.365079
28.0,3000,29535.345391
28.0,3000,29539.248391
27.0,3000,29542.347784
28.0,3000,29544.557573
28.0,3000,29546.580786
22.25,2725,29548.969553
16.48,2148,29550.027056
26.0,3000,29553.253742
30.0,3000,29556.532179
29.0,3000,29558.047487
28.0,3000,29560.624617
27.0,3000,29563.706091
30.0,3000,29566.624047
27.0,3000,29568.272895
30.0,3000,29570.561499
28.0,3000,29572.813214
28.0,3000,29574.638944
19.42,2442,29576.787362
27.0,3000,29579.539392
26.0,3000,29581.685554
27.0,3000,29583.855435
27.0,3000,29586.067315
27.0,3000,29587.74638
27.0,3000,29590.043162
29.0,3000,29591.566303
28.0,3000,29594.771421
27.0,3000,29598.391579
29.0,3000,29600.878107
21.11,2511,29602.755765
28.0,3000,29604.938598
27.0,3000,29608.777539
30.0,3000,29612.561535
28.0,3000,29618.155024
29.0,3000,29621.140851
28.0,3000,29626.889782
28.0,3000,29630.432002
31.0,3000,29637.30748
30.0,3000,29641.370346
28.0,3000,29647.247075
31.0,3000,29650.720844
29.0,3000,29655.320797
27.0,3000,29658.575843
27.0,3000,29663.234841
28.0,3000,29666.445139
30.0,3000,29669.759141
29.0,3000,29674.383124
28.0,3000,29677.605117
27.0,3000,29682.189114
29.0,3000,29685.465173
28.0,3000,29690.174768
27.0,3000,29693.448773
30.0,3000,29697.986431
28.0,3000,29701.323422
6.35,1135,29703.42642
29.0,3000,29706.746092
30.0,3000,29711.351088
26.0,3000,29714.622047
30.0,3000,29719.335054
27.0,3000,29722.648056
29.0,3000,29727.336317
29.0,3000,29730.597358
28.0,3000,29733.831316
26.0,3000,29738.343754
28.0,3000,29743.060301
30.0,3000,29744.636327
31.0,3000,29746.238552
29.0,3000,29747.814549
31.0,3000,29749.370552
29.0,3000,29750.951549
30.0,3000,29752.532549
28.0,3000,29754.093816
30.0,3000,29755.665789
30.0,3000,29757.252807
28.0,3000,29758.815842
29.0,3000,29760.404894
31.0,3000,29761.993825
28.0,3000,29763.593894
30.0,3000,29765.205031
30.0,3000,29766.783034
27.0,3000,29768.389048
31.0,3000,29769.963048
29.0,3000,29771.566071
29.0,3000,29773.151144
29.0,3000,29774.733413
29.0,3000,29776.32845
30.0,3000,29777.919527
30.0,3000,29779.513483
30.0,3000,29781.097485
30.0,3000,29782.684878
30.0,3000,29784.280782
30.0,3000,29785.851806
30.0,3000,29787.459953
31.0,3000,29789.04451
29.0,3000,29790.62652
31.0,3000,29792.23767
29.0,3000,29793.802671
29.0,3000,29795.410785
31.0,3000,29796.985811
30.0,3000,29798.580785
31.0,3000,29800.162809
30.0,3000,29801.742799
30.0,3000,29803.298826
30.0,3000,29804.878805
30.0,3000,29806.461804
30.0,3000,29808.043433
29.0,3000,29809.61539
29.0,3000,29811.186416
30.0,3000,29812.762462
30.0,3000,29814.346042
29.0,3000,29815.923042
29.0,3000,29817.515104
30.0,3000,29819.104128
29.0,3000,29820.694103
29.0,3000,29822.285143
29.0,3000,29823.882118
31.0,3000,29825.682151
31.0,3000,29827.676131
30.0,3000,29829.46013
31.0,3000,29831.070265
30.0,3000,29832.6722
30.0,3000,29834.416368
30.0,3000,29836.038173
30.0,3000,29837.63677
30.0,3000,29839.235779
28.0,3000,29840.814779
30.0,3000,29842.396779
30.0,3000,29843.987892
30.0,3000,29845.597879
31.0,3000,29847.20488
30.0,3000,29848.790969
30.0,3000,29850.365973
30.0,3000,29851.953083
31.0,3000,29853.734093
31.0,3000,29855.327502
29.0,3000,29856.913528
30.0,3000,29858.500604
31.0,3000,29860.077137
30.0,3000,29861.646185
29.0,3000,29863.21916
30.0,3000,29864.796661
29.0,3000,29866.375683
30.0,3000,29867.936687
31.0,3000,29869.52124
28.0,3000,29871.123615
32.0,3000,29872.695451
29.0,3000,29874.290808
29.0,3000,29875.871837
30.0,3000,29877.442804
28.0,3000,29879.030802
29.0,3000,29880.601799
30.0,3000,29882.178802
29.0,3000,29883.771802
30.0,3000,29885.384811
28.0,3000,29886.9898
30.0,3000,29888.586823
30.0,3000,29890.306818
29.0,3000,29891.88983
29.0,3000,29893.757834
31.0,3000,29895.383498
30.0,3000,29896.976524
29.0,3000,29898.564389
29.0,3000,29900.167414
31.0,3000,29901.740406
