#{"t_start": 1656969776.268565, "env_id": "SlimeVolley-v0"}
r,l,t
-5,678,0.581271
-5,526,0.903362
-5,502,1.514608
-5,440,3.204433
-5,530,3.562003
-5,816,4.220485
-5,549,4.535152
-5,456,6.184154
-5,405,6.57131
-5,639,7.056973
-5,640,9.417787
-4,706,9.985167
-5,586,10.377939
-5,678,10.980351
-5,530,13.261542
-5,458,13.528578
-5,621,13.919538
-5,641,15.988188
-5,566,16.388308
-5,436,16.705801
-5,509,17.103653
-4,928,19.392553
-5,726,19.997036
-5,527,20.312195
-5,890,22.224601
-4,557,22.601285
-5,595,22.939956
-5,488,24.836949
-5,493,25.139066
-4,728,25.561163
-5,434,25.837946
-5,585,28.008647
-5,751,28.872859
-4,820,29.421296
-5,551,31.344912
-5,609,31.754521
-4,554,32.182803
-5,769,34.221383
-5,560,34.644692
-5,517,34.945898
-5,633,36.993076
-5,635,37.531786
-5,651,38.057724
-5,538,38.457977
-5,614,40.249792
-5,992,40.956803
-4,782,42.8104
-5,485,43.08159
-5,480,43.3316
-5,557,43.873418
-5,508,45.218827
-5,572,45.575377
-5,427,45.934792
-5,498,46.309792
-5,618,47.908584
-4,725,48.355758
-5,502,48.652668
-5,507,48.918281
-5,599,50.403053
-5,556,50.686298
-4,587,50.983173
-4,730,52.360701
-5,523,52.626352
-5,704,52.985726
-5,588,54.488545
-5,496,54.756408
-4,919,55.256414
-4,726,56.814589
-5,475,57.095864
-5,612,57.395834
-5,521,57.661459
-5,560,59.133081
-5,392,59.336247
-5,447,59.570608
-5,694,59.914358
-5,625,61.251197
-5,531,61.516825
-5,541,61.801163
-5,738,63.148225
-5,600,63.476394
-4,665,63.820128
-5,508,64.070128
-5,473,65.438855
-4,703,65.80136
-5,556,66.082608
-5,527,67.335428
-5,722,67.726079
-5,490,67.976079
-5,608,68.28858
-5,684,69.898424
-5,643,70.30465
-5,602,70.758438
-5,555,72.195946
-4,548,72.522266
-4,1065,73.156367
-5,663,74.788546
-5,536,75.05417
-5,639,75.382268
-5,606,76.875296
-5,757,77.250306
-5,532,77.515919
-5,585,78.80011
-5,583,79.112641
-5,643,79.443917
-5,828,80.867933
-5,538,81.149227
-4,511,81.414837
-4,932,82.870929
-5,808,83.292835
-5,584,83.592812
-5,525,83.858444
-5,617,85.180878
-5,470,85.415252
-5,666,85.743379
-5,494,87.168089
-5,553,87.467994
-5,517,87.733655
-5,715,88.093031
-4,913,89.580765
-5,640,89.908889
-5,710,91.239174
-5,892,91.710972
-5,525,91.976596
-5,733,93.335784
-5,638,93.679544
-5,440,93.898283
-5,555,94.179534
-5,536,95.479386
-5,527,95.748134
-5,482,95.998136
-5,886,97.419
-5,615,97.747155
-5,508,98.012779
-5,855,99.421997
-5,702,99.800095
-5,799,100.209446
-5,542,101.486532
-5,421,101.720932
-4,914,102.189693
-5,564,102.474066
-3,871,103.914618
-5,556,104.195869
-5,705,104.551453
-5,617,105.866764
-5,592,106.179263
-5,434,106.382388
-5,564,107.700812
-5,817,108.15709
-5,465,108.391464
-5,542,108.657092
-4,1019,110.175621
-5,817,110.584846
-5,767,112.087842
-4,702,112.431607
-5,753,112.822223
-4,1070,114.372105
-4,727,114.731495
-4,853,116.156358
-5,731,116.531358
-5,833,117.109483
-5,583,117.359483
-4,722,117.656359
-5,475,117.859483
-5,701,118.156358
-5,638,118.421983
-5,711,118.718864
-5,727,119.018924
-5,565,119.268924
-5,612,119.527411
-4,924,119.91805
-5,709,120.214911
-5,874,120.593093
-5,828,120.936844
-5,515,121.155594
-5,575,121.389969
-5,444,121.57747
-5,529,121.814979
-4,963,122.205605
-3,1047,122.65873
-5,629,122.908732
-5,778,123.240113
-5,679,123.521366
-5,646,123.818238
-5,639,124.083863
-5,611,124.333866
-5,701,124.63376
-5,691,124.915025
-4,825,125.25876
-4,962,125.667954
-5,533,125.888695
-5,670,126.169934
-5,648,126.435556
-5,542,126.66993
-5,916,127.04493
-5,634,127.313707
-4,722,127.610583
-5,620,127.876213
-5,558,128.110582
-5,755,128.423097
-5,636,128.690715
-4,973,129.09698
-5,683,129.39384
-5,600,129.643841
-5,922,130.020888
-5,573,130.270888
-5,529,130.492802
-4,827,130.840634
-5,702,131.137509
-5,695,131.421898
-5,533,131.640647
-5,645,131.921904
-3,782,132.250023
-5,908,132.628233
-4,853,132.987608
-5,613,133.253236
-5,532,133.472
-5,915,133.862611
-5,517,134.209284
-5,446,134.396784
-5,515,134.615533
-5,795,134.943659
-5,525,135.162409
-4,870,135.524721
-5,990,135.946595
-4,757,136.259095
-4,842,136.61847
-5,651,136.887068
-5,611,137.137068
-4,1162,137.621443
-5,656,137.902693
-4,766,138.218138
-4,1020,138.655638
-5,642,138.921263
-5,770,139.233763
-5,630,139.502382
-5,626,139.768007
-5,571,140.002382
-5,617,140.252382
-5,893,140.63033
-4,746,140.945809
-5,544,141.180185
-5,778,141.492685
-5,679,141.773935
-5,940,142.167524
-5,670,142.448774
-5,545,142.683149
-5,680,142.964399
-5,875,143.339399
-5,547,143.561114
-5,680,143.842363
-5,803,144.186114
-5,585,144.420489
-5,659,144.701739
-4,1531,145.348407
-5,700,145.629665
-5,542,145.864038
-5,658,146.145321
-5,849,146.506773
-5,693,146.803648
-4,863,150.14352
-5,427,150.411335
-5,1059,151.051961
-5,538,152.563995
-5,606,152.876493
-5,454,153.098485
-4,641,154.492021
-5,548,154.791313
-5,507,155.056938
-5,557,155.338187
-5,742,156.703587
-4,639,157.062969
-5,416,157.268062
-5,531,157.549288
-5,447,158.895934
-5,737,159.270945
-5,618,159.583434
-5,768,160.964167
-5,742,161.342359
-5,455,161.561109
-5,1002,163.06393
-5,588,163.37643
-5,530,163.642058
-5,751,165.084927
-5,852,165.525615
-5,739,166.856565
-5,754,167.262852
-5,808,167.684728
-3,828,169.109439
-4,1031,169.642721
-5,771,171.101749
-5,749,171.492414
-5,874,171.945525
-4,944,173.495305
-5,683,173.839054
-5,695,174.182804
-5,481,175.529404
-5,660,175.857558
-5,534,176.154406
-5,1166,177.766672
-5,846,178.188533
-4,585,179.469754
-4,1102,180.047907
-5,790,180.441724
-5,476,181.676133
-5,590,182.019886
-5,750,182.394887
-5,661,183.754233
-5,686,184.09801
-4,598,184.41051
-5,587,185.744777
-5,786,186.153831
-5,587,186.450706
-5,750,187.812925
-5,719,188.175427
-5,578,188.472303
-5,523,189.709655
-5,627,190.040722
-5,499,190.290722
-5,738,190.668774
-5,770,192.062255
-5,650,192.39038
-5,636,192.721728
-5,788,194.115451
-5,890,194.552967
-5,579,195.837003
-5,706,196.212047
-4,1027,196.730077
-4,733,198.178028
-5,427,198.396783
-4,713,198.756156
-4,830,200.291007
-5,866,200.730516
-5,769,202.108642
-5,749,202.533394
-5,629,202.861519
-5,716,204.223696
-5,686,204.598729
-5,631,204.914198
-5,722,206.467086
-5,586,206.779616
-5,820,207.185866
-5,704,208.532426
-5,467,208.782454
-5,758,209.176212
-4,755,210.538406
-5,1052,211.08531
-5,656,211.41345
-5,918,212.94756
-4,770,213.341339
-5,530,213.606963
-5,681,214.953575
-5,787,215.359824
-3,860,216.787723
-5,674,217.147128
-5,504,217.400146
-5,753,218.777947
-5,747,219.184227
-5,699,219.5436
-5,696,220.908749
-4,848,221.349259
-5,748,221.724258
-4,955,223.211476
-5,662,223.539602
-5,744,224.870586
-3,1137,225.482918
-5,677,225.813658
-4,712,227.160293
-5,859,227.597792
-4,806,229.006881
-5,641,229.381908
-5,786,229.775679
-5,737,231.140837
-5,689,231.500242
-5,617,231.812756
-5,788,233.221789
-5,955,233.709232
-5,818,235.10266
-4,905,235.571433
-5,678,235.917272
-5,824,237.36417
-5,576,237.661074
-4,1133,239.211089
-5,811,239.648611
-5,545,239.914235
-5,1000,241.417142
-5,644,241.745295
-5,788,242.151561
-5,1037,243.69842
-5,777,244.089045
-5,534,245.354645
-5,736,245.748477
-5,774,246.139101
-5,703,247.467196
-4,950,247.967227
-5,476,248.201601
-5,776,249.576571
-5,858,250.017197
-5,999,250.517198
-5,851,250.860949
-5,793,251.204698
-5,671,251.489013
-5,669,251.770263
-5,553,251.989014
-4,876,252.364013
-5,703,252.660888
-5,794,252.99207
-5,638,253.257694
-5,582,253.507695
-5,567,253.742073
-4,880,254.104481
-5,564,254.354481
-5,624,254.604484
-5,842,254.963858
-5,628,255.229481
-5,670,255.513747
-5,515,255.732497
-5,933,256.107498
-5,511,256.326251
-5,943,256.7325
-5,616,256.985595
-5,607,257.235595
-5,746,257.548095
-5,677,257.829354
-5,860,258.191839
-5,827,258.535591
-5,676,258.83246
-5,869,259.191836
-4,793,259.522971
-5,621,259.788637
-5,707,260.085508
-5,542,260.304258
-4,1125,260.791766
-5,529,261.013632
-5,623,261.279257
-5,981,261.685507
-5,679,261.966771
-5,580,262.216757
-5,863,262.579324
-5,685,262.860574
-5,1084,263.329323
-5,626,263.597041
-5,831,263.940841
-5,975,264.362716
-5,700,264.659607
-5,603,264.909592
-5,824,265.255297
-5,799,265.599046
-5,738,265.914832
-5,752,266.227332
-5,585,266.480521
-4,883,266.857673
-3,950,267.263927
-5,647,267.529549
-5,636,267.798332
-5,481,268.001458
-5,489,268.204598
-4,800,268.548333
-5,657,268.829586
-5,800,269.160806
-5,750,269.48893
-5,683,269.77018
-5,748,270.08268
-5,948,270.492094
-4,653,270.759836
-5,867,271.13482
-5,653,271.400463
-5,539,271.63482
-5,529,271.856685
-5,974,272.262936
-4,841,272.62231
-5,780,272.950437
-5,670,273.233712
-5,606,273.483712
-5,712,273.780587
-4,1083,274.249337
-5,620,274.502495
-5,597,274.76817
-4,718,275.065044
-5,783,275.393171
-5,852,275.755751
-5,866,276.115129
-2,1308,276.677624
-5,802,277.005753
-5,738,277.321413
-4,1049,277.758894
-5,821,278.118265
-4,1294,278.651541
-5,850,279.010917
-4,738,279.323418
-5,758,279.651541
-5,829,279.997386
-5,739,280.309881
-5,794,280.638006
-3,1208,281.156836
-5,854,281.519406
-5,724,281.816281
-5,441,282.003782
-5,1212,283.808461
-4,766,284.217736
-4,859,285.642479
-5,722,286.036101
-5,630,286.360877
-5,905,287.8325
-5,702,288.194878
-5,1238,289.82276
-4,739,290.213408
-4,840,290.650909
-5,612,291.96931
-5,722,292.347536
-5,637,292.69129
-5,962,294.209728
-5,556,294.490977
-5,565,294.772227
-5,672,296.200014
-5,594,296.499855
-5,457,296.73423
-5,615,297.031105
-4,836,298.474417
-4,604,298.786915
-5,632,299.099416
-4,663,300.450523
-5,913,300.922202
-5,837,302.331284
-5,829,302.768814
-5,617,303.081314
-5,1211,304.771646
-5,531,305.052896
-5,624,306.352649
-5,1051,306.899548
-5,751,307.274549
-4,740,308.680798
-5,728,309.055798
-4,888,310.477648
-4,767,310.886862
-5,724,311.246238
-5,765,312.63686
-5,835,313.074391
-5,666,313.41814
-5,1078,314.949395
-5,866,315.386907
-5,647,316.714985
-5,816,317.141423
-5,593,317.438312
-5,689,318.816131
-5,611,319.128632
-5,1321,320.806747
-5,1277,321.463034
-5,586,322.762747
-5,885,323.231523
-5,719,323.590898
-5,644,324.922154
-5,769,325.316027
-5,755,325.691013
-5,681,327.040767
-5,508,327.290757
-5,915,327.759502
-5,845,329.281919
-4,857,329.719421
-5,902,331.216459
-5,651,331.544612
-5,997,332.060249
-5,724,333.422596
-5,683,333.766346
-5,869,335.22526
-5,995,335.740915
-5,731,336.11908
-5,1077,337.653146
-5,830,338.075021
-5,742,339.458042
-5,992,339.958042
-5,837,341.354529
-4,903,341.826091
-4,888,343.235225
-5,805,343.657098
-4,733,344.032098
-5,681,345.729225
-5,641,346.091913
-5,779,346.48254
-5,1079,348.299079
-4,703,348.66318
-5,715,349.022596
-5,557,350.373364
-5,984,350.873363
-5,858,352.298457
-5,715,352.661083
-5,1256,354.304502
-5,998,354.8259
-5,812,356.242677
-5,582,356.605115
-5,815,357.014571
-5,945,358.486087
-5,832,358.907991
-5,711,359.270407
-5,986,360.873479
-5,561,361.17247
-4,799,362.550262
-5,814,362.972163
-5,612,363.287718
-5,750,364.66552
-5,705,365.040519
-4,1056,365.57686
-5,688,366.92357
-5,1017,367.442367
-5,979,368.929555
-5,902,369.38268
-5,1108,371.185424
-5,1019,371.704027
-4,1210,373.659996
-5,990,374.159997
-5,1196,375.772535
-5,892,376.228053
-5,1489,377.980917
-5,716,378.343488
-5,855,379.755795
-4,1135,380.333919
-5,966,381.805664
-5,834,382.227538
-5,644,383.527407
-5,735,383.921137
-5,756,384.249263
-5,746,384.561762
-5,975,384.968012
-5,830,385.314858
-5,580,385.564859
-5,775,385.892984
-5,581,386.13026
-5,983,386.539649
-5,1272,387.070881
-3,1652,387.758381
-5,827,388.105203
-5,936,388.495829
-5,1092,388.948954
-5,1189,389.452033
-5,1009,389.873907
-5,1043,390.31141
-5,672,390.595761
-4,1164,391.083303
-5,724,391.380163
-5,1278,391.911413
-5,829,392.258164
-5,787,392.601914
-5,809,392.930039
-4,1034,393.370617
-5,1140,393.839373
-4,893,394.214366
-5,635,394.479993
-4,675,394.764296
-5,1504,395.389285
-5,905,395.764281
-5,746,396.079872
-5,787,396.407996
-5,1029,396.845511
-5,506,397.04862
-5,619,397.314245
-5,1207,397.817321
-5,1031,398.254826
-5,853,398.629821
-5,1290,399.164037
-5,1051,399.601537
-4,682,399.882787
-5,859,400.245288
-5,451,400.432787
-5,1041,400.870286
-4,1337,401.435736
-5,990,401.845046
-5,808,402.188797
-5,790,402.516922
-5,1003,402.9419
-5,534,403.160649
-4,1238,403.676275
-4,665,403.957539
-5,998,404.366868
-4,1058,404.898118
-5,942,405.288743
-5,1051,405.745073
-5,901,406.123407
-5,933,406.514027
-5,1150,407.001478
-5,577,407.235838
-5,540,407.470228
-5,998,407.892088
-5,1045,408.335991
-5,974,408.742246
-5,833,409.08599
-5,892,409.476618
-4,697,409.760962
-5,857,410.120337
-4,695,410.417213
-5,655,410.698462
-5,1167,411.185927
-5,1008,411.607802
-5,706,411.904677
-4,976,412.314009
-5,719,412.62651
-5,1391,413.204635
-5,1070,413.657759
-4,1195,414.17645
-5,773,414.504572
-5,920,414.879573
-5,1043,415.320165
-5,856,415.67954
-5,959,416.08579
-5,783,416.417408
-4,1097,416.889194
-5,845,417.248569
-5,1171,417.736076
-5,1026,418.176849
-5,839,418.520599
-5,1097,418.989348
-5,829,419.336121
-5,597,419.586118
-5,740,419.898617
-5,746,420.211118
-5,728,420.52362
-5,1322,421.089199
-5,576,421.326826
-5,819,421.670562
-5,818,422.017804
-5,801,422.361553
-5,1028,422.887085
-5,794,424.372555
-5,795,424.906797
-5,1001,426.53475
-5,618,426.847251
-5,984,428.307841
-5,1051,428.873559
-5,793,429.279809
-3,1599,431.063911
-5,1161,432.663471
-5,1300,433.32271
-5,890,434.763053
-5,604,435.075553
-4,755,436.409719
-5,751,436.815948
-5,1169,437.397063
-5,1356,439.106195
-3,1280,440.734058
-5,1071,441.283974
-5,1059,442.802425
-5,973,443.302425
-5,1281,444.935259
-5,1362,446.613354
-5,1031,447.160262
-5,1058,448.675856
-4,1715,449.566508
-2,1608,451.36649
-5,1355,453.05399
-4,951,453.522755
-5,1212,455.132117
-5,753,455.522743
-5,1400,457.228806
-4,1315,458.98159
-4,1337,459.669132
-4,1855,461.628338
-4,896,463.065808
-5,909,463.534588
-5,1080,465.053173
-5,966,465.553202
-5,932,466.021951
-5,1069,467.553201
-5,849,467.990701
-5,1766,469.899982
-5,1282,471.540607
-5,1196,473.134329
-2,1539,473.946858
-5,1477,475.715399
-5,1275,477.343231
-4,1370,478.049554
-5,1653,479.883638
-4,1693,481.745811
-4,1092,482.310271
-5,2000,484.328725
-5,1577,486.115657
-5,770,487.478138
-5,1028,488.012237
-5,1725,489.877443
-5,1828,491.786798
-5,1841,493.711493
-4,1991,495.698917
-5,2081,497.801834
-5,1874,499.7429
-5,1265,500.39915
-4,3000,503.899147
-5,1654,504.746099
-4,1113,506.371101
-5,2899,508.824225
-2,3000,512.346209
-4,1870,514.268085
-5,1169,514.86387
-4,2175,516.941996
-5,1565,518.743529
-5,2206,520.840362
-5,1757,523.110963
-5,1710,523.829713
-5,2092,524.723482
-4,1439,525.317233
-5,1724,526.053633
-5,2345,527.038008
-5,2002,527.88499
-5,1745,528.621329
-4,2561,529.702476
-4,1837,530.47125
-5,1661,531.174374
-4,1701,531.896331
-5,2475,532.946387
-5,1425,533.540138
-5,1200,534.042158
-5,1586,534.717055
-5,2132,535.626428
-5,1471,536.235804
-5,1536,536.895233
-5,1632,537.582733
-5,2215,538.523437
-3,3000,539.779885
-5,1450,540.404885
-5,1779,541.157963
-4,3000,542.42668
-5,1673,543.129819
-5,2692,544.273505
-5,1786,545.045424
-4,1793,545.795429
-4,2120,546.689199
-5,1769,547.439199
-5,2393,548.459131
-5,648,548.740114
-5,2743,549.886653
-4,1637,550.577092
-5,1306,551.123967
-3,3000,552.376949
-5,1257,552.9082
-5,1141,553.380112
-5,1395,553.973863
-5,1475,554.586387
-5,1364,555.166611
-5,2057,556.029144
-4,1796,556.779144
-3,3000,558.03223
-5,2749,559.190495
-4,2764,560.349963
-4,2936,561.571822
-5,1574,562.243697
-4,1488,562.856252
-5,830,563.200001
-3,1603,563.8719
-4,2129,564.782152
-5,1454,565.393543
-5,953,565.799795
-5,1451,566.409168
-3,1833,567.177947
-5,2278,568.149932
-4,3000,569.417601
-5,1480,570.047145
-5,2507,571.112835
-4,1249,571.628459
-2,3000,572.897201
-3,3000,574.164847
-5,1298,574.711737
-3,3000,575.996119
-4,2201,576.91995
-4,2546,578.00127
-5,1378,578.579394
-4,1723,579.315837
-5,1474,579.928444
-5,2360,580.9316
-5,1126,581.415975
-5,1667,582.106697
-4,1168,582.606697
-5,1107,583.078614
-5,1945,583.906748
-5,1344,584.472437
-5,1264,585.006654
-5,2007,585.853449
-5,1513,586.494075
-5,1376,587.072199
-5,1434,587.68462
-5,2747,588.843874
-5,1124,589.312625
-5,1533,589.956423
-4,2650,591.081424
-5,1588,591.7564
-4,2174,592.665709
-5,1707,593.40007
-5,1616,594.075016
-5,1564,594.731266
-5,1794,595.503357
-5,1282,596.050247
-5,2468,597.08463
-5,2367,598.08781
-5,1249,598.619062
-5,1138,599.103435
-5,2065,599.969106
-5,2339,600.955511
-3,3000,605.332696
-5,2414,607.737253
-4,2603,611.05874
-3,3000,613.674099
-2,3000,617.434662
-5,1336,618.122191
-4,3000,621.682117
-3,1700,623.588362
-4,1037,624.123116
-2,3000,627.615841
-2,2705,629.99087
-5,1708,631.850243
-4,2194,633.943995
-5,1741,635.818968
1,3000,638.363521
-4,3000,641.900826
-2,3000,644.435256
-3,3000,647.931435
-5,1518,648.728329
-5,1618,650.544055
-5,2750,652.937783
-5,2263,655.11695
-5,1875,657.138647
-5,1522,658.984307
-3,3000,662.502914
-1,3000,665.018573
-2,3000,668.477865
-4,2150,670.558982
-3,3000,673.158958
-3,3000,676.649523
-5,2441,678.921633
-4,3000,681.440277
-5,1976,683.4559
-5,2921,686.943563
-4,2946,689.446463
-2,3000,692.065608
1,3000,695.568446
-1,3000,698.087256
-4,3000,701.621612
-5,2273,704.371612
-3,3000,705.642246
-4,3000,706.910573
0,3000,708.178244
-4,2771,709.353263
-2,3000,710.606228
-5,1718,711.331094
-1,3000,712.581094
-5,2713,713.724741
-5,1727,714.446553
-5,1639,715.134054
-2,3000,716.390066
-5,2306,717.361803
-4,2227,718.286646
-5,2294,719.30026
-5,2646,720.459503
-5,2873,721.712439
-3,3000,723.027938
-5,1942,723.859113
-4,3000,725.112113
-4,2926,726.334004
-4,2533,727.39859
-5,1358,727.979901
-4,1667,728.667402
-4,1821,729.435049
-3,3000,730.688216
-4,3000,731.958857
-5,2148,732.865118
-3,3000,734.117088
-4,3000,735.385893
-5,1430,735.982749
1,3000,737.23275
-5,1533,737.876499
1,3000,739.144159
-5,1827,739.912288
-5,1166,740.398665
-5,2582,741.482965
-5,1899,742.279837
-5,2219,743.219346
-4,2541,744.283853
-1,3000,745.537077
-4,2335,746.540006
-4,2367,747.527471
-2,3000,748.796098
-3,2947,750.01796
-3,3000,751.285617
-5,2253,752.223117
-5,2256,753.316363
-5,1263,753.866236
-3,3000,755.134954
-4,3000,756.391025
-4,2088,757.266025
-4,1770,758.003443
-5,2995,759.256547
-5,2076,760.131547
-5,1794,760.887593
-5,1580,761.543842
-5,2945,762.781312
-5,2349,763.7688
-5,1522,764.409411
-3,2230,765.35002
-5,1024,765.771895
-1,3000,767.040609
-5,1420,767.63369
-5,2910,769.043226
-5,1870,769.874732
-5,2057,770.75638
-5,1453,771.459539
-5,2366,772.615805
-4,1563,773.371712
-4,2816,774.677956
-3,3000,775.996069
-4,1288,776.542943
-5,1825,777.311603
-5,2078,778.212011
-1,3000,779.488152
-5,1293,780.038019
-5,2966,781.291384
-5,1575,781.947648
-5,2100,782.841436
-1,3000,784.125822
-5,1725,784.86022
-5,1752,785.596607
-4,2703,786.743648
-5,1669,787.462399
-5,2814,788.653002
-5,1546,789.296618
-3,3000,790.549579
-5,1641,791.258565
-5,1797,792.026367
-5,1591,792.682617
-5,2045,793.545105
-5,2566,794.62633
-5,1767,795.360705
-5,2291,796.332617
-5,2142,797.223243
-5,1994,798.054395
-2,3000,799.323082
-5,2844,800.513673
-3,2990,801.769763
-3,3000,806.112889
-2,3000,809.656589
-2,3000,812.190862
-5,2098,814.256586
-5,2201,816.3694
-4,3000,819.890982
-1,3000,822.428023
-5,843,822.849898
-5,2930,826.327645
-4,3000,828.861844
-3,3000,832.480561
-1,3000,834.996186
-3,3000,838.517835
-5,1959,840.489417
-4,2118,842.555061
-5,1874,844.523782
-4,3000,847.089168
-3,3000,850.677733
-5,1708,851.554824
1,3000,855.073303
-3,3000,857.591787
-3,2698,860.986098
-5,2844,863.456854
-4,1177,865.050574
-1,3000,867.600522
-3,3000,871.107719
-3,2316,873.344995
-1,3000,875.848077
-1,3000,879.319804
-3,3000,881.838475
-4,2916,885.260322
-3,3000,887.781973
-4,3000,890.300432
-3,3000,893.834766
-5,2158,895.928514
-5,1565,897.715996
-4,2698,900.075355
-5,1200,903.062746
-5,978,903.468997
-5,570,903.70652
-4,648,903.987808
-5,1676,904.706561
-5,804,905.050307
-5,713,905.350465
-5,723,905.647324
-5,684,905.944199
-4,826,906.291187
-5,791,906.622335
-5,1686,907.341088
-5,1591,908.016041
-5,1527,908.664625
-5,1065,909.102125
-5,1016,909.542725
-5,1464,910.16774
-4,1250,910.686411
-5,1023,911.126919
-5,1061,911.580085
-5,953,911.973674
-5,1372,912.567421
-5,1164,913.054933
-5,788,913.386135
-4,1093,913.854902
-4,1119,914.323635
-5,688,914.620511
-5,1244,915.138218
-5,762,915.466359
-5,741,915.778859
-4,2226,916.723212
-5,1693,917.445033
-5,1083,917.898158
-5,1117,918.366907
-4,877,918.744995
-5,1200,919.244992
-5,722,919.557493
-4,1180,920.041873
-5,998,920.46681
-5,886,920.841813
-5,1372,921.42296
-5,1865,922.207255
-5,1159,922.707255
-5,1191,923.210346
-5,893,923.585345
-5,775,923.91348
-5,874,924.275894
-5,1449,924.900894
-4,858,925.260271
-5,1083,925.716502
-4,1508,926.360094
-4,2685,927.488152
-5,1123,927.956901
-4,925,928.350582
-5,1293,928.897457
-5,1033,929.334963
-5,926,929.728595
-4,1735,930.462969
-5,1062,930.900469
-5,895,931.281636
-5,2139,932.187885
-5,873,932.566035
-5,1639,933.253535
-5,1365,933.834876
-5,793,934.162986
-5,1395,934.756736
-5,750,935.072242
-5,1045,935.509779
-5,833,935.869154
-5,1086,936.325464
-4,1436,936.937524
-4,719,937.234398
-5,1387,937.831191
-5,660,938.112442
-4,1065,938.549941
-5,836,938.909318
-5,808,939.256158
-5,1240,939.771782
-5,793,940.115533
-5,568,940.349907
-5,1185,940.852945
-5,626,941.11857
-4,1020,941.543485
-5,1479,942.171556
-5,996,942.593445
-5,1064,943.046556
-5,886,943.424646
-5,880,943.784006
-4,1015,944.221511
-5,2001,945.068189
-4,1268,945.599439
-4,960,946.00875
-5,697,946.292955
-5,1496,946.933581
-5,662,947.21483
-5,725,947.514772
-5,542,947.749148
-5,737,948.061648
-5,872,948.421024
-5,1145,948.908473
-5,1848,951.066168
-5,2300,953.27531
-5,1351,954.967173
-5,1675,956.817008
-5,1939,958.9138
-5,1368,960.632521
-3,3000,963.198063
-4,1852,965.494941
-2,3000,968.107215
-2,3000,971.738023
-3,3000,974.241322
-5,1641,976.072414
-4,3000,979.606536
-5,2371,981.805884
-5,2893,984.308986
-5,1534,986.077787
1,3000,988.596256
-5,2540,991.880479
-4,3000,994.658822
-3,3000,998.16198
-4,3000,1000.696241
0,3000,1003.214804
-3,3000,1006.774789
-5,2245,1008.902618
-3,3000,1012.389808
-3,2527,1014.686713
-3,3000,1017.221143
-5,2791,1020.635252
-2,3000,1023.153952
-4,3000,1026.68836
-4,3000,1029.235257
-3,3000,1031.738157
-4,3000,1035.300658
-2,3000,1037.806638
-5,2363,1041.028287
-1,3000,1043.562576
-4,3000,1046.078173
-4,3000,1049.565373
-5,1963,1050.768497
-5,1258,1051.299748
-5,1769,1052.036998
-5,1801,1052.802623
-5,1259,1053.318248
-5,2107,1054.211841
-5,1406,1054.805591
-4,3000,1056.058556
-5,1658,1056.764688
-5,1625,1057.436563
-5,1783,1058.189515
-5,1173,1058.67389
-4,3000,1059.944972
-5,1885,1060.745036
-5,1390,1061.338787
-5,1856,1062.123235
-5,1762,1062.873235
-4,2331,1063.845143
-4,1872,1064.644997
-5,1972,1065.476183
-5,1288,1066.026059
-5,2576,1067.119846
-4,3000,1068.387641
-5,1187,1068.890796
-5,1350,1069.456461
-3,3000,1070.725281
-5,1172,1071.225281
-3,3000,1072.494067
-5,2649,1073.606604
-5,2005,1074.469157
-5,2038,1075.328531
-5,1089,1075.783666
-5,1857,1076.580541
-5,2378,1077.583694
-4,2497,1078.633748
-5,1752,1079.368123
-5,1061,1079.827568
-5,1360,1080.405692
-3,2778,1081.580815
-5,1864,1082.362043
-4,2860,1083.599608
-4,1976,1084.449217
-5,1449,1085.058592
-5,1700,1085.780492
-5,1715,1086.514863
-5,1672,1087.221148
-5,2001,1088.052459
-5,2749,1089.224334
-4,2484,1090.273251
-3,3000,1091.540967
-5,2519,1092.606591
-5,1557,1093.262841
-5,1620,1093.953455
-5,2376,1094.959801
-5,1852,1095.74105
-5,2470,1096.77545
-3,2890,1097.997229
-4,2059,1098.875455
-5,1768,1099.61309
-4,2956,1100.866264
-4,2678,1101.993347
-5,1988,1102.868322
-4,1661,1103.590117
-5,1890,1104.421193
-5,2415,1105.483693
-5,1492,1106.142975
-5,1846,1106.955474
-5,2527,1108.052237
-5,1543,1108.72711
-5,1463,1109.367738
-5,1644,1110.076858
-5,1798,1110.873733
-4,3000,1112.189241
-5,1970,1113.051573
-2,3000,1114.382689
-5,2602,1115.513746
-5,1957,1116.373145
-4,2853,1117.579395
-5,1884,1118.379464
-5,2126,1119.27009
-5,2404,1120.291708
-5,1216,1120.810527
-5,2009,1121.654262
-5,1472,1122.266781
-4,1782,1123.025813
-5,2166,1123.950876
-4,1421,1124.547917
-3,3000,1125.816704
-4,2617,1126.929267
-4,1297,1127.476143
-5,1298,1128.025275
-5,2575,1129.106683
-5,2492,1130.156649
-5,2193,1131.080545
-5,2005,1131.927519
-3,3000,1133.2109
-5,1616,1133.882775
-3,3000,1135.154392
-4,1143,1135.638766
-2,3000,1136.906327
-4,3000,1140.640665
-2,3000,1143.204714
0,3000,1146.816997
-4,1913,1148.788876
-4,2468,1151.041116
0,3000,1153.559915
-4,3000,1157.112267
-3,3000,1159.634696
-4,2958,1163.150325
-4,2567,1165.497097
-1,3000,1167.981471
-5,1688,1169.828323
0,3000,1173.315481
-4,3000,1175.88427
-2,3000,1179.368616
-4,2582,1181.684196
-2,3000,1184.215987
-2,3000,1187.730595
-5,2987,1190.219834
-2,3000,1193.707223
-3,3000,1196.241387
-2,3000,1200.041399
-4,3000,1202.60699
-3,3000,1206.206733
-5,2474,1208.459757
-4,3000,1210.962682
-1,3000,1214.493931
-3,2816,1216.948862
-3,3000,1220.45505
-4,1636,1221.298831
-5,1821,1223.220708
-1,3000,1226.838545
-3,3000,1229.354203
-2,3000,1232.857145
-5,1680,1233.71652
0,3000,1237.238104
-1,3000,1238.706613
-1,3000,1239.956612
-2,3000,1241.206611
1,3000,1242.474257
-1,3000,1243.724258
0,3000,1244.974258
-2,3000,1246.239882
-2,3000,1247.491921
-1,3000,1248.761497
-2,3000,1250.027126
-2,3000,1251.292747
-1,3000,1252.561574
-1,3000,1253.830258
-2,3000,1255.099104
-4,2347,1256.086539
1,3000,1257.358587
1,3000,1258.61174
-1,3000,1259.927366
-2,3000,1261.196
-2,3000,1262.463651
-3,3000,1263.732393
-1,3000,1265.00003
1,3000,1266.253162
-4,3000,1267.506387
-3,3000,1268.774972
-2,3000,1270.121715
-5,2871,1271.342588
-1,3000,1272.598704
-1,3000,1273.882924
-1,3000,1275.167311
-2,3000,1276.436066
-2,3000,1277.692112
-4,3000,1278.960624
-2,3000,1280.226286
-1,3000,1281.478324
-2,3000,1282.747088
-4,3000,1284.0003
0,3000,1285.267977
-1,3000,1286.521134
-3,3000,1287.776387
-5,2660,1288.887784
-2,3000,1290.162899
-2,3000,1291.416118
-1,3000,1292.672289
-1,3000,1293.937914
-3,3000,1295.191009
-3,3000,1296.443041
-3,3000,1297.711681
1,3000,1298.964937
-4,3000,1300.251698
-2,3000,1301.55154
-5,2604,1302.651644
-4,3000,1303.904698
-3,3000,1305.173392
-1,3000,1306.426442
-4,3000,1307.682526
0,3000,1308.932526
-1,3000,1310.204868
-5,2395,1311.207957
-2,3000,1312.476624
-3,3000,1313.745289
-1,3000,1314.998524
-3,3000,1316.267231
0,3000,1317.538899
-2,3000,1318.807577
0,3000,1320.060645
-1,3000,1321.329339
-1,3000,1322.601107
-3,3000,1323.873482
-4,2910,1325.11089
-2,3000,1326.379548
-1,3000,1327.648571
0,3000,1328.9163
0,3000,1330.190465
0,3000,1331.459478
-1,3000,1332.730212
1,3000,1334.004571
-1,3000,1335.273409
0,3000,1336.542188
0,3000,1337.814079
-2,3000,1339.082927
-3,3000,1340.351708
-2,3000,1341.617325
-1,3000,1342.886138
-2,3000,1344.138112
1,3000,1345.406941
-2,3000,1346.675739
-2,3000,1347.947608
-2,3000,1349.202765
-2,3000,1350.471572
-1,3000,1351.740394
-1,3000,1352.996602
-2,3000,1354.26429
-2,3000,1355.533089
-2,3000,1356.786262
-2,3000,1358.053952
-1,3000,1359.319614
-4,3000,1360.58725
-1,3000,1361.859202
0,3000,1363.111161
-2,3000,1368.676361
-4,3000,1371.225326
-3,3000,1374.806541
-4,3000,1377.453139
0,3000,1379.968764
-5,2471,1383.237651
-1,3000,1385.790388
-5,2720,1388.139501
-5,2649,1391.452002
-2,3000,1394.114547
-3,3000,1397.633173
-4,2862,1400.133201
-3,3000,1403.65419
-4,3000,1406.201094
-5,2818,1408.703947
-2,3000,1412.206821
-2,3000,1414.722445
-3,3000,1418.258523
-2,3000,1420.777056
-4,3000,1424.280296
-4,3000,1426.79591
-4,3000,1430.330006
-2,3000,1432.833055
-3,3000,1436.30747
-5,1729,1437.200106
-5,2899,1440.659331
-2,3000,1443.174956
-2,3000,1446.692544
-1,3000,1449.192544
-4,3000,1452.729536
-3,3000,1455.248404
-3,3000,1458.852845
-1,3000,1461.384122
-2,3000,1464.886976
0,3000,1466.605728
-2,3000,1467.858761
-2,3000,1469.124386
0,3000,1470.377424
0,3000,1471.64596
-4,2354,1472.633537
-5,1579,1473.30541
-3,3000,1474.574003
-4,3000,1475.842771
-2,3000,1477.111573
-2,3000,1478.396003
2,3000,1479.664781
-1,3000,1480.936527
-2,3000,1482.204208
-2,3000,1483.469835
-3,3000,1484.737498
-4,3000,1486.008206
-4,3000,1487.29152
-2,3000,1488.543641
-2,3000,1489.815049
-2,3000,1491.068149
0,3000,1492.335815
-3,3000,1493.604707
-3,2665,1494.732903
-5,2296,1495.68915
-3,3000,1496.957764
-1,3000,1498.213602
-3,3000,1499.482173
-3,3000,1500.737302
-1,3000,1502.006028
-4,3000,1503.27971
-2,3000,1504.579658
-1,3000,1505.848403
-4,3000,1507.117006
0,3000,1508.370003
-1,3000,1509.638639
-3,3000,1510.891596
-4,3000,1512.160219
-2,3000,1513.444481
-2,3000,1514.71314
0,3000,1515.984965
-3,3000,1517.253624
1,3000,1518.537945
-5,2986,1519.790988
-4,3000,1521.059614
-3,3000,1522.343876
-5,2731,1523.502245
-5,1917,1524.330369
-3,3000,1525.599234
-2,3000,1526.870913
1,3000,1528.139653
-4,3000,1529.408262
-4,3000,1530.663268
0,3000,1531.931846
-5,2222,1532.872439
-1,3000,1534.138061
-3,3000,1535.39105
-1,3000,1536.659663
-2,3000,1537.912734
-2,3000,1539.181396
-2,3000,1540.434484
-3,3000,1541.705203
-3,3000,1542.961326
-2,3000,1544.228949
-4,3000,1545.497668
-2,3000,1546.753895
-1,3000,1548.00707
0,3000,1549.275799
-4,3000,1550.544441
-1,3000,1551.794477
-3,3000,1553.063126
-5,2811,1554.253666
-1,3000,1555.506806
-1,3000,1556.778693
-4,3000,1558.031793
-4,2354,1559.019176
-2,3000,1560.287941
-3,3000,1561.604439
-1,3000,1562.873187
-3,3000,1564.154435
-4,2393,1565.173213
-4,3000,1566.452768
-3,3000,1567.783831
-2,3000,1569.099366
-5,2062,1569.99325
-5,2414,1571.014115
-3,3000,1572.311002
-2,3000,1573.626539
-5,2303,1574.645183
0,3000,1575.963717
-2,3000,1577.279161
-3,3000,1578.594666
-2,3000,1579.925852
0,3000,1581.241361
-2,3000,1582.556871
-3,3000,1583.872461
-3,3000,1585.188038
-3,3000,1586.4909
0,3000,1587.821977
-4,1959,1588.681352
0,3000,1591.383472
-2,3000,1594.985818
1,3000,1597.519984
-3,3000,1601.007344
-4,3000,1603.572694
-3,3000,1607.093592
-4,3000,1609.630322
0,3000,1613.125685
-4,3000,1615.625715
-2,3000,1619.119111
-2,3000,1621.640556
-4,3000,1625.145875
-3,3000,1627.789461
-2,3000,1630.433228
-4,3000,1633.951859
-3,3000,1636.454663
-2,3000,1639.957846
-2,3000,1642.460928
-2,3000,1646.026262
-5,2664,1648.372134
-2,3000,1651.875252
-5,2926,1654.378397
0,3000,1656.896975
1,3000,1660.490726
-2,3000,1663.02512
-4,3000,1666.590584
-1,3000,1669.106222
-5,2019,1671.112411
-3,3000,1674.706176
-3,3000,1677.224619
-4,2804,1680.651979
-4,3000,1683.186447
-1,3000,1686.719274
-1,3000,1690.300579
-3,3000,1691.553617
1,3000,1692.834903
-4,3000,1694.10051
0,3000,1695.381767
-1,3000,1696.649502
-3,3000,1697.930744
-1,3000,1699.196369
0,3000,1700.461994
-3,3000,1701.729696
-2,3000,1702.997383
-2,3000,1704.265037
-4,3000,1705.533771
-3,3000,1706.802596
0,3000,1708.071432
-2,3000,1709.340214
-1,3000,1710.609032
-2,3000,1711.870316
-2,3000,1713.126385
0,3000,1714.395085
0,3000,1715.645086
-2,3000,1716.901313
-2,3000,1718.169915
-3,3000,1719.422041
-4,3000,1720.690679
-2,3000,1721.946727
0,3000,1723.215445
-3,3000,1724.46844
-1,3000,1725.724514
-3,3000,1726.980555
0,3000,1728.249182
-1,3000,1729.523846
-1,3000,1730.792467
0,3000,1732.048597
-3,2288,1733.001722
-4,3000,1734.254806
-1,3000,1735.523395
-2,3000,1736.776375
-4,3000,1738.038057
-2,3000,1739.306733
-5,2623,1740.403523
-3,3000,1741.659527
-5,2673,1742.784526
0,3000,1744.05324
-1,3000,1745.320922
-3,3000,1746.591812
-3,3000,1747.860572
-4,3000,1749.128234
-2,3000,1750.396963
-2,3000,1751.665695
0,3000,1752.949003
-4,3000,1754.217759
-1,3000,1755.486617
-1,3000,1756.758651
-1,3000,1758.027457
-2,3000,1759.27746
-2,3000,1760.546157
-1,3000,1761.802191
-4,2245,1762.742735
-3,3000,1764.011469
-2,3000,1765.264589
-3,3000,1766.533376
0,3000,1767.786318
-1,3000,1769.055017
-1,3000,1770.321318
0,3000,1771.590032
-2,3000,1772.842978
0,3000,1774.096128
-5,2842,1775.302353
-2,3000,1776.558328
-3,3000,1777.826964
-1,3000,1779.079942
0,3000,1780.348663
-2,3000,1781.601702
-2,3000,1782.869455
0,3000,1784.122459
-1,3000,1785.391153
-3,3000,1786.661959
0,3000,1787.911945
-2,3000,1789.180557
-4,3000,1790.433524
-4,3000,1791.7042
-1,3000,1792.957184
0,3000,1794.225933
-2,3000,1795.479035
-1,3000,1796.746725
-2,3000,1797.999689
1,3000,1799.252765
0,3000,1800.521496
-2,3000,1801.777622
-2,3000,1803.03069
-1,3000,1804.311939
-4,3000,1805.580697
1,3000,1806.850523
-2,3000,1808.122341
-2,3000,1809.389981
-2,3000,1810.658721
-2,3000,1811.927531
-4,3000,1813.210753
-1,3000,1814.478328
-2,3000,1817.200553
-3,3000,1820.722641
-2,3000,1823.229043
-2,3000,1826.778769
-4,3000,1829.278799
-2,3000,1832.799564
-3,3000,1835.37773
-4,3000,1837.899636
-2,3000,1841.42117
-1,3000,1843.924148
-1,3000,1847.442641
-4,2863,1849.880157
-4,3000,1853.367599
-1,3000,1856.011324
-2,3000,1859.643984
-2,3000,1862.225071
-4,3000,1866.021916
0,3000,1868.562624
-2,3000,1872.086545
-3,3000,1874.686394
-5,2457,1877.004855
-2,3000,1880.520434
-4,3000,1883.039095
-5,2909,1886.497915
-2,3000,1889.01642
-5,2521,1891.297653
-4,3000,1894.803658
-2,3000,1897.322239
-4,3000,1900.837835
-2,3000,1903.359279
-2,3000,1906.865253
-4,2788,1909.287979
1,3000,1911.790933
-2,3000,1916.322226
-2,3000,1917.597885
-3,3000,1918.863511
-2,3000,1920.131195
-4,3000,1921.406597
-1,3000,1922.675135
-2,3000,1923.959563
-3,3000,1925.228372
1,3000,1926.496986
-2,3000,1927.768775
-1,3000,1929.040656
-3,3000,1930.309347
1,3000,1931.581103
0,3000,1932.849812
-1,3000,1934.11854
-2,3000,1935.387216
-3,3000,1936.655878
1,3000,1937.937113
-3,3000,1939.205693
-3,3000,1940.47444
-5,2038,1941.336861
-1,3000,1942.608577
-2,3000,1943.908501
-3,3000,1945.177166
-1,3000,1946.445847
-1,3000,1947.717552
0,3000,1948.986234
0,3000,1950.267521
-2,3000,1951.536156
-2,3000,1952.80478
-2,3000,1954.073426
-2,3000,1955.342118
-1,3000,1956.598275
-4,3000,1957.866883
2,3000,1959.135582
-3,3000,1960.38866
-1,3000,1961.660406
-3,3000,1962.913435
-5,1844,1963.694688
-2,3000,1964.963417
-5,2886,1966.185109
-2,3000,1967.453735
-3,3000,1968.722415
-1,3000,1969.996124
0,3000,1971.264838
-5,2582,1972.364765
0,3000,1973.633438
-1,3000,1974.902098
0,3000,1976.183387
-2,3000,1977.458221
-1,3000,1978.726253
-3,3000,1979.995076
-2,3000,1981.263804
-1,3000,1982.532679
0,3000,1983.816948
-1,3000,1985.085651
-3,3000,1986.354427
-2,3000,1987.64506
-4,3000,1988.928411
0,3000,1990.197119
0,3000,1991.46592
-3,3000,1992.736548
-1,3000,1994.004218
-4,2757,1995.176093
-2,3000,1996.444733
-4,3000,1997.73132
1,3000,1999.000125
-2,3000,2000.269361
-3,3000,2001.538121
-3,3000,2002.810073
-1,3000,2004.078947
2,3000,2005.34773
-3,3000,2006.616512
-2,3000,2007.8882
-5,2330,2008.872559
-3,3000,2010.156919
-1,3000,2011.425714
-5,1410,2012.021394
-5,1875,2012.818269
0,3000,2014.085917
-4,3000,2015.354714
-1,3000,2016.623524
-4,3000,2017.895375
-1,3000,2019.164087
-2,3000,2020.432787
0,3000,2021.701397
-4,3000,2022.973262
-4,2965,2024.226306
-3,3000,2025.513174
-3,3000,2026.828651
-2,3000,2028.159797
-3,3000,2029.472297
-1,3000,2030.787816
-1,3000,2032.106405
-3,3000,2033.42193
-4,3000,2034.737435
-2,3000,2036.068574
-1,3000,2037.387234
-1,3000,2038.702733
0,3000,2040.018205
-2,3000,2042.779026
0,3000,2046.319576
0,3000,2048.84414
-2,3000,2051.355747
2,3000,2054.861873
-4,2666,2057.223279
-2,3000,2060.7789
-1,3000,2063.360041
-2,3000,2066.84442
-1,3000,2069.366153
-4,3000,2072.853349
-5,2191,2074.950262
1,3000,2077.453374
-1,3000,2080.971915
0,3000,2083.490699
-2,3000,2085.993891
-1,3000,2089.487651
-5,2944,2091.987679
-2,3000,2095.509735
1,3000,2098.028532
-2,3000,2101.547213
-5,1662,2103.365867
-5,2189,2105.506495
-2,3000,2108.02215
-5,2217,2110.149292
-3,3000,2113.652266
-3,3000,2116.417879
-3,2424,2118.655349
0,3000,2122.158179
0,3000,2124.6767
-1,3000,2128.192321
0,3000,2130.760038
0,3000,2134.275634
-1,3000,2136.797341
-4,3000,2140.45972
-3,3000,2141.725344
-4,3000,2143.009748
-1,3000,2144.275373
-2,3000,2145.544099
-2,3000,2146.809725
-2,3000,2148.075349
-4,3000,2149.340975
-2,3000,2150.625397
-2,3000,2151.891036
0,3000,2153.158763
-3,3000,2154.427578
0,3000,2155.699509
-1,3000,2156.968238
-1,3000,2158.23702
-1,3000,2159.505838
-1,3000,2160.777805
-1,3000,2162.046621
0,3000,2163.362393
-1,3000,2164.631118
-1,3000,2165.915555
-2,3000,2167.184334
-2,3000,2168.453098
-5,2662,2169.58125
-2,3000,2170.853351
-2,3000,2172.122369
-1,3000,2173.391023
-1,3000,2174.675428
-2,3000,2175.990881
-3,3000,2177.259724
-1,3000,2178.527411
-2,3000,2179.811871
0,3000,2181.082505
-3,3000,2182.350202
-1,3000,2183.631452
-2,3000,2184.900063
-2,3000,2186.170854
0,3000,2187.439458
-3,3000,2188.708223
-1,3000,2189.97695
-3,3000,2191.262147
-3,3000,2192.529807
-2,3000,2193.797497
-2,3000,2195.065196
0,3000,2196.335826
-1,3000,2197.603479
-1,3000,2198.871163
-3,3000,2200.154478
-1,3000,2201.423089
-2,3000,2202.691854
-2,3000,2203.960696
-1,3000,2205.229455
-1,3000,2206.500899
-1,3000,2207.769465
-3,3000,2209.022541
0,3000,2210.291131
0,3000,2211.54705
0,3000,2212.815632
-2,3000,2214.068537
-1,3000,2215.337097
0,3000,2216.593057
-2,3000,2217.845966
-1,3000,2219.114583
-2,3000,2220.383242
-3,3000,2221.650895
-2,3000,2222.919762
-3,3000,2224.187418
0,3000,2225.479344
-3,3000,2226.747021
-1,3000,2228.015807
-3,3000,2229.28773
-2,3000,2230.558458
0,3000,2231.826107
0,3000,2233.079016
-2,3000,2234.347638
0,3000,2235.616337
0,3000,2236.881959
1,3000,2238.166281
-2,3000,2239.433962
0,3000,2240.704814
-2,3000,2241.973577
0,3000,2243.241253
-2,3000,2244.525623
0,3000,2245.79519
-3,3000,2247.066755
-1,3000,2248.319717
-3,3000,2249.588293
-1,3000,2250.841369
-1,3000,2252.125776
-1,3000,2253.393364
0,3000,2254.658992
0,3000,2255.944368
-1,3000,2257.21218
-2,3000,2258.482891
-2,3000,2259.751641
-2,3000,2261.023443
0,3000,2262.30787
-2,3000,2263.576613
-3,3000,2264.845428
-3,3000,2266.113088
-1,3000,2271.747539
-5,1904,2273.734772
-1,3000,2276.256477
-5,2837,2279.693979
-2,3000,2282.228241
-2,3000,2285.796603
0,3000,2288.330965
1,3000,2291.899963
-3,3000,2294.431242
-2,3000,2297.059174
-1,3000,2300.543543
-3,3000,2303.205
-4,3000,2306.710846
-1,3000,2309.226472
-2,3000,2312.745231
-1,3000,2315.26085
-3,3000,2318.76694
-4,3000,2321.285757
-2,3000,2324.8045
-5,2695,2327.210777
-5,2750,2329.588722
-1,3000,2333.107496
-2,3000,2335.641942
0,3000,2339.147912
0,3000,2341.713448
-4,3000,2345.275912
-3,3000,2347.793598
-1,3000,2351.330837
-3,3000,2353.864969
0,3000,2356.36796
-2,3000,2359.874586
-2,3000,2362.390238
0,3000,2365.908686
-3,3000,2369.613919
-1,3000,2370.8829
-4,2403,2371.889201
-5,2531,2372.954715
0,3000,2374.223447
-1,3000,2375.480018
1,3000,2376.733008
-2,3000,2377.986079
-3,3000,2379.254761
-5,2980,2380.507743
-3,3000,2381.763976
-1,3000,2383.01704
-4,2505,2384.063915
-3,3000,2385.332593
-4,3000,2386.604286
-2,3000,2387.87315
-2,3000,2389.141951
0,3000,2390.410731
1,3000,2391.679389
-3,3000,2392.948017
-3,3000,2394.216647
-5,2884,2395.43845
-1,3000,2396.694636
-4,3000,2397.963311
-3,3000,2399.228972
-5,1509,2399.85707
-3,3000,2401.125805
-2,3000,2402.381245
-5,2681,2403.509215
-3,3000,2404.792546
-3,3000,2406.073796
0,3000,2407.345461
-4,3000,2408.629776
-3,3000,2409.898404
-3,3000,2411.167081
-2,3000,2412.438787
-2,3000,2413.691894
-3,3000,2414.959306
-5,2831,2416.168902
-4,2363,2417.15933
-1,3000,2418.424956
-2,3000,2419.693702
-3,3000,2420.962391
-4,3000,2422.234137
-2,3000,2423.502758
-5,1616,2424.2088
0,3000,2425.47752
-5,2725,2426.621157
-3,3000,2427.889678
-1,3000,2429.158429
0,3000,2430.427123
-5,2334,2431.414538
1,3000,2432.686194
-5,2699,2433.829861
-1,3000,2435.098553
-5,2651,2436.211046
-5,1684,2436.964125
-2,3000,2438.279623
-4,3000,2439.595103
-4,3000,2440.913594
-4,3000,2442.213611
-3,3000,2443.48251
-5,2197,2444.407493
-2,3000,2445.673116
-3,3000,2446.944784
-3,3000,2448.213665
-2,3000,2449.484932
-5,2799,2450.675512
-1,3000,2451.947236
-3,3000,2453.23161
-4,2680,2454.359567
-4,3000,2455.628282
-3,3000,2456.89701
-3,3000,2458.167553
-2,3000,2459.451813
-3,3000,2460.72038
-4,3000,2461.98895
-2,3000,2463.257584
-3,3000,2464.573219
0,3000,2465.841918
-2,3000,2467.112583
-1,3000,2468.384486
-1,3000,2469.653172
2,3000,2470.921842
-1,3000,2472.190664
-3,3000,2473.459348
-4,3000,2474.728069
-2,3000,2475.996712
-4,3000,2477.268633
-4,3000,2478.537233
-2,3000,2479.802871
-3,3000,2481.087154
-3,3000,2482.375022
0,3000,2483.644209
-3,3000,2484.912915
-3,3000,2486.181672
-1,3000,2487.449448
-3,3000,2488.718157
-3,2097,2489.611864
-1,3000,2490.880529
-1,3000,2494.810624
1,3000,2497.337969
-3,3000,2500.844142
0,3000,2503.365968
-3,3000,2506.887433
2,3000,2509.439358
-1,3000,2512.942467
0,3000,2515.588699
-5,2908,2518.107434
1,3000,2521.614448
-1,3000,2524.164475
-4,3000,2527.698743
0,3000,2530.217448
-2,3000,2533.717444
-4,3000,2536.241224
-1,3000,2539.731389
-2,3000,2542.297912
-3,3000,2545.816627
-1,3000,2548.335127
-4,3000,2551.835096
-2,3000,2554.369514
-2,3000,2557.281696
-3,3000,2560.850148
-2,3000,2563.365774
-2,3000,2567.014193
-1,3000,2569.561067
0,3000,2573.348353
-2,3000,2575.882589
0,3000,2579.409253
0,3000,2581.943621
-2,3000,2585.474841
-4,3000,2588.024837
-4,2663,2590.377618
-3,3000,2593.333568
-2,3000,2594.599193
-5,2791,2595.771083
-3,3000,2597.036697
-1,3000,2598.289638
-5,2815,2599.477138
0,3000,2600.727138
-2,3000,2601.992764
-1,3000,2603.245928
-5,961,2603.652194
-1,3000,2604.917804
-3,3000,2606.186542
-2,3000,2607.442636
-1,3000,2608.711307
-4,3000,2609.979984
-5,2653,2611.092443
-2,3000,2612.345539
0,3000,2613.614193
0,3000,2614.867254
-5,2701,2616.007875
-3,3000,2617.26097
-1,3000,2618.53277
0,3000,2619.801408
-2,3000,2621.054344
-2,3000,2622.310525
-4,3000,2623.582393
0,3000,2624.835486
-1,3000,2626.088541
0,3000,2627.360135
-2,3000,2628.627921
-3,3000,2629.884629
-2,3000,2631.150269
-4,3000,2632.421211
1,3000,2633.686838
-1,3000,2634.955628
-1,3000,2636.238898
0,3000,2637.495291
-3,3000,2638.764143
0,3000,2640.032935
-2,3000,2641.301751
-5,2796,2642.495628
-3,3000,2643.763223
-1,3000,2645.047525
-3,3000,2646.315194
-2,3000,2647.58389
-1,3000,2648.865142
-3,3000,2650.133905
-2,3000,2651.402643
-4,3000,2652.672368
-4,3000,2653.925472
-4,3000,2655.194115
1,3000,2656.447237
-2,3000,2657.703589
-2,3000,2658.972208
0,3000,2660.225279
0,3000,2661.493947
-2,3000,2662.762675
0,3000,2664.031426
-3,3000,2665.284476
-2,3000,2666.550137
-2,3000,2667.80642
-3,3000,2669.075219
-2,3000,2670.341293
-3,3000,2671.594364
-2,3000,2672.86558
-1,3000,2674.118578
-4,3000,2675.387257
-1,3000,2676.64024
-5,2920,2677.876724
-2,3000,2679.149879
-4,2426,2680.181127
-2,3000,2681.449963
-3,1597,2682.125031
-3,3000,2683.413336
0,3000,2684.69774
0,3000,2685.966484
-2,3000,2687.235115
-3,3000,2688.507092
-4,3000,2689.788342
-4,3000,2691.057119
-3,3000,2692.325933
-3,3000,2693.610305
-2,3000,2694.863277
1,3000,2696.131908
-3,3000,2697.384978
-1,3000,2698.655672
-2,3000,2699.924542
0,3000,2701.193379
-2,3000,2702.477747
-2,3000,2703.749711
-5,2265,2704.702831
-3,3000,2705.987211
-3,3000,2707.25603
-2,3000,2708.52814
-2,3000,2709.796932
-5,2833,2710.987573
-2,3000,2712.25926
0,3000,2713.531261
-1,3000,2714.800019
-3,3000,2716.068784
-2,3000,2719.816121
-2,3000,2722.351841
-3,3000,2724.8706
0,3000,2728.482862
-2,3000,2730.998486
-3,3000,2734.489759
-1,3000,2737.011152
-1,3000,2740.592144
-5,1713,2742.454713
-3,3000,2745.079743
-2,3000,2748.613816
-1,3000,2751.191971
-1,3000,2754.700746
-1,3000,2757.235161
0,3000,2759.769354
-1,3000,2763.272531
-2,3000,2765.887961
-1,3000,2769.375313
-5,2689,2771.86583
-2,3000,2775.340441
-3,3000,2777.856092
-5,2233,2779.981922
-1,3000,2783.499642
-2,3000,2786.205791
-4,3000,2789.70854
-1,3000,2792.227158
-5,2161,2794.320908
0,3000,2797.839377
-3,3000,2800.424705
-1,3000,2802.94526
-2,3000,2806.485518
0,3000,2809.001145
-5,2513,2812.34776
-2,3000,2814.863415
0,3000,2818.048494
0,3000,2819.360994
-1,3000,2820.679479
-1,3000,2821.969216
-2,3000,2823.237985
-5,2165,2824.161937
1,3000,2825.414963
-2,3000,2826.952899
-1,3000,2828.224876
-2,3000,2829.477874
-3,3000,2830.749738
-1,3000,2832.002831
-1,3000,2833.271503
-1,3000,2834.524559
0,3000,2835.77666
-1,3000,2837.045426
1,3000,2838.314244
-2,3000,2839.567242
0,3000,2840.820396
-1,3000,2842.089162
-3,3000,2843.342286
1,3000,2844.595535
1,3000,2845.867304
0,3000,2847.120385
-1,3000,2848.399901
-1,3000,2849.668675
-4,3000,2850.939604
-1,3000,2852.205228
-1,3000,2853.474104
-4,3000,2854.742889
-2,3000,2856.011688
1,3000,2857.280425
-1,3000,2858.533613
-2,3000,2859.802376
-2,3000,2861.136464
0,3000,2862.439389
-1,3000,2863.754898
-1,3000,2865.070331
-1,3000,2866.363951
-1,3000,2867.632799
-1,3000,2868.948272
0,3000,2870.248125
-1,3000,2871.539581
0,3000,2872.791537
-1,3000,2874.059159
-3,3000,2875.31225
1,3000,2876.564324
0,3000,2877.83199
-1,3000,2879.084043
-2,3000,2880.340345
0,3000,2881.609132
0,3000,2882.862281
-1,3000,2884.1311
-1,3000,2885.398777
0,3000,2886.651946
1,3000,2887.919494
-2,3000,2889.188136
-1,3000,2890.440198
-1,3000,2891.711977
-2,3000,2892.983183
0,3000,2894.250885
0,3000,2895.50589
0,3000,2896.774584
-2,3000,2898.028071
-1,3000,2899.2967
-1,3000,2900.552682
-3,3000,2901.820324
-1,3000,2903.072308
-2,3000,2904.339977
-2,3000,2905.596076
-3,3000,2906.863708
-1,3000,2908.129333
-1,3000,2909.382453
-2,3000,2910.653113
-3,3000,2911.906217
-3,3000,2913.174802
-1,3000,2914.427842
-3,3000,2915.69966
-3,3000,2917.063879
-2,3000,2918.348868
-1,3000,2919.704942
-1,3000,2921.155873
-1,3000,2922.549371
-2,3000,2923.871955
-1,3000,2925.468418
-3,3000,2926.783746
0,3000,2928.11962
-3,3000,2929.404062
0,3000,2930.672747
-1,3000,2931.925702
-3,3000,2933.186784
0,3000,2934.455359
-2,3000,2935.711654
-3,3000,2936.979328
-1,3000,2938.233724
-1,3000,2939.495877
-1,3000,2940.749049
-4,3000,2942.017781
-1,3000,2943.271308
0,3000,2944.649404
-4,3000,2949.043113
-1,3000,2952.795555
-4,3000,2955.317104
-1,3000,2958.810453
-1,3000,2961.347747
-1,3000,2964.927847
-2,3000,2967.467693
0,3000,2970.976552
-2,3000,2973.54478
0,3000,2977.082214
-1,3000,2979.59787
-3,3000,2982.288524
1,3000,2985.854072
-2,3000,2988.375757
-1,3000,2991.899317
-1,3000,2994.430566
-2,3000,2998.152477
0,3000,3000.683728
-1,3000,3004.20543
-1,3000,3006.742432
-1,3000,3010.289306
-2,3000,3012.839298
-3,3000,3016.372263
0,3000,3018.906686
0,3000,3022.396707
0,3000,3024.930068
0,3000,3027.558173
0,3000,3031.09225
-3,3000,3033.592249
-3,3000,3037.142208
-2,3000,3039.663983
-1,3000,3043.404315
-1,3000,3046.013727
-2,3000,3048.78255
-2,3000,3050.03565
2,3000,3051.301277
-2,3000,3052.551275
-1,3000,3053.820221
-2,3000,3055.070237
0,3000,3056.338963
0,3000,3057.595085
-1,3000,3058.863771
0,3000,3060.132433
0,3000,3061.385547
-1,3000,3062.654152
-1,3000,3063.925669
-1,3000,3065.260113
-3,3000,3066.575833
-1,3000,3067.841456
-2,3000,3069.112093
-1,3000,3070.396461
1,3000,3071.664056
-3,3000,3072.91712
-2,3000,3074.185853
-4,3000,3075.438941
0,3000,3076.770254
-1,3000,3078.02383
0,3000,3079.295367
-1,3000,3080.548408
-3,3000,3081.817093
0,3000,3083.084743
-1,3000,3084.341049
0,3000,3085.609743
1,3000,3086.859744
0,3000,3088.128365
-2,3000,3089.38144
-3,3000,3090.650074
0,3000,3091.903126
-2,3000,3093.171835
-1,3000,3094.426828
-3,3000,3095.67997
-1,3000,3096.948684
-1,3000,3098.201747
-1,3000,3099.473551
-1,3000,3100.72659
-2,3000,3101.978551
-1,3000,3103.244177
-1,3000,3104.500426
1,3000,3105.788898
0,3000,3107.129082
-4,2677,3108.257195
-1,3000,3109.512403
-2,3000,3110.783195
0,3000,3112.035198
-2,3000,3113.303942
3,3000,3114.560137
-1,3000,3115.828904
-2,3000,3117.082133
1,3000,3118.347759
0,3000,3119.602477
1,3000,3120.871223
1,3000,3122.124304
0,3000,3123.393
-3,3000,3124.68054
1,3000,3125.933544
-1,3000,3127.202242
-1,3000,3128.455231
1,3000,3129.726012
-1,3000,3130.979085
-3,3000,3132.263472
-1,3000,3133.516453
-1,3000,3134.787054
-1,3000,3136.037091
-1,3000,3137.30589
-4,3000,3138.559065
-2,3000,3139.827836
-2,3000,3141.080922
-4,3000,3142.349544
1,3000,3143.60407
1,3000,3144.859301
0,3000,3146.127936
-1,3000,3147.380985
-2,3000,3148.649719
-4,3000,3149.90589
0,3000,3151.174688
0,3000,3152.440313
-1,3000,3153.6934
-3,3000,3154.946469
-1,3000,3156.215155
-1,3000,3157.468131
0,3000,3158.736857
-2,3000,3159.994385
-2,3000,3161.263059
-3,3000,3162.516133
0,3000,3163.77201
-1,3000,3165.040665
-3,3000,3166.293792
-5,1728,3167.043763
-4,3000,3168.312559
-2,3000,3169.581182
-3,3000,3170.834153
-2,3000,3172.102785
-1,3000,3173.355731
-3,3000,3177.904779
-1,3000,3181.569979
0,3000,3184.135782
-1,3000,3187.698253
-5,2492,3189.985687
-5,2523,3192.25628
1,3000,3195.727804
1,3000,3198.264092
-1,3000,3200.782655
-3,3000,3204.416797
0,3000,3206.935253
-1,3000,3210.441355
-3,3000,3212.941355
-3,3000,3216.59508
-1,3000,3219.12633
-2,3000,3223.711788
-1,3000,3227.56182
-1,3000,3232.238832
-1,3000,3235.403455
0,3000,3239.602639
0,3000,3242.742184
-3,3000,3245.815324
-4,3000,3250.12483
-2,3000,3253.238856
-3,3000,3257.561113
-3,3000,3260.661637
-1,3000,3264.881572
1,3000,3267.959769
-2,3000,3272.202621
-1,3000,3275.325785
0,3000,3279.657287
-1,3000,3282.763321
-2,3000,3287.023849
-3,2523,3290.736325
0,3000,3292.260353
-1,3000,3293.763363
0,3000,3295.24539
0,3000,3296.770616
-2,3000,3298.275611
-1,3000,3299.787619
-1,3000,3301.297674
0,3000,3302.799659
-2,3000,3304.318659
-4,3000,3305.827622
-2,3000,3307.3447
0,3000,3308.872569
-2,3000,3310.377569
3,3000,3311.891569
-3,3000,3313.378615
-2,3000,3314.892653
0,3000,3316.408641
-1,3000,3317.910679
-2,3000,3319.405041
1,3000,3320.901036
-3,3000,3322.400037
-3,3000,3323.911037
-2,3000,3325.436308
-1,3000,3326.931271
-1,3000,3328.447262
-2,3000,3329.932262
-1,3000,3331.424261
0,3000,3332.932271
-1,3000,3334.435272
-5,2721,3335.802262
1,3000,3337.291262
-3,3000,3338.780252
0,3000,3340.288297
0,3000,3341.791298
1,3000,3343.303544
-4,1967,3344.302743
-1,3000,3345.795775
-4,2100,3346.841794
0,3000,3348.341559
1,3000,3349.848552
-4,3000,3351.362604
-2,3000,3352.862592
-2,3000,3354.35081
-2,3000,3355.85281
-3,3000,3357.43582
-3,3000,3358.957604
-2,3000,3360.472604
-4,3000,3361.97564
-1,3000,3363.478944
0,3000,3364.984944
0,3000,3366.536983
-5,2125,3367.620974
-2,3000,3369.12484
-1,3000,3370.619869
-1,3000,3372.119916
-3,3000,3373.603966
1,3000,3375.139961
2,3000,3376.671954
-5,1916,3377.631007
0,3000,3379.138878
-1,3000,3380.642883
-3,3000,3382.125922
-2,3000,3383.635923
-3,3000,3385.149943
0,3000,3386.628962
0,3000,3388.119195
-4,3000,3389.606236
0,3000,3391.111562
1,3000,3392.632824
-3,3000,3394.133765
-5,2941,3395.610789
-3,3000,3397.102797
-3,3000,3398.587764
-5,1949,3399.573844
-3,3000,3401.079834
-3,3000,3402.571847
-2,3000,3404.074833
-3,3000,3405.554833
-2,3000,3407.048809
-4,3000,3408.574548
0,3000,3410.076581
-3,3000,3411.588782
-3,3000,3413.089782
-1,3000,3414.57479
-2,3000,3416.08079
-3,3000,3417.584782
-1,3000,3419.083816
-1,3000,3420.587793
-2,3000,3422.069808
-2,3000,3423.560846
-2,3000,3425.093892
0,3000,3426.607901
-1,3000,3428.124902
-3,3000,3429.611901
0,3000,3431.099892
0,3000,3432.612903
-1,3000,3434.119893
-5,1726,3434.987893
-1,3000,3436.488902
0,3000,3439.869441
0,3000,3444.25971
-2,3000,3447.346897
-1,3000,3450.394935
1,3000,3454.732941
-4,3000,3457.811131
-2,3000,3462.162535
1,3000,3465.175741
-1,3000,3469.747505
1,3000,3472.831505
-3,3000,3477.139703
-1,3000,3480.19797
1,3000,3484.470176
-1,3000,3487.472608
1,3000,3491.78023
-3,3000,3494.911434
0,3000,3497.958243
-2,3000,3502.332245
-1,3000,3505.374438
-2,3000,3509.761478
-1,3000,3512.854712
-2,3000,3517.180088
1,3000,3520.286494
-2,3000,3524.635866
-1,3000,3527.737854
-2,3000,3532.003932
-3,3000,3535.092924
-1,3000,3539.381736
1,3000,3542.538932
-1,3000,3546.882399
-1,3000,3549.933964
-2,3000,3553.019264
-1,3000,3557.340228
-4,3000,3559.450265
-1,3000,3560.979256
-3,3000,3562.47523
-3,3000,3563.962515
-2,3000,3565.450512
-2,3000,3566.958505
-2,3000,3568.471422
-4,3000,3569.966421
-2,3000,3571.488734
0,3000,3572.98375
-5,2169,3574.06875
1,3000,3575.5948
-1,3000,3577.106807
0,3000,3578.615727
-1,3000,3580.12574
-1,3000,3581.610774
-5,2668,3582.940861
0,3000,3584.457872
0,3000,3585.951935
0,3000,3587.478937
-3,3000,3588.975728
-4,3000,3590.479702
-1,3000,3592.007703
-1,3000,3593.507717
-2,3000,3595.023751
-1,3000,3596.524612
-1,3000,3598.003612
1,3000,3599.504642
-2,3000,3601.016648
-3,3000,3602.523574
-4,3000,3604.03165
-2,3000,3605.519658
-1,3000,3607.007699
-1,3000,3608.527071
-5,2625,3609.840068
-1,3000,3611.360068
-1,3000,3612.873344
-2,3000,3614.363393
-2,3000,3615.898435
-1,3000,3617.426427
-2,3000,3618.952558
-2,3000,3620.452554
-5,2297,3621.588553
-1,3000,3623.084637
-2,3000,3624.590871
-2,3000,3626.078871
-1,3000,3627.579871
0,3000,3629.073386
-1,3000,3630.537999
0,3000,3632.029035
-3,3000,3633.540037
-1,3000,3635.045178
-4,3000,3636.547178
-1,3000,3638.028706
-2,3000,3639.531687
1,3000,3641.031692
1,3000,3642.534697
-2,3000,3644.052695
-2,3000,3645.574701
-3,3000,3647.059666
-1,3000,3648.518659
-1,3000,3649.994696
-2,3000,3651.505668
-2,3000,3653.008773
-4,3000,3654.498815
-3,3000,3655.992814
-2,3000,3657.488021
-1,3000,3659.003289
-5,1866,3659.948374
1,3000,3661.45738
-1,3000,3662.916342
-1,3000,3664.424368
-3,3000,3666.008345
-2,3000,3667.503356
-4,3000,3668.99528
0,3000,3670.485322
-3,3000,3671.969331
-1,3000,3673.457329
0,3000,3674.964337
0,3000,3676.489344
-3,3000,3677.985305
-1,3000,3679.480342
-2,3000,3680.984331
-2,3000,3682.465333
-2,3000,3683.996344
-2,3000,3685.508477
-2,3000,3687.001385
-2,3000,3688.497616
-4,3000,3689.981672
-4,3000,3691.487677
-2,3000,3692.995668
0,3000,3694.49667
-5,1979,3695.489677
-1,3000,3696.979765
-2,3000,3698.461636
-3,3000,3699.966636
-1,3000,3701.477651
0,3000,3702.972618
0,3000,3704.471687
1,3000,3705.954679
-1,3000,3710.722792
0,3000,3713.854171
-1,3000,3718.359593
0,3000,3721.479736
-2,3000,3725.873779
-2,3000,3729.001886
-4,3000,3733.408892
-4,2947,3736.516038
-3,3000,3740.819131
0,3000,3743.960482
-3,3000,3747.045477
-2,3000,3751.449204
-3,3000,3754.518196
-2,3000,3758.837492
3,3000,3761.886683
0,3000,3766.230132
-2,3000,3769.336339
0,3000,3773.467349
-1,3000,3776.61054
0,3000,3780.891926
-1,3000,3783.993962
-3,3000,3788.340487
-4,3000,3791.417941
0,3000,3795.788332
0,3000,3798.864141
-1,3000,3801.935388
-3,3000,3806.249599
-2,3000,3809.406426
-3,3000,3813.849016
1,3000,3816.908009
-3,3000,3821.268902
-1,3000,3824.272899
-1,3000,3828.657778
-2,3000,3830.774777
-1,3000,3832.275775
-1,3000,3833.806805
0,3000,3835.319817
-3,3000,3836.821811
0,3000,3838.311899
-2,3000,3839.803949
1,3000,3841.309949
-1,3000,3842.819005
-3,3000,3844.343997
-2,3000,3845.845043
-2,3000,3847.361087
0,3000,3848.861214
-1,3000,3850.372188
-2,3000,3851.8892
-4,3000,3853.379252
-3,3000,3854.871252
-2,3000,3856.375296
-1,3000,3857.86931
-1,3000,3859.378296
0,3000,3860.899269
-1,3000,3862.410288
-3,3000,3863.911409
-1,3000,3865.396427
1,3000,3866.910419
-1,3000,3868.429518
-2,3000,3869.918535
0,3000,3871.412533
0,3000,3872.90356
-2,3000,3874.402572
-3,3000,3875.919612
-4,3000,3877.423855
0,3000,3878.928826
-2,3000,3880.431876
-1,3000,3881.916594
-1,3000,3883.425918
0,3000,3884.930916
0,3000,3886.429914
-1,3000,3887.932942
-1,3000,3889.415952
0,3000,3890.916942
-1,3000,3892.438955
0,3000,3893.939944
-1,3000,3895.444141
0,3000,3896.944454
-3,3000,3898.437182
0,3000,3899.945158
-4,3000,3901.450384
0,3000,3902.951431
-2,3000,3904.465474
-2,3000,3906.131442
-2,3000,3907.715782
-3,3000,3909.227123
-3,3000,3910.735098
-4,3000,3912.255132
-3,3000,3913.734126
-1,3000,3915.228395
-2,3000,3916.747398
-1,3000,3918.25249
-2,3000,3919.754491
2,3000,3921.259464
-1,3000,3922.770854
-3,3000,3924.28913
-1,3000,3925.786127
-4,2394,3927.003128
0,3000,3928.534142
0,3000,3930.03042
-3,3000,3931.528419
-1,3000,3933.033465
-4,3000,3934.545458
0,3000,3936.062429
-2,3000,3937.547672
-1,3000,3939.039671
-3,3000,3940.54893
-4,3000,3942.030905
1,3000,3943.535939
-3,3000,3945.04694
-5,1487,3945.786905
2,3000,3947.325931
0,3000,3948.823081
0,3000,3950.330326
-1,3000,3951.848327
-2,3000,3953.347355
0,3000,3954.836357
0,3000,3956.342356
-2,3000,3957.844356
-4,3000,3959.358131
-3,3000,3960.87716
0,3000,3962.39535
-1,3000,3963.901352
-1,3000,3965.376314
-3,3000,3966.92535
-2,3000,3968.436407
-2,3000,3969.927448
-4,3000,3971.420491
1,3000,3972.920528
-3,3000,3974.420569
-1,3000,3975.941577
-1,3000,3977.461662
0,3000,3978.966402
0,3000,3983.866287
-1,3000,3987.026597
0,3000,3991.462657
1,3000,3994.606894
-3,3000,3998.893243
-1,3000,4002.062643
-4,3000,4005.169293
1,3000,4009.533006
0,3000,4012.665926
-4,3000,4016.851493
-3,3000,4019.965127
0,3000,4024.301587
3,3000,4027.417602
0,3000,4031.653186
-2,3000,4034.71925
-2,3000,4038.971253
0,3000,4042.089236
-2,3000,4046.375433
0,3000,4049.428721
0,3000,4053.689732
-2,3000,4056.753101
0,3000,4059.852302
-1,3000,4064.178481
-1,3000,4067.226657
-3,3000,4071.433133
-1,3000,4074.503351
-1,3000,4078.854529
0,3000,4081.893023
-3,3000,4086.15202
-3,3000,4089.241486
-1,3000,4093.542463
-1,3000,4096.628492
-1,3000,4100.96053
0,3000,4103.088611
0,3000,4104.586611
-1,3000,4106.065585
-1,3000,4107.576147
0,3000,4109.106693
-1,3000,4110.612692
-1,3000,4112.129691
-1,3000,4113.621869
1,3000,4115.10987
-1,3000,4116.610916
0,3000,4118.114019
0,3000,4119.617027
0,3000,4121.105031
-1,3000,4122.59002
-3,3000,4124.089991
0,3000,4125.589995
-2,3000,4127.100041
0,3000,4128.613972
-1,3000,4130.103013
-2,3000,4131.598013
-1,3000,4133.095072
1,3000,4134.598058
0,3000,4136.107035
0,3000,4137.594356
-1,3000,4139.092338
1,3000,4140.607902
1,3000,4142.111903
0,3000,4143.626912
0,3000,4145.142908
0,3000,4146.738111
-2,3000,4148.246112
-2,3000,4149.740161
0,3000,4151.259408
0,3000,4152.769423
-2,3000,4154.256465
-2,3000,4155.751464
-1,3000,4157.244476
-2,3000,4158.836087
-3,3000,4160.357123
-1,3000,4161.856358
0,3000,4163.355358
0,3000,4164.85735
0,3000,4166.353378
1,3000,4167.865836
-2,3000,4169.375088
-1,3000,4170.869115
-1,3000,4172.387655
-1,3000,4173.875714
-1,3000,4175.39001
0,3000,4176.947235
-1,3000,4178.452963
-2,3000,4179.961188
-1,3000,4181.455157
-3,3000,4182.953238
-3,3000,4184.46822
0,3000,4185.967266
0,3000,4187.463441
-2,3000,4188.95428
2,3000,4190.434285
0,3000,4191.955276
0,3000,4193.455248
-3,3000,4194.954287
-1,3000,4196.465306
-1,3000,4197.948296
0,3000,4199.457336
1,3000,4200.969011
-2,3000,4202.479024
-1,3000,4203.980223
0,3000,4205.495206
-1,3000,4206.990183
0,3000,4208.516558
-3,3000,4210.019568
0,3000,4211.540558
-1,3000,4213.04361
-1,3000,4214.588586
0,3000,4216.099904
-1,3000,4217.607134
1,3000,4219.111565
-1,3000,4220.613819
-1,3000,4222.09781
1,3000,4223.586811
-2,3000,4225.107783
1,3000,4226.578783
0,3000,4228.083959
-2,3000,4229.577986
-2,3000,4231.066993
-1,3000,4232.558958
-2,3000,4234.037959
-1,3000,4235.52296
-2,3000,4236.997986
0,3000,4238.485855
0,3000,4239.974893
-1,3000,4241.475939
-1,3000,4242.981955
1,3000,4244.496982
-3,3000,4245.996043
-1,3000,4247.497035
0,3000,4248.990227
-2,3000,4250.496318
0,3000,4252.009337
0,3000,4258.732369
-1,3000,4261.963651
-2,3000,4265.059558
1,3000,4269.43647
0,3000,4272.539715
-1,3000,4277.033501
1,3000,4280.095757
-4,3000,4284.397408
-1,3000,4287.47959
0,3000,4291.819665
1,3000,4294.988861
1,3000,4299.460519
-1,3000,4302.619519
-2,3000,4307.04249
-2,3000,4310.206701
-4,3000,4313.333899
-2,3000,4317.632895
-1,3000,4320.710409
-3,3000,4325.044738
0,3000,4328.189505
1,3000,4332.522691
-1,3000,4335.633881
0,3000,4339.889018
-5,2421,4342.621272
1,3000,4345.780514
0,3000,4350.048924
-2,3000,4353.118976
-5,2887,4357.250962
-4,2427,4359.983135
-2,3000,4363.062737
-2,3000,4367.344796
-1,3000,4370.455805
-4,3000,4374.731792
-1,3000,4378.904488
-3,3000,4380.412691
0,3000,4381.912951
0,3000,4383.456261
0,3000,4384.981261
-1,3000,4386.484253
-2,3000,4387.996229
-1,3000,4389.502759
1,3000,4390.999747
1,3000,4392.525747
1,3000,4394.029755
-2,3000,4395.547747
-1,3000,4397.051764
-1,3000,4398.539731
1,3000,4400.046762
-2,3000,4401.559755
-5,2430,4402.782811
-2,3000,4404.280802
0,3000,4405.767811
-2,3000,4407.270032
1,3000,4408.790087
-2,3000,4410.294085
-1,3000,4411.809095
1,3000,4413.312138
1,3000,4414.805139
0,3000,4416.307528
-2,3000,4417.818881
-2,3000,4419.333112
0,3000,4420.834086
0,3000,4422.298086
0,3000,4423.795092
2,3000,4425.308112
-2,3000,4426.817112
-3,3000,4428.337442
-1,3000,4429.839416
-1,3000,4431.395698
0,3000,4432.898977
0,3000,4434.40997
-1,3000,4435.921969
2,3000,4437.379941
-3,3000,4438.835941
-1,3000,4440.323969
0,3000,4441.83198
-1,3000,4443.349996
0,3000,4444.876076
-1,3000,4446.376138
-1,3000,4447.89044
0,3000,4449.383727
-3,3000,4450.899736
2,3000,4452.419773
0,3000,4453.913828
0,3000,4455.417827
-4,3000,4456.910792
-1,3000,4458.413066
-1,3000,4459.929101
-1,3000,4461.444138
0,3000,4462.955137
-1,3000,4464.45713
1,3000,4465.949446
-1,3000,4467.474675
1,3000,4468.985078
-1,3000,4470.45505
-1,3000,4471.953078
0,3000,4473.449078
0,3000,4474.949078
-2,3000,4476.476183
0,3000,4477.982145
0,3000,4479.499367
-2,3000,4480.995458
-1,3000,4482.483683
-3,3000,4484.002729
0,3000,4485.529729
0,3000,4487.047781
-2,3000,4488.552388
0,3000,4490.00036
0,3000,4491.496425
1,3000,4493.018492
-1,3000,4494.528501
-1,3000,4496.045529
-1,3000,4497.539529
-2,3000,4499.041737
1,3000,4500.553789
0,3000,4502.062788
-3,3000,4503.563806
0,3000,4505.031803
0,3000,4506.474803
1,3000,4507.981842
0,3000,4509.492105
0,3000,4511.001149
-1,3000,4512.524193
0,3000,4514.021228
0,3000,4515.529229
-1,3000,4517.03924
2,3000,4518.546049
2,3000,4520.06705
-2,3000,4521.569728
0,3000,4523.084761
2,3000,4524.602747
-1,3000,4526.108865
0,3000,4527.623902
0,3000,4533.033813
1,3000,4537.680195
1,3000,4540.779541
0,3000,4545.203883
-4,3000,4548.232859
0,3000,4552.460172
-5,2703,4555.27197
1,3000,4558.357613
0,3000,4562.782757
0,3000,4565.803923
-2,3000,4570.114195
-2,3000,4573.203156
-2,3000,4577.572247
-1,3000,4580.687248
1,3000,4584.997502
-3,3000,4588.054309
-4,3000,4592.400279
-1,3000,4595.509374
-1,3000,4599.82298
0,3000,4602.854007
1,3000,4607.182466
-1,3000,4610.28178
0,3000,4613.491076
-1,3000,4617.769252
-1,3000,4620.868471
-1,3000,4625.305447
-1,3000,4628.372952
-1,3000,4632.720087
0,3000,4635.818118
-2,3000,4640.129089
-2,3000,4643.200478
0,3000,4647.599789
-1,3000,4650.626246
-5,2624,4654.001277
1,3000,4655.48827
-3,3000,4656.98227
-3,3000,4658.482584
-5,2505,4659.754581
-2,3000,4661.266548
-2,3000,4662.774576
-2,3000,4664.286818
-3,3000,4665.770784
-3,3000,4667.263775
-2,3000,4668.788838
-2,3000,4670.282866
-4,3000,4671.779866
-3,3000,4673.26084
-1,3000,4674.742867
-2,3000,4676.267874
-5,2892,4677.713908
-1,3000,4679.22593
-1,3000,4680.728971
0,3000,4682.212018
-2,3000,4683.717306
0,3000,4685.246316
-3,3000,4686.746309
-2,3000,4688.247912
-2,3000,4689.738913
-2,3000,4691.23297
-2,3000,4692.748935
-1,3000,4694.250969
-3,3000,4695.765991
0,3000,4697.263214
2,3000,4698.754777
-1,3000,4700.26284
0,3000,4701.776891
-2,3000,4703.286899
-2,3000,4704.784929
-2,3000,4706.269937
-2,3000,4707.768928
-1,3000,4709.278943
-3,3000,4710.786988
-5,1441,4711.518029
1,3000,4713.028028
-1,3000,4714.536003
-2,3000,4716.032071
1,3000,4717.535108
-3,2914,4719.00257
-2,3000,4720.535541
-4,3000,4721.978542
-3,3000,4723.456569
-1,3000,4724.956569
0,3000,4726.461576
-2,3000,4727.978569
0,3000,4729.481841
-1,3000,4730.969816
-2,3000,4732.476887
-5,2226,4733.583878
-1,3000,4735.094933
0,3000,4736.604966
-2,3000,4738.086965
-3,3000,4739.584303
-4,3000,4741.075306
-3,3000,4742.586308
-3,3000,4744.122307
-3,3000,4745.629299
0,3000,4747.1288
-1,3000,4748.63815
-4,2033,4749.64121
-2,3000,4751.14923
-2,3000,4752.651267
-4,3000,4754.140296
0,3000,4755.637599
-2,3000,4757.131644
-1,3000,4758.635164
-4,3000,4760.15816
-2,3000,4761.671155
-4,2325,4762.835133
-2,3000,4764.339189
-1,3000,4765.818125
-3,3000,4767.329138
-3,3000,4768.841434
0,3000,4770.336508
0,3000,4771.834503
-2,3000,4773.325523
-3,3000,4774.808498
-3,3000,4776.319523
-2,3000,4777.824525
-1,3000,4779.329512
-2,3000,4780.811487
-2,3000,4782.305539
-4,3000,4783.80986
-2,3000,4785.320134
-2,3000,4786.818194
-2,3000,4788.318879
0,3000,4789.816917
-1,3000,4791.321877
-5,2773,4792.724863
-1,3000,4794.234879
-2,3000,4795.745863
-2,3000,4797.239863
-3,3000,4798.729903
-1,3000,4800.228912
-1,3000,4803.670806
1,3000,4808.268385
-3,3000,4811.373821
-3,3000,4815.789402
-3,3000,4818.891014
-2,3000,4823.217607
-1,3000,4826.380969
-4,3000,4829.549752
0,3000,4833.776611
-1,3000,4836.858979
-3,3000,4841.13518
-5,2949,4844.194655
0,3000,4848.603639
-4,3000,4851.725819
-2,3000,4856.045163
-1,3000,4859.149666
1,3000,4863.59669
0,3000,4866.727278
-5,2893,4869.764026
-4,3000,4874.128488
0,3000,4877.284961
-1,3000,4881.642065
-1,3000,4884.783256
-2,3000,4889.030317
0,3000,4892.142463
-2,3000,4896.588176
-2,3000,4899.659188
-2,3000,4903.979188
-2,3000,4906.992392
-1,3000,4911.295623
1,3000,4914.450022
-3,3000,4918.722935
0,3000,4921.826178
-1,3000,4925.270216
1,3000,4926.745216
-1,3000,4928.257304
-1,3000,4929.761355
-1,3000,4931.257347
-2,3000,4932.762347
-1,3000,4934.267367
-1,3000,4935.79874
-3,3000,4937.301754
-1,3000,4938.788358
0,3000,4940.298359
0,3000,4941.792549
0,3000,4943.309548
0,3000,4944.830549
-2,3000,4946.338549
-2,3000,4947.848752
-2,3000,4949.343406
0,3000,4950.851405
-1,3000,4952.375445
0,3000,4953.856447
-2,3000,4955.361511
-1,3000,4956.863495
1,3000,4958.361676
-1,3000,4959.885707
0,3000,4961.401872
0,3000,4962.919897
-1,3000,4964.440896
-2,3000,4965.938935
0,3000,4967.444912
0,3000,4968.969735
0,3000,4970.471817
-1,3000,4971.972854
-1,3000,4973.468228
-1,3000,4974.962244
0,3000,4976.486537
-1,3000,4977.994606
-2,3000,4979.511047
-3,3000,4981.016079
-1,3000,4982.508076
0,3000,4984.019114
1,3000,4985.532169
-1,3000,4987.037198
-1,3000,4988.537199
1,3000,4990.020244
-2,3000,4991.524244
1,3000,4993.043504
-1,3000,4994.568513
-1,3000,4996.155513
-3,3000,4997.648504
1,3000,4999.14432
0,3000,5000.66032
-1,3000,5002.1733
0,3000,5003.687581
-1,3000,5005.193556
-2,3000,5006.667567
0,3000,5008.149603
0,3000,5009.66358
-2,3000,5011.177598
-1,3000,5012.696613
-2,3000,5014.199599
0,3000,5015.662571
-1,3000,5017.124571
-2,3000,5018.613689
-2,3000,5020.133688
-1,3000,5021.630699
-1,3000,5023.125727
-1,3000,5024.635773
-1,3000,5026.144766
0,3000,5027.662768
0,3000,5029.184985
-2,3000,5030.685927
-1,3000,5032.187928
0,3000,5033.699964
-3,3000,5035.213957
-2,3000,5036.727929
0,3000,5038.218952
0,3000,5039.719962
-1,3000,5041.212982
-1,3000,5042.72224
0,3000,5044.250242
1,3000,5045.759248
0,3000,5047.274251
-1,3000,5048.785277
0,3000,5050.282347
1,3000,5051.803447
-4,3000,5053.31645
-1,3000,5054.813522
1,3000,5056.313489
-2,3000,5057.805526
-1,3000,5059.339276
0,3000,5060.902352
1,3000,5062.415348
-1,3000,5063.924417
-2,3000,5065.431468
-1,3000,5066.93843
0,3000,5068.466618
-1,3000,5069.99359
0,3000,5071.500808
-1,3000,5072.975807
-2,3000,5074.449029
0,3000,5077.875251
-1,3000,5081.045401
0,3000,5085.736336
-1,3000,5088.828647
-1,3000,5093.244814
-1,3000,5096.378125
-1,3000,5100.716242
-4,3000,5103.84524
0,3000,5108.20226
-2,3000,5111.345272
0,3000,5115.617774
-3,3000,5118.7486
-2,3000,5123.120598
-3,3000,5126.240798
-3,3000,5130.582282
0,3000,5133.686519
-2,3000,5136.744675
0,3000,5141.037727
-3,3000,5144.095769
-1,3000,5148.477773
1,3000,5151.474915
-4,3000,5155.809939
-3,3000,5158.806233
-3,3000,5163.074204
-1,3000,5166.148635
-2,3000,5170.462118
0,3000,5173.532355
1,3000,5177.955795
-2,3000,5181.125077
0,3000,5184.228587
-1,3000,5188.455243
-3,3000,5191.519251
0,3000,5195.97546
0,3000,5198.078463
-1,3000,5199.548841
0,3000,5201.053864
0,3000,5202.568873
0,3000,5204.075078
-2,3000,5205.566104
0,3000,5207.062521
-1,3000,5208.562192
-2,3000,5210.066278
-1,3000,5211.579262
0,3000,5213.092263
0,3000,5214.589583
0,3000,5216.084554
-4,3000,5217.543588
-1,3000,5219.075583
0,3000,5220.571581
-2,3000,5222.044558
0,3000,5223.516554
-2,3000,5225.017582
1,3000,5226.526582
0,3000,5228.045643
-3,3000,5229.558532
-3,3000,5231.056533
-2,3000,5232.560776
0,3000,5234.054786
-1,3000,5235.577812
0,3000,5237.077784
-2,3000,5238.549492
-2,3000,5240.047525
0,3000,5241.547533
-1,3000,5243.059523
-1,3000,5244.611261
-2,3000,5246.116278
-1,3000,5247.5963
-2,3000,5249.075808
-2,3000,5250.551886
-2,3000,5252.067879
-2,3000,5253.574853
-2,3000,5255.062888
-1,3000,5256.554869
2,3000,5258.020868
-1,3000,5259.539129
-1,3000,5261.079167
-1,3000,5262.589403
0,3000,5264.063404
-2,3000,5265.541408
-1,3000,5266.999404
-1,3000,5268.548039
-2,3000,5270.027007
-1,3000,5271.506019
0,3000,5272.972019
1,3000,5274.459044
-1,3000,5275.975044
-1,3000,5277.4891
-1,3000,5279.002444
-1,3000,5280.515502
-1,3000,5282.012503
-1,3000,5283.507727
0,3000,5284.99273
-1,3000,5286.464727
0,3000,5287.959728
-2,3000,5289.435447
-1,3000,5290.918521
-1,3000,5292.431741
1,3000,5293.939822
-1,3000,5295.451823
0,3000,5296.966804
-3,3000,5298.461812
-2,3000,5299.956792
2,3000,5301.462837
2,3000,5302.979858
-1,3000,5304.496112
0,3000,5305.975156
0,3000,5307.470427
1,3000,5308.976477
1,3000,5310.485443
-1,3000,5312.005525
-2,3000,5313.516513
0,3000,5314.98651
-3,3000,5316.43949
-1,3000,5317.901489
0,3000,5319.410115
-1,3000,5320.914124
1,3000,5322.397116
-1,3000,5323.902113
-3,3000,5325.397148
-1,3000,5326.908202
0,3000,5328.429091
0,3000,5329.945157
-2,3000,5331.443156
-1,3000,5332.941157
0,3000,5334.443129
0,3000,5335.937129
0,3000,5337.396129
-1,3000,5338.866457
0,3000,5340.364464
1,3000,5341.848477
-1,3000,5343.373506
-1,3000,5344.907558
1,3000,5346.405521
1,3000,5351.301179
2,3000,5354.485265
-1,3000,5358.970833
1,3000,5362.139212
-4,3000,5366.512532
-1,3000,5369.699988
-1,3000,5374.05595
0,3000,5377.116395
0,3000,5381.409041
-1,3000,5384.499265
-2,3000,5387.632691
0,3000,5391.906597
-2,3000,5395.086602
-2,3000,5399.375264
1,3000,5402.473265
0,3000,5406.74208
-2,3000,5409.819939
0,3000,5414.192107
-2,3000,5417.239689
-1,3000,5421.564768
-3,3000,5424.702791
1,3000,5429.226858
0,3000,5432.31543
-1,3000,5436.757451
-2,3000,5439.845722
-1,3000,5442.939121
-2,3000,5447.321179
0,3000,5450.413494
0,3000,5454.882321
-2,3000,5457.965492
2,3000,5462.359585
-2,3000,5465.471776
1,3000,5469.860874
0,3000,5471.954874
-2,3000,5473.44787
-3,3000,5474.943967
-4,3000,5476.46494
-2,3000,5477.975008
-1,3000,5479.497013
-4,3000,5481.012007
2,3000,5482.509347
-3,3000,5484.01431
-2,3000,5485.525359
-2,3000,5487.038354
0,3000,5488.538002
-3,3000,5490.025969
-1,3000,5491.543179
-2,3000,5493.059229
-1,3000,5494.572229
1,3000,5496.0883
2,3000,5497.58631
0,3000,5499.086306
1,3000,5500.597355
0,3000,5502.103347
-3,3000,5503.620549
-1,3000,5505.118556
-1,3000,5506.619556
0,3000,5508.124595
-1,3000,5509.630288
-2,3000,5511.143324
-1,3000,5512.672317
-1,3000,5514.172317
-3,3000,5515.680324
-1,3000,5517.182325
-3,3000,5518.69162
-2,3000,5520.185581
-2,3000,5521.641587
-2,3000,5523.096581
-3,3000,5524.624609
-1,3000,5526.12466
-1,3000,5527.648703
-1,3000,5529.173675
-4,3000,5530.662674
-4,3000,5532.139699
-3,3000,5533.639701
-3,3000,5535.1617
0,3000,5536.680709
-1,3000,5538.16971
-1,3000,5539.666922
-1,3000,5541.16792
-1,3000,5542.739923
-2,3000,5544.242165
-1,3000,5545.751126
-1,3000,5547.264166
-2,3000,5548.764161
-1,3000,5550.231146
-1,3000,5551.726149
-2,3000,5553.247233
-2,3000,5554.750455
-2,3000,5556.253463
-1,3000,5557.741464
-3,3000,5559.260271
-3,2984,5560.782284
0,3000,5562.313308
-1,3000,5563.843347
-2,3000,5565.339384
-1,3000,5566.834384
-2,3000,5568.362583
-1,3000,5569.871583
-1,3000,5571.373854
-4,3000,5572.846798
-3,3000,5574.318835
-1,3000,5575.835104
-4,3000,5577.34907
2,3000,5578.866626
0,3000,5580.387633
-2,3000,5581.873641
-2,3000,5583.378642
-2,3000,5584.910641
-1,3000,5586.417904
-2,3000,5587.937897
-1,3000,5589.416883
-4,3000,5590.869882
-3,3000,5592.364912
-2,3000,5593.872177
-1,3000,5595.384152
-2,3000,5596.903273
0,3000,5598.402901
-1,3000,5599.8989
-2,3000,5601.410899
-1,3000,5602.922875
-1,3000,5604.433909
0,3000,5605.916909
-2,3000,5607.409883
-4,3000,5608.922429
-2,3000,5610.439485
-3,3000,5611.964455
-4,2964,5613.423449
1,3000,5614.878449
-2,3000,5616.334449
-2,3000,5617.797449
-3,3000,5619.308477
-2,3000,5620.818477
0,3000,5625.639536
0,3000,5628.806832
-1,3000,5633.240208
-1,3000,5636.369458
0,3000,5640.701577
0,3000,5643.749243
1,3000,5646.815401
-1,3000,5651.107687
-1,3000,5654.205721
0,3000,5658.487704
0,3000,5661.571732
0,3000,5665.97489
-2,3000,5668.960014
-1,3000,5673.238079
-2,3000,5676.268238
0,3000,5680.626151
0,3000,5683.665182
-1,3000,5687.956326
0,3000,5690.98768
0,3000,5694.023026
1,3000,5698.400003
1,3000,5701.423966
0,3000,5705.872151
0,3000,5708.888855
1,3000,5713.196042
-2,3000,5716.27502
-1,3000,5720.721042
-1,3000,5723.777014
0,3000,5728.05529
-2,3000,5731.21691
-2,3000,5735.472497
-1,3000,5738.55042
-1,3000,5742.857611
-1,3000,5744.958595
-2,3000,5746.429595
-1,3000,5747.904595
-5,2640,5749.180595
-1,3000,5750.66463
-3,3000,5752.193846
-2,3000,5753.706813
-3,3000,5755.221153
-1,3000,5756.714468
-3,3000,5758.206613
-3,3000,5759.724807
0,3000,5761.240879
-1,3000,5762.755921
-4,3000,5764.269927
-2,3000,5765.74695
-1,3000,5767.27496
-3,3000,5768.80279
-3,3000,5770.31679
-1,3000,5771.820835
-3,3000,5773.304803
0,3000,5774.770804
1,3000,5776.291885
0,3000,5777.811795
0,3000,5779.327177
-1,3000,5780.847427
-2,3000,5782.331475
0,3000,5783.849566
1,3000,5785.376574
-1,3000,5786.88775
-1,3000,5788.398761
1,3000,5789.889759
1,3000,5791.383803
-1,3000,5792.8978
0,3000,5794.410812
1,3000,5795.929852
-1,3000,5797.412823
0,3000,5798.876826
-1,3000,5800.358826
0,3000,5801.857852
-3,3000,5803.371851
1,3000,5804.880851
-1,3000,5806.368851
-1,3000,5807.880852
-3,2603,5809.181759
-1,3000,5810.702794
1,3000,5812.224847
-4,3000,5813.732865
-4,3000,5815.233527
-3,3000,5816.73823
0,3000,5818.302752
0,3000,5819.801724
-2,3000,5821.278813
0,3000,5822.779798
-3,2897,5824.251799
-2,3000,5825.741823
1,3000,5827.230834
-1,3000,5828.773026
-1,3000,5830.294024
-1,3000,5831.796024
-2,3000,5833.293032
0,3000,5834.796036
0,3000,5836.320034
1,3000,5837.818033
-3,3000,5839.3121
4,1966,5840.294105
-4,3000,5841.786395
-1,3000,5843.303435
-2,3000,5844.821481
0,3000,5846.322474
0,3000,5847.830469
0,3000,5849.293497
-2,3000,5850.788415
0,3000,5852.305332
-2,3000,5853.81036
-1,3000,5855.298368
-2,3000,5856.795374
-1,3000,5858.282398
-1,3000,5859.795388
1,3000,5861.308437
-1,3000,5862.819443
-1,3000,5864.335411
-5,2804,5865.735466
-1,3000,5867.224462
-1,3000,5868.715671
0,3000,5870.221672
-2,3000,5871.723963
3,3000,5873.221239
-2,3000,5874.729205
-2,3000,5876.23924
1,3000,5877.75224
-1,3000,5879.267297
0,3000,5880.780268
-3,3000,5882.238242
0,3000,5883.715268
-3,3000,5885.230565
-1,3000,5886.738558
-3,3000,5888.260986
-1,3000,5889.741968
-2,3000,5891.236996
-1,3000,5892.749037
-3,3000,5896.191038
-1,3000,5900.761311
1,3000,5903.936483
-2,3000,5908.188091
0,3000,5911.264068
-1,3000,5915.712599
-1,3000,5918.810636
2,3000,5923.144954
-1,3000,5926.187279
-1,3000,5930.529656
-1,3000,5933.618101
-1,3000,5937.953223
0,3000,5941.110938
-2,3000,5945.520898
0,3000,5948.579948
-3,3000,5951.585121
0,3000,5955.913414
0,3000,5959.005328
-1,3000,5963.463711
-2,3000,5966.605884
-1,3000,5970.973866
0,3000,5974.055894
-2,3000,5978.358518
0,3000,5981.444565
-1,3000,5985.739551
-1,3000,5988.78982
-2,3000,5993.159855
-1,3000,5996.276284
0,3000,6000.62376
0,3000,6003.768788
-1,3000,6006.822797
-1,3000,6011.097274
2,3000,6014.209308
-3,3000,6017.569674
-4,2150,6018.651235
-3,3000,6020.176237
-2,3000,6021.671312
0,3000,6023.174304
-3,3000,6024.683304
-1,3000,6026.195297
-2,3000,6027.720304
-4,3000,6029.236557
-4,3000,6030.748608
-2,3000,6032.263901
-2,3000,6033.749889
-4,3000,6035.263889
-1,3000,6036.783932
-3,2969,6038.263907
-2,3000,6039.746907
0,3000,6041.237984
-4,3000,6042.734984
-2,3000,6044.264273
-5,2691,6045.618298
-3,3000,6047.135309
-2,3000,6048.644883
-4,2393,6049.827873
-4,3000,6051.350049
-4,1495,6052.110013
-2,3000,6053.589021
0,3000,6055.050013
-2,3000,6056.530041
-2,3000,6058.036266
-4,2835,6059.46526
-3,3000,6060.987267
0,3000,6062.501234
-1,3000,6064.028313
-1,3000,6065.521326
-4,3000,6067.046366
-4,3000,6068.575235
-1,3000,6070.088278
-1,3000,6071.59693
-4,2932,6073.068186
-3,3000,6074.580147
-3,3000,6076.09118
-1,3000,6077.618144
-2,3000,6079.106425
-3,3000,6080.628463
-1,3000,6082.122549
-1,3000,6083.627864
-1,3000,6085.211856
-3,3000,6086.733913
-1,3000,6088.256125
-4,3000,6089.754125
-3,3000,6091.254125
-5,2834,6092.685462
-1,3000,6094.193459
-2,3000,6095.707458
0,3000,6097.229502
-4,2921,6098.686787
-1,3000,6100.147784
-2,3000,6101.619784
-3,3000,6103.134819
-3,3000,6104.647824
-5,2803,6106.040812
-2,3000,6107.542012
0,3000,6109.037875
-1,3000,6110.55187
-3,3000,6112.073911
-2,3000,6113.601227
1,3000,6115.104734
-1,3000,6116.612771
-3,3000,6118.112815
-3,3000,6119.636261
-1,3000,6121.148252
-1,3000,6122.63825
-5,1611,6123.45025
-3,3000,6124.948297
-2,3000,6126.454383
-2,3000,6127.973412
-2,3000,6129.506152
0,3000,6131.004164
-4,3000,6132.498252
-1,3000,6133.983116
-4,3000,6135.466116
0,3000,6136.956129
-3,3000,6138.455463
-1,3000,6139.964519
-3,3000,6141.452783
-3,3000,6142.918782
0,3000,6144.40778
-2,3000,6145.895022
-2,3000,6147.410021
-3,3000,6148.912492
-3,3000,6150.405529
-4,3000,6151.921513
-3,3000,6153.434882
-3,3000,6154.941875
0,3000,6156.438912
-3,3000,6157.930912
-2,3000,6159.433845
-4,3000,6160.952835
-3,3000,6162.462836
0,3000,6163.980307
-2,3000,6167.384841
0,3000,6172.012761
1,3000,6175.213372
0,3000,6179.563684
-1,3000,6182.68146
-2,3000,6187.052591
0,3000,6190.064656
-1,3000,6194.435628
0,3000,6197.565856
-1,3000,6202.050379
-2,3000,6205.170599
1,3000,6208.231591
0,3000,6212.595009
-2,3000,6215.672009
-3,3000,6219.978881
-2,3000,6223.087156
-3,3000,6227.536791
0,3000,6230.685725
-1,3000,6235.048136
0,3000,6238.181036
-1,3000,6242.504836
-2,3000,6245.627047
-2,3000,6249.963287
-1,3000,6253.144324
-4,3000,6256.165332
-2,3000,6260.60755
0,3000,6263.741894
0,3000,6268.05009
-1,3000,6271.196624
-1,3000,6275.501982
-4,2885,6278.72469
-3,3000,6283.054887
-3,3000,6286.219051
-2,3000,6289.689695
-1,3000,6291.1939
-3,3000,6292.693965
1,3000,6294.206964
-1,3000,6295.739974
0,3000,6297.253973
0,3000,6298.746094
0,3000,6300.252109
-1,3000,6301.753103
0,3000,6303.274111
0,3000,6304.795069
-1,3000,6306.275084
0,3000,6307.753111
-1,3000,6309.219128
0,3000,6310.719142
-2,3000,6312.222153
1,3000,6313.728221
-2,3000,6315.228231
-1,3000,6316.742194
-3,3000,6318.235267
-2,3000,6319.747389
-1,3000,6321.259355
0,3000,6322.756636
0,3000,6324.254668
1,3000,6325.743726
0,3000,6327.258736
-4,3000,6328.780661
-1,3000,6330.279701
1,3000,6331.778735
-1,3000,6333.273775
-1,3000,6334.773777
0,3000,6336.295774
-2,3000,6337.800851
-1,3000,6339.289738
-2,3000,6340.786736
-1,3000,6342.273169
0,3000,6343.80122
-4,3000,6345.315241
-2,3000,6346.830258
-3,3000,6348.345022
-1,3000,6349.830022
-1,3000,6351.326268
0,3000,6352.841352
1,3000,6354.34232
-1,3000,6355.799316
0,3000,6357.277351
-3,3000,6358.742348
0,3000,6360.243348
-1,3000,6361.740366
-1,3000,6363.247364
0,3000,6364.762398
-1,3000,6366.254364
-3,1549,6367.128361
-2,3000,6368.760323
-2,3000,6370.276299
-2,3000,6371.784323
-1,3000,6373.339217
-1,3000,6374.842208
0,3000,6376.355258
-3,3000,6377.87431
-1,3000,6379.392671
-1,3000,6380.913676
-1,3000,6382.413673
-1,3000,6383.93085
-2,3000,6385.442845
0,3000,6386.943826
-2,3000,6388.428627
0,3000,6389.912708
0,3000,6391.4067
0,3000,6392.916793
1,3000,6394.42378
-1,3000,6395.947809
-1,3000,6397.469831
1,3000,6398.965995
-1,3000,6400.478994
-3,3000,6401.991995
-1,3000,6403.509059
0,3000,6405.010103
-2,3000,6406.475077
-2,3000,6407.975103
0,3000,6409.471105
-1,3000,6410.985371
0,3000,6412.505371
0,3000,6414.010375
1,3000,6415.514362
-2,3000,6417.010362
-1,3000,6418.505266
0,3000,6420.020339
-1,3000,6421.527398
0,3000,6423.023421
-1,3000,6424.536462
0,3000,6426.024467
-1,3000,6427.828431
0,3000,6429.317256
0,3000,6430.809269
-1,3000,6432.323258
-1,3000,6433.823315
-1,3000,6435.313283
0,3000,6436.819321
-2,3000,6438.32659
-1,3000,6441.824175
-5,1612,6444.118984
-1,3000,6447.255018
-1,3000,6451.687335
-2,3000,6454.775346
-3,3000,6459.099694
0,3000,6462.254829
-2,3000,6466.709874
0,3000,6469.771107
0,3000,6474.192336
-2,3000,6477.311361
-4,3000,6481.648391
-2,3000,6484.712245
-1,3000,6489.015407
-5,2977,6492.088598
-1,3000,6495.226707
0,3000,6499.638866
-1,3000,6502.66486
-3,3000,6507.002309
-1,3000,6510.025278
-2,3000,6514.433657
-3,3000,6517.469672
2,3000,6521.888592
-1,3000,6524.917058
0,3000,6529.265127
-1,3000,6532.394154
-1,3000,6536.668484
-1,3000,6539.749219
-2,3000,6542.835096
-4,3000,6547.230469
-2,3000,6550.25439
-2,3000,6554.625851
-1,3000,6557.782134
2,3000,6563.281461
0,3000,6564.794511
1,3000,6566.276521
2,3000,6567.782521
-1,3000,6569.296354
0,3000,6570.809652
-1,3000,6572.322898
-3,3000,6573.817959
0,3000,6575.312967
-2,3000,6576.827057
1,3000,6578.341056
0,3000,6579.859068
0,3000,6581.368961
-1,3000,6582.858988
-1,3000,6584.363978
0,3000,6585.867978
1,3000,6587.382987
1,3000,6588.884015
-2,3000,6590.374031
2,3000,6591.881015
-2,3000,6593.385592
0,3000,6594.89651
0,3000,6596.418558
0,3000,6597.917537
0,3000,6599.416967
0,3000,6600.984425
0,3000,6602.491473
0,3000,6604.021437
1,3000,6605.622471
-1,3000,6607.116473
0,3000,6608.614489
1,3000,6610.115494
0,3000,6611.630457
0,3000,6613.168172
0,3000,6614.699174
0,3000,6616.20618
-2,3000,6617.707211
-2,3000,6619.217866
1,3000,6620.744875
1,3000,6622.256878
0,3000,6623.754867
0,3000,6625.247876
-2,3000,6626.749866
-1,3000,6628.285993
0,3000,6629.793845
0,3000,6631.305835
-3,3000,6632.806834
0,3000,6634.293833
1,3000,6635.809836
0,3000,6637.321834
1,3000,6638.827154
-1,3000,6640.354193
2,3000,6641.865182
1,3000,6643.389529
0,3000,6644.912521
1,3000,6646.420491
-1,3000,6647.936538
2,3000,6649.437204
1,3000,6650.929209
-1,3000,6652.447308
-1,3000,6653.946279
-1,3000,6655.417318
0,3000,6656.919315
-2,3000,6658.423452
-1,3000,6659.937462
2,3000,6661.448425
-2,3000,6662.95846
0,3000,6664.490567
0,3000,6665.953563
-1,3000,6667.560795
-2,3000,6669.054797
0,3000,6670.544792
0,3000,6672.025844
0,3000,6673.52088
-1,3000,6675.008872
0,3000,6676.520072
-1,3000,6678.038092
-1,3000,6679.557842
1,3000,6681.082806
-1,3000,6682.577835
-2,3000,6684.082139
-5,3000,6685.589103
-2,3000,6687.102137
0,3000,6688.613107
-2,3000,6690.082065
-2,3000,6691.606065
1,3000,6693.127074
0,3000,6694.645308
-1,3000,6696.165295
-2,3000,6697.673317
-2,3000,6699.173317
0,3000,6700.674316
1,3000,6702.173392
0,3000,6703.688372
-2,3000,6705.20037
-2,3000,6706.704415
0,3000,6708.218415
-3,3000,6709.712436
-2,3000,6711.225427
-1,3000,6712.726427
-2,3000,6718.066365
0,3000,6721.278739
0,3000,6725.699294
0,3000,6728.816414
-2,3000,6733.048615
-3,3000,6736.144615
-2,3000,6740.449779
-2,3000,6743.577929
-2,3000,6747.945479
-2,3000,6751.075537
-1,3000,6755.441713
-1,3000,6758.518059
-2,3000,6762.778219
0,3000,6765.846247
0,3000,6768.949368
-3,3000,6773.35122
-4,3000,6776.418223
0,3000,6780.788411
-1,3000,6783.846205
-3,3000,6788.131281
-4,3000,6791.224734
0,3000,6795.551952
-3,3000,6798.740995
-1,3000,6803.13022
-2,3000,6806.260416
-3,3000,6810.590341
0,3000,6813.685393
-3,3000,6818.015095
-1,3000,6821.163008
-2,3000,6824.22543
-4,3000,6828.668261
-1,3000,6831.793463
-3,3000,6836.069644
0,3000,6838.176643
1,3000,6839.679251
0,3000,6841.175276
0,3000,6842.658502
-1,3000,6844.18551
-1,3000,6845.685511
-1,3000,6847.192505
0,3000,6848.690532
0,3000,6850.181552
0,3000,6851.678556
-2,3000,6853.19259
-1,3000,6854.69966
0,3000,6856.215886
0,3000,6857.71392
0,3000,6859.216659
0,3000,6860.730641
0,3000,6862.274755
-1,3000,6863.793955
-3,3000,6865.292947
-1,3000,6866.782962
-1,3000,6868.293991
0,3000,6869.797986
-1,3000,6871.309
-2,3000,6872.804177
-2,3000,6874.290177
1,3000,6875.790403
0,3000,6877.313454
-4,2885,6878.748439
-1,3000,6880.239436
0,3000,6881.729473
-1,3000,6883.203489
0,3000,6884.674485
-2,3000,6886.188495
-3,3000,6887.696483
-1,3000,6889.19428
-1,3000,6890.70154
0,3000,6892.211558
-1,3000,6893.714505
-2,3000,6895.225539
-2,3000,6896.737541
0,3000,6898.238548
0,3000,6899.731581
-1,3000,6901.223586
0,3000,6902.730623
-3,3000,6904.255631
-1,3000,6905.746712
-2,3000,6907.231759
0,3000,6908.769587
-1,3000,6910.256551
0,3000,6911.756566
-4,3000,6913.272693
-1,3000,6914.785715
-1,3000,6916.296792
-1,3000,6917.785699
0,3000,6919.294916
-1,3000,6920.809994
2,3000,6922.306024
-1,3000,6923.804077
-1,3000,6925.290077
1,3000,6926.803077
1,3000,6928.315968
-1,3000,6929.828931
1,3000,6931.341959
-1,3000,6932.842999
-1,3000,6934.327991
-4,3000,6935.844994
1,3000,6937.351994
-3,3000,6938.838234
1,3000,6940.302234
-1,3000,6941.763261
-1,3000,6943.270307
2,3000,6944.795299
-1,3000,6946.308309
-2,3000,6947.885378
-1,3000,6949.381596
0,3000,6950.884586
-2,3000,6952.399529
-1,3000,6953.906498
-1,3000,6955.403521
-1,3000,6956.912574
-2,3000,6958.402529
1,3000,6959.90252
1,3000,6961.405519
-1,3000,6962.928539
0,3000,6964.452533
-1,3000,6965.939569
-2,3000,6967.486624
-2,3000,6969.028893
-3,3000,6970.536949
-3,3000,6972.038954
1,3000,6973.529985
0,3000,6975.020023
0,3000,6976.519068
-3,3000,6978.039084
0,3000,6979.555863
-3,3000,6981.079915
-1,3000,6982.571914
1,3000,6984.074871
-2,3000,6985.570938
-1,3000,6987.083185
