#{"t_start": 1658138944.8868062, "env_id": null}
r,l,t
-3,554,19.459055
3,600,40.914734
-2,671,65.373111
3,667,89.381496
-1,769,116.912325
-3,582,135.52408
2,677,161.420473
2,660,187.583664
-1,705,214.931625
-3,547,235.764139
-2,687,261.891228
-3,585,284.088168
-2,840,316.647627
1,706,340.490785
3,551,361.372809
2,670,387.027699
1,880,420.816634
-2,718,445.795862
-1,772,471.128857
1,697,497.181142
2,655,522.764244
-1,737,550.66684
-4,472,568.509669
-2,681,594.343236
2,683,620.398005
-2,672,645.906802
-1,797,675.969269
-1,774,705.34097
-4,491,723.994032
-2,643,749.118128
-1,722,776.68129
4,562,797.923052
-3,619,821.500093
-2,711,848.24998
-2,809,878.52706
-2,741,905.371101
-2,730,929.111044
1,751,953.140092
4,465,967.995094
-2,713,990.713609
1,875,1018.489764
2,719,1041.825696
3,666,1062.392696
5,381,1074.412695
4,617,1094.568268
1,728,1117.909253
2,669,1139.73926
-1,852,1171.066776
-1,818,1202.068793
1,777,1230.859417
-3,575,1252.410429
4,518,1271.880656
4,458,1289.126779
-3,608,1311.663721
-2,675,1337.11443
-1,803,1367.075396
-1,711,1394.332409
3,575,1415.561249
-5,425,1431.383391
1,809,1460.962409
-4,526,1482.079687
-1,752,1509.834447
4,471,1527.23254
-1,763,1554.65628
3,606,1576.916925
5,432,1592.949493
4,466,1610.557622
2,693,1636.592945
3,542,1658.041323
2,634,1682.17351
1,798,1712.806592
-5,416,1728.669637
-3,585,1751.389785
1,720,1778.59444
-1,756,1807.342191
3,610,1830.716441
4,563,1852.938928
-2,716,1880.574232
2,702,1906.898671
-1,720,1934.370238
-3,613,1961.244143
5,405,1974.887149
3,554,1992.077031
-2,655,2006.608413
-3,568,2019.294264
4,542,2031.313239
1,759,2047.849572
5,452,2057.749792
2,659,2073.804695
-3,583,2087.333621
-4,443,2097.819037
-2,670,2115.134267
-1,745,2132.413311
1,760,2149.646244
3,602,2163.673242
3,587,2176.873483
2,639,2191.438293
1,744,2208.149235
4,551,2220.617434
-2,619,2234.496705
1,926,2256.339169
-3,602,2270.165091
-1,789,2288.67806
-2,670,2304.031837
1,758,2321.257016
5,399,2330.109196
-4,497,2341.176994
-3,628,2355.127656
4,487,2366.333131
1,740,2382.837715
4,500,2394.008293
1,729,2410.540987
1,794,2429.986408
4,527,2442.504251
-2,672,2458.284787
-5,469,2469.319071
2,666,2485.361174
3,579,2499.11687
2,626,2513.852655
1,802,2532.959713
2,643,2548.313395
-3,616,2562.867867
4,504,2574.541141
-4,632,2589.493141
3,527,2601.918425
-1,819,2620.61736
-4,538,2633.006621
1,709,2649.151705
1,773,2667.658015
-1,695,2684.074733
-4,541,2696.813258
-2,685,2712.93817
1,782,2731.463997
1,673,2747.177598
3,614,2761.51745
-4,479,2772.637508
-2,711,2789.039844
-3,664,2804.073243
1,753,2821.561355
-2,689,2837.701304
3,571,2851.598205
-2,755,2869.043138
2,657,2884.335742
3,554,2897.357404
3,622,2912.113547
-2,679,2927.725189
2,811,2946.402736
3,564,2959.372388
1,720,2976.289747
1,747,2993.582064
1,808,3012.327143
4,474,3023.341229
4,522,3036.287018
-5,475,3047.875472
2,667,3055.411999
-2,686,3055.867002
-2,718,3056.424998
2,629,3056.843999
1,828,3057.407025
2,654,3057.853001
-5,413,3058.136704
-2,685,3058.5987
-2,610,3059.0107
1,721,3059.548877
-4,529,3059.915134
-5,431,3060.240141
3,553,3060.644138
3,694,3061.140138
2,637,3061.580292
1,877,3062.186291
4,475,3062.511288
1,731,3063.031317
-2,716,3063.552635
-3,571,3063.931708
1,758,3064.437707
3,550,3064.786738
2,801,3065.34271
2,668,3065.775799
-2,684,3066.255798
-4,557,3066.635797
4,505,3066.952795
-1,798,3067.476525
-3,623,3067.917523
3,537,3068.295524
4,568,3068.677526
-1,879,3069.292556
-5,405,3069.573553
-4,567,3069.975524
-1,809,3070.525526
2,693,3070.976552
-1,819,3071.514796
2,664,3071.951792
-2,663,3072.418793
-3,567,3072.79399
2,673,3073.264153
-3,623,3073.684154
1,774,3074.206152
-1,716,3074.69095
-5,416,3074.96595
4,493,3075.28495
4,518,3075.642949
-2,701,3076.136117
1,782,3076.696318
2,707,3077.153348
-4,555,3077.532319
-1,738,3078.043394
-2,762,3078.577392
2,676,3079.025417
4,579,3079.436394
-3,552,3079.857397
4,508,3080.192415
3,624,3080.665396
-3,619,3081.075397
4,565,3081.458397
2,677,3081.918397
2,771,3082.462395
-4,472,3082.764395
1,797,3083.275425
2,648,3083.709438
-4,500,3084.04572
-5,461,3084.340716
-2,646,3084.795716
-1,812,3085.367746
-3,640,3085.810716
3,552,3086.201717
2,595,3086.572717
-3,605,3086.989744
1,762,3087.530721
-2,679,3087.993924
2,707,3088.524106
-3,608,3088.982107
1,782,3089.560108
-2,868,3090.097108
3,562,3090.465109
-4,509,3090.78711
-2,748,3091.295109
3,603,3091.694108
-3,683,3092.165314
-3,663,3092.609284
-2,927,3093.257312
-3,732,3093.770284
4,470,3094.112287
-3,680,3094.592286
3,558,3094.967574
-2,644,3095.392572
2,657,3095.845778
5,380,3096.09478
-4,622,3096.52478
-1,738,3097.001938
-3,569,3097.400939
2,637,3097.836938
2,720,3098.374029
2,680,3098.865303
1,817,3099.383264
4,512,3112.511165
-4,490,3124.321737
-1,771,3142.698186
-4,577,3156.147829
-1,752,3173.797252
-1,772,3191.975064
-2,707,3208.786779
-1,825,3227.970062
5,497,3239.457134
-2,699,3255.851336
3,547,3268.944551
1,680,3284.966545
-1,790,3303.557291
-2,773,3321.679935
3,595,3336.068119
4,580,3349.640108
-1,784,3367.81209
-3,591,3381.590944
4,523,3395.176522
2,640,3410.876865
2,807,3430.382725
-2,748,3448.535669
1,837,3469.000541
-3,642,3484.60009
-3,588,3499.005247
2,662,3514.739832
-1,749,3533.147372
-2,640,3548.64381
-4,495,3560.43662
3,736,3578.257212
-3,580,3592.383071
-2,663,3608.181119
-3,603,3622.592787
4,517,3635.032427
1,769,3654.249126
3,569,3668.310348
4,463,3679.766946
3,666,3695.936872
2,676,3712.344105
2,680,3728.789116
-3,806,3748.079617
-1,743,3765.891354
-3,575,3780.181939
-2,665,3796.404583
-1,743,3814.62981
-1,812,3841.093422
-2,683,3869.877286
-2,633,3888.793792
1,752,3911.082952
4,462,3924.743672
2,607,3942.657772
-5,447,3956.005635
2,671,3975.553931
2,685,3995.382648
5,462,4009.227581
-3,644,4028.411679
-1,823,4053.528407
-1,739,4075.549505
-1,737,4101.04877
-2,639,4119.934578
-3,592,4137.227812
1,794,4160.750808
3,532,4176.466532
4,448,4189.572999
3,577,4206.578797
4,520,4221.772991
2,683,4241.24545
1,819,4259.874536
-2,686,4274.753542
-1,750,4290.688576
-1,773,4308.77814
-4,512,4324.108312
2,685,4344.320244
-1,788,4367.171411
3,598,4385.025554
-2,612,4404.861139
4,473,4422.728439
3,569,4444.307899
4,549,4464.320593
2,659,4489.111276
3,591,4510.662719
-1,766,4538.996671
3,566,4559.905613
-1,911,4584.661817
-1,759,4605.409492
3,626,4618.840322
1,742,4634.736652
-3,636,4648.050912
-3,631,4661.335693
-4,462,4671.189729
-1,770,4687.834056
4,476,4697.46656
-2,826,4714.859723
-2,596,4727.282559
2,632,4741.27938
-1,768,4757.014955
3,599,4769.196533
4,570,4781.158052
-3,606,4794.217387
-2,682,4808.375044
-2,683,4822.635329
1,800,4839.845681
2,622,4853.582191
-3,644,4867.351141
2,612,4879.7306
1,783,4895.642368
-5,440,4905.048109
3,597,4918.310708
3,552,4929.655681
2,669,4943.843379
1,731,4959.065642
-3,589,4971.173147
3,624,4984.249945
-4,526,4994.962699
1,732,5010.487193
4,511,5021.025672
1,724,5035.972795
-1,794,5052.329308
3,703,5067.130127
-1,676,5080.89345
-1,704,5095.434967
3,560,5107.298907
-3,531,5118.339503
-4,514,5128.810622
-4,584,5140.716544
-1,826,5158.112281
-1,709,5173.11526
1,822,5190.092323
-4,494,5200.203122
3,553,5211.854042
3,628,5225.393289
-2,728,5240.511671
-2,651,5253.798789
-1,810,5270.541507
-4,488,5281.705283
2,678,5296.181461
-4,484,5306.239529
5,404,5314.729171
1,757,5330.488239
2,642,5344.113158
2,700,5358.296162
4,631,5371.232746
2,811,5388.412872
-4,629,5401.65616
-3,544,5413.097596
-1,780,5429.252846
-1,804,5446.239409
-5,401,5454.711902
1,680,5469.076662
4,500,5479.63839
2,683,5498.864035
-2,610,5514.462663
2,612,5530.324697
-1,816,5548.058538
4,459,5548.351541
3,600,5548.76454
-1,819,5549.279537
-3,634,5549.706541
-5,394,5549.952859
-4,583,5550.33586
1,750,5550.833649
-1,782,5551.341654
2,654,5551.771657
3,591,5552.19791
-1,717,5552.689155
-2,707,5553.13315
-3,609,5553.537153
2,674,5554.013152
2,698,5554.515149
-2,700,5554.973154
4,561,5555.351194
2,635,5555.786217
-1,789,5556.331192
3,579,5556.738219
-4,474,5557.070194
2,622,5557.488191
3,643,5557.91936
-5,425,5558.209354
1,677,5558.713356
5,424,5559.012354
2,723,5559.528538
5,375,5559.79554
3,669,5560.263539
3,569,5560.675539
-3,592,5561.039541
-4,533,5561.385567
-3,561,5561.74872
-1,820,5562.275558
1,760,5562.811558
1,784,5563.322557
3,564,5563.711556
3,627,5564.148558
5,507,5564.49556
-5,441,5564.819557
2,657,5565.249556
-3,552,5565.611556
1,736,5566.098556
-2,698,5566.557558
-3,637,5566.994554
2,675,5567.412555
3,587,5567.833556
-3,681,5568.295793
-2,625,5568.716818
3,553,5569.098795
1,740,5569.6061
-2,601,5570.039102
-4,467,5570.370261
3,645,5570.860263
3,627,5571.26327
2,642,5571.681267
-2,693,5572.128263
-2,772,5572.672265
-1,721,5573.141265
-3,564,5573.545645
3,563,5573.954671
-1,826,5574.58865
-1,745,5575.113415
2,619,5575.55441
2,629,5575.991419
3,537,5576.349414
-2,668,5576.819416
2,692,5577.297415
-4,487,5577.635581
2,614,5578.065576
-2,654,5578.514581
-3,567,5578.868577
-5,398,5579.147577
1,758,5579.652576
-5,444,5579.92358
1,714,5580.40358
-1,753,5580.898576
5,418,5581.181608
-5,401,5581.441318
5,457,5581.748285
2,645,5582.160455
1,776,5582.68832
-2,676,5583.154336
2,672,5583.583336
-1,670,5584.039516
-3,661,5584.530519
-3,681,5585.027755
5,414,5585.287716
2,663,5585.734715
-2,847,5586.33072
1,748,5586.809715
-2,653,5587.231904
-4,537,5587.603908
2,668,5588.067904
5,475,5588.424058
2,683,5588.875209
-5,448,5589.188373
1,739,5589.754413
5,408,5590.042376
4,562,5604.394492
1,797,5624.914836
1,774,5644.354674
4,516,5657.292389
3,587,5671.7899
4,459,5683.179677
4,475,5695.05668
2,722,5712.943003
2,633,5728.816302
-1,702,5746.104801
-3,561,5759.774009
2,714,5777.216676
4,480,5788.714718
1,802,5808.319102
-1,903,5830.303706
2,639,5845.832088
-1,856,5866.843956
3,593,5882.886787
4,503,5895.900158
4,538,5909.574204
3,584,5924.530396
1,782,5944.31822
1,768,5963.384851
-1,765,5982.276943
4,563,5996.346269
-2,611,6011.679584
3,583,6025.751183
-2,692,6042.601686
4,567,6056.298807
4,502,6068.767236
-1,813,6089.018619
5,452,6100.250141
-3,562,6114.305655
-4,496,6126.8484
1,822,6146.815063
3,646,6162.675278
-1,907,6184.785114
-3,565,6199.035784
2,693,6215.998468
-2,661,6232.449868
2,732,6250.494539
3,624,6266.67018
2,707,6284.662563
1,818,6305.4398
1,700,6323.223283
-5,407,6333.265965
-3,546,6346.453475
-1,758,6364.871511
1,786,6383.80031
1,753,6403.310825
3,610,6418.953085
1,732,6437.923631
-5,388,6447.953894
-1,759,6467.502439
2,687,6484.943317
4,456,6496.819875
-1,732,6515.363194
1,773,6534.354564
1,695,6551.374425
-1,760,6569.881622
3,613,6584.574322
-3,598,6600.422355
-1,840,6621.590528
2,728,6640.325339
1,686,6657.76043
-2,666,6675.170942
4,506,6687.927765
-2,677,6704.809254
-2,696,6722.311034
-1,769,6742.325671
4,487,6754.593126
2,660,6771.387975
-3,582,6786.286381
-1,842,6807.309748
1,888,6829.011205
2,751,6847.229543
2,692,6863.905591
-4,518,6876.908584
-2,680,6893.664842
-3,606,6908.58718
-3,605,6923.532928
1,822,6944.982305
-1,874,6967.060502
3,587,6981.951178
2,677,6999.118865
2,776,7018.372867
-3,567,7032.453497
2,700,7049.758808
-1,957,7073.097015
5,446,7084.533408
-3,542,7098.127649
-4,540,7111.727609
3,640,7127.727251
-1,770,7146.882856
2,719,7164.389699
3,580,7178.457805
-1,784,7197.705544
2,691,7214.853856
-1,885,7236.157592
4,455,7247.289396
2,665,7263.847611
2,791,7283.680003
5,538,7296.900379
3,693,7314.058826
2,612,7329.367263
3,627,7345.737239
4,592,7360.133947
3,612,7375.152412
-3,752,7393.868801
2,725,7412.52299
5,404,7422.664372
-5,442,7433.624281
-2,709,7451.377879
-4,495,7463.871552
3,691,7480.867117
3,523,7493.657638
-3,574,7507.716717
-2,614,7523.632975
-3,557,7537.587355
-1,817,7558.224628
-3,552,7572.318395
3,616,7587.903581
3,554,7601.693597
4,573,7615.924211
-3,601,7630.969412
-2,699,7648.306424
2,721,7665.814972
-1,763,7684.37253
-3,538,7697.577971
2,639,7714.277419
2,676,7731.082713
-5,435,7741.945523
-1,817,7762.234909
-2,714,7779.923948
3,641,7795.460877
-1,997,7819.924571
-4,454,7831.083579
2,694,7849.400526
-3,604,7865.06533
-4,525,7878.502563
-1,768,7898.248088
2,624,7914.552931
4,490,7927.146154
3,604,7942.752354
1,696,7960.503529
2,648,7977.271147
-2,646,7993.508071
2,693,8010.919892
2,687,8028.369564
-3,559,8042.24343
4,507,8054.560783
-2,690,8071.410697
-3,545,8084.822391
-1,778,8091.097432
-1,769,8091.598457
1,727,8092.069429
3,705,8092.545432
1,736,8093.007427
-2,770,8093.562427
-3,538,8093.918258
3,549,8094.326452
3,579,8094.719458
5,436,8095.044449
4,493,8095.353451
1,715,8095.83148
-3,617,8096.256482
2,707,8096.751568
4,464,8097.043568
-2,705,8097.498568
-3,639,8097.925038
3,610,8098.342808
3,751,8098.840071
2,732,8099.290797
3,561,8099.653956
2,652,8100.057545
-2,667,8100.479422
-3,590,8100.853207
3,590,8101.228168
-3,603,8101.622448
3,630,8102.017114
2,707,8102.510115
-1,752,8103.007114
-1,829,8103.570116
4,596,8103.969114
-2,629,8104.406114
5,489,8104.740111
3,554,8105.121132
3,575,8105.519128
3,774,8106.040172
-1,746,8106.580173
2,671,8107.012173
2,644,8107.492176
-3,608,8107.866173
-3,603,8108.256171
2,693,8108.710172
1,672,8109.139176
4,496,8109.472173
-4,539,8109.821172
2,625,8110.219171
3,605,8110.612173
3,689,8111.089175
-2,648,8111.520066
-2,665,8111.969067
4,455,8112.254071
2,741,8112.720068
-2,621,8113.125066
1,865,8113.709066
1,786,8114.248069
3,588,8114.644067
3,533,8114.998072
1,762,8115.464149
-2,674,8115.871244
3,612,8116.246034
5,440,8116.507197
4,550,8116.8634
-2,710,8117.321448
-1,736,8117.771895
1,795,8118.265059
2,654,8118.709189
3,594,8119.089181
-1,785,8119.622183
-2,804,8120.162187
3,665,8120.629184
2,726,8121.111185
5,393,8121.373333
-2,658,8121.808508
4,487,8122.135509
2,796,8122.648209
-2,804,8123.171209
-2,702,8123.626207
2,699,8124.116209
2,623,8124.517389
1,797,8125.035387
-5,387,8125.292389
-3,537,8125.688387
-3,580,8126.063515
-2,623,8126.477208
-3,606,8126.859213
1,855,8127.423212
-3,662,8127.871001
4,533,8128.208997
2,704,8128.694206
-1,718,8129.16421
-1,792,8129.678204
-2,646,8130.144031
4,468,8130.45103
4,502,8130.79303
1,727,8131.26203
-3,602,8131.679025
-2,681,8132.135184
-5,398,8132.374941
-3,615,8132.758869
-5,437,8133.024651
-3,638,8150.731186
1,813,8170.74842
-2,660,8187.074161
4,461,8198.748709
1,816,8219.329935
1,771,8238.572525
3,549,8252.207518
1,772,8271.360315
-4,587,8286.048887
2,663,8302.266616
-4,498,8314.58364
1,808,8334.433764
-3,609,8349.722707
1,750,8368.254746
-3,700,8385.665408
-4,575,8399.93912
-1,766,8418.801269
4,510,8431.341645
3,571,8445.475677
-2,703,8462.743155
-1,724,8481.730011
-2,664,8498.710217
1,716,8516.980662
2,710,8535.149994
2,672,8551.928514
-3,548,8565.558072
-1,732,8583.649956
-1,779,8602.881646
-2,657,8619.622271
-3,611,8634.733908
1,752,8653.372172
-3,600,8668.331812
3,619,8684.462901
-1,811,8705.385857
2,781,8725.726745
-1,738,8744.818901
-2,681,8762.550236
4,574,8777.263748
2,620,8793.04868
-2,716,8811.436627
-5,431,8822.502858
-4,502,8835.351007
2,683,8852.626644
4,578,8867.229787
1,772,8887.37355
3,567,8902.114622
-3,577,8917.027075
-4,559,8931.580674
-1,807,8951.61291
3,660,8967.857471
-4,516,8980.569246
-1,770,8999.464404
1,812,9019.940796
-1,738,9038.521469
4,482,9050.596224
-3,594,9065.33752
-1,789,9085.339321
-2,726,9103.529494
-3,618,9119.170457
-1,704,9136.983873
3,533,9151.465419
-2,736,9170.387652
-4,474,9182.765234
3,581,9197.808925
2,702,9218.460647
3,559,9238.539346
-1,761,9268.2123
2,626,9288.83562
3,677,9308.924083
2,811,9333.188193
1,896,9361.553322
-1,728,9380.35751
-2,608,9394.180097
-1,764,9411.551681
2,629,9425.723818
5,459,9436.046479
-2,695,9452.048806
-3,550,9464.245669
-3,558,9476.580086
-3,588,9489.556902
3,614,9505.756581
-4,552,9523.431186
1,762,9544.903525
3,536,9559.054782
-5,408,9570.702993
5,429,9580.859604
-1,808,9602.576493
2,694,9620.468664
-2,687,9638.180816
-1,739,9659.655145
-3,618,9677.233557
3,607,9690.62187
-5,371,9699.06645
-4,492,9711.2773
3,547,9727.132854
2,639,9750.983123
-1,756,9780.191868
1,753,9808.448872
-3,611,9831.807456
3,601,9854.388964
-1,792,9884.103921
1,734,9910.067286
-3,624,9929.236307
3,578,9946.875291
-3,588,9964.83308
2,721,9986.882408
3,632,10005.996421
1,801,10030.187498
-3,647,10049.821574
4,568,10066.847631
1,747,10089.308912
1,768,10112.553907
2,658,10132.496978
3,711,10154.171583
3,588,10172.087939
1,825,10197.103006
2,717,10218.908315
-2,654,10238.713314
-1,731,10261.008661
2,610,10279.486986
-3,544,10296.075044
1,817,10320.971209
4,514,10336.480225
3,550,10353.181225
-2,804,10378.356812
-2,695,10399.32994
5,400,10411.41101
4,467,10425.168525
5,395,10435.486553
-4,611,10451.035274
-3,665,10467.762932
2,722,10485.812192
-1,825,10506.846855
1,708,10524.576806
-5,388,10534.160106
-4,507,10546.836305
-2,624,10563.462326
-1,734,10582.671474
1,746,10601.969105
-3,594,10617.507244
-3,713,10637.417217
1,815,10659.144595
3,690,10677.439711
-2,663,10695.26885
3,595,10711.247305
-1,768,10731.103001
1,784,10751.261479
-2,726,10769.79405
2,738,10788.866478
-4,635,10804.985054
2,803,10825.425789
-5,414,10835.851995
-3,649,10853.992694
-3,607,10855.287693
-1,889,10855.927851
1,884,10856.543853
4,554,10856.934855
1,739,10857.422854
-1,767,10858.24907
-2,778,10858.816069
4,550,10859.166067
-4,540,10859.512068
-3,615,10859.91807
3,686,10860.38207
1,747,10860.933216
4,513,10861.281218
-5,424,10861.569212
1,938,10862.195216
-2,609,10862.588408
-3,601,10862.981409
-2,639,10863.438431
-3,629,10863.876408
1,835,10864.429441
1,871,10865.021405
-2,870,10865.590403
5,387,10865.854404
-3,611,10866.267409
2,635,10866.658404
-2,715,10867.130403
-5,468,10867.470404
-1,788,10867.993433
1,738,10868.485026
4,460,10868.779029
4,472,10869.105026
-1,750,10869.601029
-3,581,10870.018119
5,431,10870.317121
3,604,10870.728335
4,494,10871.047626
1,765,10871.584809
-2,699,10872.066063
1,821,10872.610066
1,758,10873.12664
1,829,10873.658638
2,778,10874.206636
-2,691,10874.705926
-3,594,10875.111923
-2,685,10875.596926
-5,387,10875.882923
2,689,10876.347055
3,594,10876.793233
3,564,10877.185232
-3,676,10877.619233
2,667,10878.066233
1,800,10878.609261
3,626,10879.042233
-3,656,10879.511259
-4,553,10879.877232
-1,837,10880.450235
4,555,10880.833446
5,390,10881.120668
-2,744,10881.607643
-1,725,10882.115638
3,592,10882.529638
4,523,10882.907848
-2,734,10883.393849
-3,684,10883.874848
-3,682,10884.325849
1,825,10884.863846
2,682,10885.317851
2,773,10885.818848
-1,754,10886.335851
-2,682,10886.827848
2,747,10887.303176
-4,555,10887.677179
3,546,10888.059419
-3,606,10888.468418
1,713,10888.971418
-2,636,10889.418424
-2,664,10889.864419
-3,640,10890.35142
-1,807,10890.889421
-2,709,10891.345421
-1,772,10891.899418
-4,533,10892.237421
-2,711,10892.757421
-4,541,10893.129442
2,752,10893.634438
-2,685,10894.10847
-1,923,10894.738441
4,493,10895.062442
4,562,10895.491438
1,857,10896.088456
-4,447,10896.417581
-1,700,10896.920579
3,640,10897.338584
-2,727,10897.798584
-1,780,10898.362579
-1,736,10898.894643
3,601,10899.330611
1,873,10899.917614
-3,637,10900.329647
5,429,10900.629665
-4,554,10915.035633
1,737,10933.827562
3,583,10948.478481
1,779,10969.079183
3,566,10984.240328
2,795,11005.114474
-2,652,11022.258487
-3,588,11038.853982
1,720,11057.768059
-2,733,11077.193583
-2,680,11095.020638
-2,694,11113.161463
1,717,11131.184228
-3,590,11145.984616
-3,537,11159.53225
-3,613,11175.750009
1,773,11195.886763
4,511,11208.989911
1,787,11229.297741
2,687,11247.661158
-4,510,11260.841666
3,632,11277.316351
2,688,11294.896541
3,608,11311.06374
1,686,11329.069174
5,458,11340.965107
3,605,11356.731545
-2,680,11374.393575
5,443,11385.63091
-2,890,11408.461421
-3,579,11423.290287
2,818,11444.649377
-3,588,11459.899667
4,471,11471.984751
5,418,11482.62881
-1,909,11506.358187
4,508,11519.532286
1,761,11539.025296
-1,826,11560.163601
1,729,11578.846836
1,780,11598.620678
-1,807,11619.183079
2,644,11635.595439
-1,824,11657.655897
3,628,11674.536617
-2,725,11694.033488
-1,799,11715.425536
-5,482,11728.008438
2,653,11744.514003
-3,603,11759.780731
3,581,11774.458857
-2,690,11793.579703
4,496,11806.642598
2,632,11823.469858
-1,756,11843.78146
3,523,11857.562671
2,687,11875.503492
1,775,11895.739005
5,438,11907.049589
4,470,11920.240291
-3,617,11936.598169
-1,768,11956.843057
-4,495,11970.16779
-1,791,11990.635338
3,581,12005.48726
1,722,12023.87766
-1,704,12041.867376
-4,500,12056.027447
2,685,12074.021363
1,801,12095.281134
2,630,12112.204014
3,615,12129.025976
5,438,12140.658571
1,695,12158.985182
2,613,12175.142711
3,618,12191.288659
2,763,12211.068334
5,400,12221.33409
-3,598,12236.916399
-3,542,12251.958629
-3,599,12268.10719
-2,732,12287.677449
-4,605,12303.896922
3,619,12319.993437
2,630,12336.048529
-2,753,12355.29759
2,753,12374.644809
1,772,12394.987122
1,767,12414.969952
-2,734,12434.08054
2,662,12451.18061
2,814,12472.567733
-1,754,12492.017166
-1,747,12511.232379
4,468,12523.337485
-1,758,12543.215862
4,477,12555.514904
2,690,12573.291728
1,768,12593.075129
-3,695,12611.497228
3,663,12628.777185
-4,588,12644.18891
-1,834,12665.907478
-4,576,12681.591342
3,634,12698.918869
3,696,12718.473356
-2,630,12735.418523
-2,742,12755.078982
-5,458,12766.782397
-4,471,12779.075672
1,680,12796.681015
-4,459,12809.451303
4,474,12822.110233
1,734,12841.276306
2,652,12858.495316
4,483,12871.171296
3,585,12886.445421
-3,576,12901.372871
2,718,12920.224575
-2,724,12939.017632
-3,569,12953.660198
2,673,12971.065318
4,496,12983.887763
4,509,12997.257463
-5,486,13009.66773
4,499,13022.426435
1,824,13043.578471
2,704,13062.154561
-2,654,13079.166424
-2,645,13095.832555
-1,759,13115.341305
2,718,13134.126266
3,586,13149.344051
1,782,13169.322935
4,483,13181.542678
-1,770,13201.526131
3,672,13218.841874
2,757,13238.285241
1,822,13259.600792
3,628,13277.715258
-3,684,13296.028957
5,398,13306.712786
3,645,13323.933671
1,751,13343.736487
-1,772,13363.829413
4,495,13376.768912
1,819,13398.210877
3,524,13412.768768
-2,699,13431.255345
3,597,13447.06578
2,760,13467.227718
1,754,13487.437319
-2,703,13505.759569
4,589,13519.428724
-2,683,13519.932725
3,588,13520.357932
3,657,13520.79909
-3,640,13521.209094
3,599,13521.654091
2,624,13522.081091
2,684,13522.531093
4,547,13522.894093
-1,734,13523.346088
4,488,13523.664091
1,890,13524.244095
4,565,13524.607088
2,765,13525.112089
-1,792,13525.625091
3,557,13526.00509
-2,671,13526.434088
1,866,13527.015087
3,604,13527.41209
2,632,13527.809094
-3,678,13528.24509
-1,834,13528.842091
3,598,13529.24409
1,812,13529.764093
2,701,13530.25109
2,800,13530.79009
-2,798,13531.351091
3,684,13531.785093
3,655,13532.233088
1,780,13532.732092
-4,603,13533.144088
2,726,13533.65909
-4,553,13534.025119
1,828,13534.591118
2,789,13535.180088
-1,805,13535.711488
-1,738,13536.248493
1,875,13536.85149
4,479,13537.171674
-1,914,13537.823924
-2,709,13538.272924
2,673,13538.704103
-1,797,13539.253105
2,673,13539.6991
-2,657,13540.121102
-3,659,13540.565099
4,615,13540.991098
3,547,13541.363104
-1,851,13541.8979
4,493,13542.216901
3,670,13542.669896
-1,868,13543.236896
4,510,13543.559901
1,802,13544.077899
1,798,13544.605899
-3,714,13545.086901
3,552,13545.453899
2,679,13545.917901
3,657,13546.353899
-4,619,13546.754899
4,514,13547.075902
4,536,13547.402696
-2,761,13547.905694
-2,745,13548.414692
4,556,13548.794933
-4,590,13549.168936
-2,728,13549.669758
-1,805,13550.205769
-4,601,13550.606771
4,545,13550.965775
-1,755,13551.471774
3,658,13551.912774
1,811,13552.491768
3,627,13552.944767
1,885,13553.58277
-2,637,13554.002771
4,698,13554.49201
5,418,13554.798015
3,607,13555.22301
4,555,13555.588012
1,775,13556.163009
5,513,13556.489012
4,533,13556.821037
-2,817,13557.321015
-1,788,13557.85509
2,806,13558.367089
2,679,13558.779092
3,580,13559.161086
-5,461,13559.48409
3,601,13559.874261
-2,738,13560.343356
4,654,13560.787356
2,789,13561.297355
4,456,13561.573352
-4,509,13561.908354
-1,848,13562.451352
2,715,13562.955353
3,680,13563.382354
5,413,13563.659353
3,640,13564.075384
-3,541,13580.062788
2,782,13600.331438
5,400,13611.06966
-1,773,13630.824689
3,589,13646.17892
-4,498,13658.913096
-4,531,13672.930609
-2,738,13692.125823
1,807,13713.116452
4,522,13726.630296
1,864,13751.092582
1,994,13778.001306
3,595,13793.973308
4,514,13807.939647
1,838,13829.983214
-1,859,13852.159004
1,724,13870.833273
-4,477,13883.043272
-4,540,13897.729499
1,769,13918.39572
-1,825,13940.422492
-1,769,13961.072361
1,802,13982.393862
-4,545,13996.693203
3,605,14012.731765
-1,686,14030.735489
-2,681,14048.912141
3,560,14063.805548
1,837,14085.94764
1,839,14108.21909
2,663,14125.646673
1,780,14145.718152
-1,778,14165.826314
3,616,14181.744389
3,687,14200.126773
-2,765,14220.325653
3,731,14239.759787
-2,716,14258.731806
2,704,14277.106591
2,814,14298.348536
2,679,14316.055411
2,714,14334.789592
3,657,14352.275883
-5,485,14364.856995
2,749,14384.358102
-1,895,14407.654255
3,525,14421.627655
4,537,14435.570537
3,629,14452.125024
-2,721,14471.116128
2,619,14487.589052
-3,623,14504.038712
-1,764,14524.300081
5,421,14535.310715
-2,643,14552.830374
1,742,14572.681035
-2,691,14591.113633
1,759,14611.200797
4,530,14625.423656
4,517,14638.977012
2,609,14654.861627
3,559,14669.510436
3,679,14688.030379
-1,743,14708.097383
3,658,14725.46283
-1,813,14747.005435
2,692,14766.559728
1,744,14786.780196
2,763,14807.37803
3,580,14823.000395
3,607,14839.456527
3,539,14853.652355
-4,551,14867.977555
-3,552,14882.527794
-4,514,14896.806721
5,494,14910.241992
2,643,14927.459293
-1,769,14948.11422
1,717,14968.111635
-4,463,14980.463219
1,825,15002.929794
2,658,15020.653962
2,712,15039.891948
3,693,15058.124558
3,629,15074.77553
5,393,15085.017345
1,784,15105.821497
1,739,15125.082635
-1,765,15145.100456
4,487,15157.832863
-2,658,15175.458155
2,686,15193.541343
-3,649,15210.689704
-4,519,15224.339952
-1,757,15244.48945
2,717,15263.211012
-3,617,15279.49463
-1,757,15299.191594
-2,675,15317.559314
-1,815,15339.318668
-1,779,15360.308283
-4,539,15374.660336
3,605,15392.506825
2,625,15409.662393
1,767,15430.936455
2,680,15449.756529
-2,729,15470.038613
2,676,15488.268073
4,471,15500.873575
2,776,15521.792816
-2,721,15541.005411
2,673,15558.678169
-2,716,15577.360853
1,928,15601.696852
3,571,15617.041238
-1,827,15638.959743
3,642,15655.695735
3,628,15672.108913
-1,866,15695.624542
4,513,15709.267613
1,714,15728.220551
3,605,15744.253547
-4,536,15759.813606
3,630,15777.035842
3,556,15792.340985
1,811,15814.485391
1,734,15834.264555
1,710,15852.90389
2,700,15871.409677
2,671,15889.117982
-1,744,15908.940639
-3,656,15926.191648
3,597,15941.861566
5,363,15951.36476
3,636,15968.65468
1,804,15989.888588
2,703,16008.203763
4,561,16022.946596
-2,669,16041.786926
5,451,16054.44286
-4,489,16068.055574
3,622,16085.316225
4,522,16100.05846
-3,628,16116.966875
2,721,16136.323612
4,508,16150.178377
4,606,16166.431275
-2,701,16184.897733
-1,874,16207.970699
1,789,16228.600873
2,830,16231.627337
3,606,16232.086758
-3,553,16232.500996
1,739,16233.049532
2,631,16233.485531
-3,620,16233.980759
-1,728,16234.525538
-4,478,16234.896098
-2,607,16235.346451
-5,437,16235.650959
3,611,16236.09845
-3,560,16236.477388
1,781,16237.048424
2,674,16237.528671
1,734,16238.093589
-2,596,16238.541321
2,709,16239.058541
-2,669,16239.569752
-1,733,16240.110354
-2,743,16240.623594
1,761,16241.162482
-4,480,16241.502084
-3,559,16241.912427
-4,478,16242.263576
-5,405,16242.537189
1,735,16243.009186
-2,651,16243.407182
3,612,16243.807185
3,553,16244.157183
3,579,16244.536772
-5,392,16244.789772
2,713,16245.241446
-3,586,16245.659443
-1,766,16246.166443
-1,788,16246.719471
4,462,16247.01764
4,486,16247.372613
-3,595,16247.776613
2,642,16248.226614
2,712,16248.711615
1,741,16249.248612
4,582,16249.625612
4,477,16249.929657
3,551,16250.32461
-3,585,16250.73661
2,673,16251.194615
1,713,16251.663764
-2,634,16252.075769
-1,792,16252.604938
2,670,16253.071931
4,593,16253.525141
-1,710,16254.018101
1,759,16254.560132
5,463,16254.912105
4,469,16255.227132
-2,787,16255.773108
3,606,16256.222196
-2,663,16256.664366
3,545,16257.058372
5,413,16257.32437
-2,728,16257.814368
-1,722,16258.299412
1,817,16258.831368
4,582,16259.239375
4,521,16259.57637
3,601,16259.979395
3,585,16260.368369
4,471,16260.658372
2,671,16261.094366
4,461,16261.382246
-3,582,16261.778251
-2,618,16262.19625
1,702,16262.66325
5,454,16262.986279
-5,393,16263.247278
3,586,16263.633478
4,535,16263.987478
2,643,16264.466637
-1,736,16264.956633
1,823,16265.508636
4,544,16265.884661
-1,812,16266.429028
-1,743,16266.91921
-3,606,16267.354526
1,768,16267.870531
-1,714,16268.375529
-2,707,16268.856581
-3,538,16269.23653
5,370,16269.48153
3,622,16269.895529
-4,514,16270.218529
2,669,16270.669526
-3,659,16271.158532
-3,587,16271.558528
-1,770,16272.111705
-2,647,16272.536848
2,650,16272.967848
2,629,16273.400023
1,787,16273.944051
2,650,16274.398048
-4,577,16290.701473
-1,745,16311.188555
2,618,16328.743365
2,711,16348.636128
5,414,16359.829405
5,401,16370.462608
-3,619,16386.832329
2,700,16405.18839
-2,742,16425.729386
4,504,16439.047626
-3,561,16454.14984
-2,735,16473.922601
2,710,16493.291799
-3,635,16510.259513
3,627,16526.867326
2,759,16547.270259
-1,907,16571.437354
-3,600,16587.371075
1,883,16610.601885
4,508,16624.25411
3,643,16642.812392
2,759,16663.81241
2,695,16683.059618
-4,508,16697.154584
-2,641,16715.7548
1,872,16739.910119
4,459,16752.588546
3,598,16769.096743
-1,727,16789.022984
2,702,16807.918049
-3,605,16824.445337
-1,812,16846.501677
2,744,16868.183505
-2,694,16887.642236
2,681,16906.504833
2,721,16926.417691
3,617,16943.17985
-3,623,16959.908134
-3,715,16978.966361
5,485,16991.976803
2,648,17009.456324
4,453,17021.448985
4,517,17035.117059
-1,772,17055.465044
-1,901,17080.471509
2,633,17097.709031
-3,731,17117.38694
-1,822,17139.50153
1,787,17160.665886
-2,662,17178.231329
1,805,17199.55687
3,539,17213.969043
-1,709,17233.219382
1,752,17253.208847
-1,808,17274.692161
-1,762,17294.96063
4,486,17308.184561
2,697,17326.7909
-3,679,17344.80765
-2,668,17362.365882
3,581,17378.135925
5,412,17389.0268
-1,797,17410.254827
3,556,17424.891309
-3,649,17443.19574
-1,892,17467.777372
-3,633,17485.389449
-1,768,17506.424928
-3,588,17522.439684
-2,688,17540.786609
-2,770,17561.305971
-1,760,17581.570381
-5,477,17594.509787
1,780,17615.320439
5,389,17625.60267
3,651,17642.976438
4,499,17656.641159
2,638,17673.763537
3,562,17688.773515
4,553,17703.617307
3,573,17719.728413
4,549,17734.843563
-1,738,17755.075557
4,579,17770.889995
4,556,17786.553571
-3,609,17803.216053
5,431,17815.096942
2,758,17836.208501
3,642,17854.76349
-1,795,17876.702352
1,792,17898.394073
-3,632,17915.838093
-1,988,17942.748393
3,573,17958.374976
-2,739,17978.495804
-2,651,17996.382906
2,774,18017.500303
4,550,18032.137499
-1,849,18055.071229
-4,464,18067.824747
-3,558,18083.234212
3,578,18099.064798
3,536,18113.711877
5,437,18125.749033
2,698,18146.367441
2,670,18165.14631
-4,541,18180.390725
2,866,18204.959823
-1,729,18225.126962
2,680,18243.87929
4,518,18258.085693
2,718,18278.034188
-3,549,18293.047065
4,518,18306.918831
4,465,18319.344932
-1,737,18339.216725
2,711,18358.576854
-5,516,18372.522833
-1,712,18391.720943
2,631,18408.550816
-4,635,18426.396258
1,707,18445.720308
2,640,18463.219869
-4,550,18479.555063
-2,633,18499.709688
4,544,18516.940473
1,733,18538.998177
2,728,18560.434405
-1,844,18586.300214
2,645,18605.770368
2,786,18629.511152
1,762,18652.485668
1,968,18682.279504
1,785,18703.773812
-3,554,18719.13355
-3,565,18734.814233
3,685,18753.698483
-1,750,18773.942961
4,593,18789.841774
4,494,18803.077208
4,612,18819.849707
-1,776,18840.92389
-3,758,18861.427981
-1,768,18882.323489
4,532,18896.945895
-2,750,19981.254989
-3,548,19999.756264
1,798,20022.09378
3,701,20041.782
-3,639,20059.208477
3,711,20078.632999
2,724,20091.881737
2,740,20092.375751
1,793,20092.887753
3,579,20093.256757
3,579,20093.625752
1,762,20094.115605
-1,874,20094.677604
-2,718,20095.194599
3,660,20095.625804
1,794,20096.118953
4,526,20096.483957
-2,799,20096.985951
2,845,20097.584955
1,843,20098.118957
-1,916,20098.720954
-2,639,20099.172951
-2,803,20099.706956
4,511,20100.038954
-3,653,20100.447675
3,597,20100.839678
3,548,20101.183678
2,639,20101.633674
2,663,20102.093673
2,629,20102.539674
2,678,20102.981535
2,627,20103.392774
-3,644,20103.795776
3,700,20104.292778
2,650,20104.706776
-3,683,20105.161773
4,465,20105.461771
-1,777,20105.970771
-2,768,20106.492128
-2,670,20106.956125
-2,769,20107.461128
2,815,20107.987122
3,637,20108.394826
-2,706,20108.886835
1,820,20109.400832
1,721,20109.875832
2,662,20110.322857
2,748,20110.797829
1,776,20111.296829
-4,508,20111.65083
-1,773,20112.204832
2,638,20112.616829
2,660,20113.042831
-1,793,20113.574828
-2,826,20114.113852
4,610,20114.536855
-1,725,20114.99272
-3,672,20115.447742
3,670,20115.920744
-4,554,20116.299713
-3,711,20116.759715
4,519,20117.124715
3,629,20117.579884
-1,888,20118.135572
4,435,20118.453573
-2,723,20118.918573
3,564,20119.310807
-1,780,20119.809813
-3,814,20120.34582
-2,656,20120.775813
-2,721,20121.25381
3,509,20121.594808
1,889,20122.212813
5,432,20122.522811
1,832,20123.146038
4,464,20123.466044
3,684,20123.896044
-2,789,20124.461213
-1,820,20124.975211
1,806,20125.478218
1,839,20126.111047
-3,618,20126.504238
-1,853,20127.08962
-2,728,20127.598816
4,456,20127.897786
3,578,20128.286789
1,786,20128.799632
1,765,20129.300496
4,566,20129.680497
1,775,20130.216502
1,881,20130.785499
5,412,20131.066497
-3,623,20131.495502
-2,750,20131.986499
3,597,20132.368499
-2,737,20132.859593
-2,775,20133.414436
4,477,20133.751432
5,374,20134.004437
-2,723,20134.467252
-3,624,20134.890249
1,852,20135.488246
5,454,20135.799252
-5,450,20136.103249
-4,527,20136.439251
1,799,20136.968277
-4,599,20156.204724
4,536,20171.095177
5,423,20182.74761
-1,812,20204.586929
-2,730,20224.896437
-2,811,20247.220296
4,454,20259.552178
-3,634,20277.197805
-1,729,20297.063452
2,667,20315.486739
4,449,20327.67515
-1,909,20352.537174
1,728,20372.293259
4,489,20386.285325
-1,786,20411.143502
3,604,20429.952915
1,790,20449.222544
4,508,20462.58656
-1,869,20500.364563
-1,758,20531.379339
2,738,20562.598492
3,650,20589.294227
4,518,20609.775931
1,744,20640.121643
3,758,20669.274716
-2,707,20695.459067
-3,739,20722.813887
-2,704,20749.003787
-2,728,20776.137969
2,661,20801.573962
3,578,20823.212982
-2,736,20850.013582
4,476,20864.94327
-1,828,20889.72125
2,664,20906.366321
1,914,20929.111584
2,646,20945.20862
-3,684,20962.474655
-1,1049,20988.265682
5,402,20998.42772
4,532,21011.430729
-2,669,21028.291746
-2,740,21046.681748
1,798,21066.35878
3,593,21081.039783
1,732,21099.363797
2,679,21116.057828
5,421,21126.598824
3,556,21140.583839
-2,806,21160.665287
-1,733,21178.968289
1,841,21199.684324
1,720,21217.312359
4,502,21229.982363
-2,642,21245.983382
-3,639,21261.755389
-3,626,21277.092473
-2,668,21293.992502
2,806,21313.866522
-1,892,21335.812542
5,447,21346.916545
2,778,21366.33575
4,468,21377.916744
-5,392,21387.672673
-2,754,21406.20671
-5,413,21416.723677
4,544,21430.282694
-3,658,21446.906694
1,809,21467.050698
2,743,21486.075723
4,555,21499.901731
1,768,21519.076749
4,523,21554.775637
-2,765,21580.563853
3,693,21600.572255
3,618,21618.785574
3,583,21635.606939
3,618,21655.253478
-5,426,21669.601542
-3,688,21692.575455
-4,732,21716.897484
2,822,21744.444875
-1,893,21774.356404
2,758,21801.858433
5,448,21816.757785
-2,830,21844.74231
3,620,21865.858228
-2,694,21889.143708
-2,782,21916.379549
-2,681,21939.085122
2,704,21962.518305
-2,747,21987.549999
2,678,22010.188288
-2,730,22035.007214
-1,838,22062.847247
2,721,22086.888226
5,487,22103.124224
2,673,22125.596239
-3,659,22147.720871
1,727,22173.205553
-4,533,22190.68161
2,705,22213.989915
5,389,22226.589772
2,699,22249.221845
1,812,22275.634744
-4,577,22292.57908
3,564,22309.108194
4,483,22324.737161
5,398,22337.515261
3,685,22360.50443
-2,760,22385.544124
3,688,22408.110348
3,590,22427.573169
3,769,22453.06809
1,906,22482.625018
2,615,22502.573926
2,704,22525.399182
3,632,22546.542228
2,721,22570.590521
3,581,22589.793414
-3,663,22611.591232
4,591,22630.952512
4,548,22649.07909
4,688,22671.435919
-1,805,22697.997507
-2,625,22718.845295
-1,742,22743.605722
4,575,22762.720079
-3,760,22787.8553
1,793,22814.276336
2,872,22843.13313
3,572,22862.025367
-2,733,22886.153063
5,421,22900.168729
3,604,22919.694915
-2,728,22943.42661
4,600,22962.637473
1,1021,22995.989518
4,523,23013.172657
1,750,23037.581984
-1,804,23063.872521
-2,724,23087.821098
-1,961,23117.346282
3,685,23137.225672
3,668,23156.45078
2,838,23181.249781
3,559,23198.706649
2,685,23221.419015
4,500,23234.336783
2,838,23235.013472
-3,739,23235.640408
3,754,23236.284425
-3,685,23236.917629
-2,749,23237.522621
-4,602,23238.036858
3,604,23238.55186
-1,798,23239.215557
5,568,23239.67968
3,672,23240.249681
4,565,23240.724441
5,424,23241.113944
2,765,23241.810542
2,698,23242.420665
2,662,23242.977805
1,815,23243.685323
-1,785,23244.309794
-1,849,23245.007794
-3,702,23245.565074
-1,792,23246.264294
-3,673,23246.878297
2,802,23247.568298
1,906,23248.319295
-2,645,23248.861294
2,783,23249.498309
-2,752,23250.113352
-2,744,23250.75781
3,672,23251.34547
2,724,23251.936342
2,701,23252.467821
2,770,23253.073996
3,652,23253.655781
-2,762,23254.265795
-2,646,23254.757043
-2,821,23255.409038
3,620,23255.946032
2,711,23256.512307
1,931,23257.251498
2,798,23257.895496
3,707,23258.529737
-1,809,23259.202741
1,903,23259.934798
1,839,23260.598482
-5,484,23261.013493
3,571,23261.483949
3,680,23262.069342
2,719,23262.6525
4,506,23263.066503
5,390,23263.396504
3,661,23263.940426
1,837,23264.671588
4,473,23265.032507
-2,794,23265.701062
-2,666,23266.223885
-3,700,23266.788209
-1,786,23267.406801
4,584,23267.891776
-3,757,23268.526773
-3,719,23269.109426
1,798,23269.780821
-5,581,23270.240741
3,678,23270.822465
2,796,23271.505713
1,827,23272.174992
4,470,23272.556995
-3,700,23273.112997
1,926,23273.881544
-2,792,23274.562517
-4,555,23274.996694
-2,838,23275.729973
4,654,23276.279977
-1,912,23277.073465
5,401,23277.426464
5,412,23277.768463
-3,640,23278.339464
5,374,23278.640467
5,492,23279.073877
4,589,23279.585876
-2,670,23280.146609
1,887,23280.902747
-1,893,23281.642755
3,606,23282.15776
-1,947,23282.999768
-3,814,23283.689442
1,770,23284.374603
1,827,23285.078766
2,818,23285.773585
-1,863,23286.476405
-4,527,23286.890451
5,384,23287.230349
-5,587,23287.710591
-2,852,23288.401591
-2,817,23289.141062
4,478,23289.531062
-2,773,23290.169585
1,1015,23291.07149
-2,907,23291.817189
3,667,23292.385223
4,551,23292.832833
4,556,23311.503125
4,537,23327.809106
-3,646,23348.74231
4,517,23365.913575
4,553,23383.939268
3,562,23402.546373
-4,592,23421.79792
-4,593,23441.290119
2,723,23464.846131
3,666,23487.147025
4,521,23504.40646
2,622,23525.07446
2,962,23557.01659
5,505,23573.941231
3,713,23597.815774
2,625,23618.488947
3,605,23638.543721
2,815,23665.444043
-1,756,23690.198546
1,910,23720.373886
1,836,23748.013109
1,939,23779.847256
2,705,23803.012017
5,369,23815.21759
-3,711,23838.582001
3,723,23862.189842
-1,885,23890.887996
-3,723,23914.370897
1,956,23945.271395
-3,602,23965.424897
-4,596,23984.709075
1,846,24010.215895
-4,602,24029.76071
3,604,24049.510444
2,824,24079.544623
4,573,24099.368296
-1,814,24125.468732
-3,582,24144.225977
4,649,24166.514106
2,755,24193.121125
2,727,24219.419241
-2,701,24244.3932
-4,515,24261.686394
-2,766,24287.155217
2,788,24313.23206
3,606,24333.520219
-3,627,24354.457061
2,828,24382.135861
2,800,24407.148216
1,1004,24441.013088
-3,676,24464.199823
-2,733,24488.768106
-5,541,24506.757972
-3,625,24527.207134
-1,864,24553.945364
2,721,24581.108558
2,697,24606.783243
4,612,24629.639472
-1,938,24664.40289
-1,752,24692.384511
5,397,24707.209498
3,546,24727.551463
-3,544,24747.635987
-3,756,24775.653184
1,915,24809.769745
4,570,24831.452672
-2,645,24858.242433
-5,531,24877.978217
5,541,24899.319323
4,450,24916.233923
-1,827,24947.123294
3,565,24968.233226
2,682,24993.715286
-1,764,25022.281514
1,743,25050.132294
1,959,25085.644627
4,566,25106.043102
1,851,25127.395367
3,619,25143.82708
-4,600,25158.884614
1,755,25188.49613
2,639,25212.498738
-1,873,25247.72671
4,546,25268.325464
2,804,25293.162806
1,894,25320.467008
-1,846,25345.050639
4,458,25358.071726
-3,564,25374.330937
2,658,25393.897904
1,723,25414.508614
5,395,25425.750424
4,548,25441.274985
4,481,25454.866691
1,942,25480.790737
4,474,25493.720503
-1,977,25520.608732
-2,911,25547.047865
2,847,25571.247744
2,829,25594.502786
4,594,25611.246609
-4,593,25628.251601
-1,720,25648.241267
2,787,25669.7206
-3,601,25686.19586
3,654,25705.376076
3,592,25722.441613
-2,779,25745.174769
1,711,25765.461134
2,701,25785.570617
1,793,25808.133797
-5,456,25820.842047
1,955,25847.687192
5,452,25860.901207
2,781,25882.787194
-3,644,25901.242478
5,548,25916.7705
3,641,25935.314629
1,854,25959.206713
-1,930,25985.428401
3,600,26002.869921
1,929,26029.270994
2,833,26052.324475
3,786,26074.403233
3,635,26091.97897
2,642,26110.128704
3,805,26132.27699
5,472,26145.19051
5,439,26157.236294
-3,644,26175.931607
5,481,26189.577651
-2,812,26212.698687
1,843,26236.823221
1,966,26264.51266
-1,746,26285.270588
-1,751,26306.435165
2,864,26330.517639
2,927,26357.26477
2,665,26376.376135
3,761,26399.059934
3,596,26416.605422
-2,834,26440.171311
1,997,26468.135001
1,893,26472.948111
1,914,26473.5487
4,503,26473.88467
-1,796,26474.366938
4,486,26474.649786
3,612,26475.04162
3,599,26475.442618
-3,609,26475.856616
4,469,26476.176649
-3,767,26476.671448
-1,905,26477.269447
1,744,26477.745443
1,823,26478.290446
3,751,26478.793614
1,894,26479.410615
2,790,26479.927618
-3,704,26480.396615
-2,821,26480.999614
-2,817,26481.532613
-1,908,26482.187615
5,401,26482.446613
1,935,26483.097783
3,609,26483.525396
2,739,26484.001171
3,662,26484.431617
1,1033,26485.121299
4,596,26485.495552
4,573,26485.844307
-4,527,26486.191297
-4,513,26486.494952
1,973,26487.164129
2,748,26487.625742
3,721,26488.089203
-1,832,26488.642613
-4,523,26488.966147
-1,827,26489.488554
-4,638,26489.939086
5,441,26490.198665
-4,635,26490.59276
4,586,26490.967197
5,457,26491.263225
3,666,26491.703577
3,711,26492.17558
5,455,26492.49858
1,864,26493.054576
4,564,26493.429576
3,820,26493.969403
2,748,26494.463419
2,837,26495.016399
-1,801,26495.532399
-1,882,26496.143113
5,490,26496.454118
3,665,26496.94512
-3,667,26497.387115
-3,723,26497.904114
5,408,26498.172115
-2,744,26498.673768
1,919,26499.319766
-3,609,26499.712773
3,719,26500.189637
-2,783,26500.68811
-2,851,26501.230541
1,828,26501.780223
5,400,26502.03726
4,792,26502.591941
3,746,26503.076561
-1,830,26503.595399
4,508,26503.923351
5,383,26504.182485
4,623,26504.546325
-2,720,26504.983388
5,514,26505.318553
1,788,26505.812046
-1,907,26506.394825
2,746,26506.869352
2,741,26507.349121
-2,796,26507.838207
3,595,26508.203375
-2,756,26508.736375
4,494,26509.06452
4,484,26509.397525
2,871,26510.016176
-1,787,26510.492071
3,595,26510.914075
5,417,26511.193074
2,780,26511.755097
-2,738,26512.240077
2,729,26512.726074
3,629,26513.151074
2,796,26513.665076
3,646,26514.076112
2,780,26514.588892
1,816,26515.108891
1,825,26515.626891
3,763,26516.135723
-4,586,26516.542902
-1,933,26517.120932
-3,560,26517.461157
-2,775,26517.943026
3,639,26518.352156
-2,759,26542.691653
2,757,26564.678587
1,929,26591.331489
-4,652,26609.758245
3,622,26628.010831
3,693,26647.682941
2,723,26667.741194
2,726,26687.592491
3,740,26707.743875
1,766,26728.932832
-2,828,26752.008194
-2,833,26774.929367
5,394,26786.075586
2,703,26805.474456
1,796,26828.299282
-1,761,26849.654661
1,715,26869.441701
1,884,26893.998209
-1,907,26919.850629
-1,743,26941.096375
2,739,26962.265985
3,715,26982.790246
1,873,27007.456298
-3,804,27029.783857
4,568,27045.481535
3,563,27061.000974
5,444,27074.329864
4,629,27092.297969
-4,646,27111.192515
2,777,27133.361622
3,627,27151.556623
4,557,27167.640767
3,671,27187.069799
4,592,27204.22332
3,666,27223.570601
5,489,27237.725493
1,887,27263.407214
-1,932,27289.995484
-1,908,27315.848157
4,565,27331.738413
2,781,27353.895507
-1,747,27374.908191
3,630,27393.500221
2,673,27413.071349
4,468,27426.565778
-1,831,27450.628903
2,749,27472.0469
-1,909,27498.060953
-1,793,27520.296654
2,882,27545.516568
4,569,27561.913774
5,464,27575.138443
5,627,27593.072222
1,785,27615.701083
3,661,27635.357511
2,730,27656.123914
-3,753,27678.12209
-1,769,27700.820182
-2,808,27724.062013
5,417,27735.843174
-3,875,27760.610626
-3,695,27780.621192
1,846,27804.542221
1,869,27828.668542
4,526,27843.160842
2,857,27867.011939
3,557,27883.012286
-3,670,27901.963457
-5,495,27915.989164
-1,806,27938.755489
4,503,27953.646129
2,799,27976.645536
-2,896,28002.573935
3,597,28019.929777
4,552,28035.714716
5,388,28046.822072
1,738,28067.990937
3,716,28088.322595
2,771,28110.814018
1,878,28136.383299
1,868,28161.62883
5,439,28174.327653
5,450,28187.214909
4,481,28200.759898
-3,881,28225.220897
2,770,28246.786146
4,565,28262.856846
-1,1212,28296.456036
1,841,28320.045785
3,655,28338.37074
5,421,28350.933725
5,395,28362.441159
2,740,28384.214668
1,752,28405.95766
3,622,28424.593613
4,593,28441.962924
2,855,28466.976632
-5,538,28482.540958
-2,821,28506.335016
2,732,28527.159214
2,695,28546.947434
3,679,28566.411432
-1,791,28589.414213
5,409,28601.029266
4,542,28616.366098
3,641,28634.67102
-3,729,28655.720228
5,484,28669.399434
3,661,28688.337341
2,770,28710.336177
2,863,28734.685633
-2,786,28756.491822
2,793,28778.525715
2,668,28797.466834
2,885,28822.368974
-3,838,28845.593773
-2,878,28870.292115
3,698,28889.662517
5,590,28907.039672
-3,724,28927.882007
3,660,28947.223531
3,718,28968.067544
-1,951,28996.694133
4,534,29011.966217
-3,702,29032.076206
3,864,29056.907728
1,823,29080.225012
2,761,29102.000948
2,886,29126.897051
3,648,29145.345623
3,633,29163.855818
3,621,29181.637892
3,669,29200.770161
3,743,29221.92871
5,418,29234.062194
4,548,29249.520559
3,615,29266.795433
3,690,29286.321739
3,620,29304.301863
3,669,29323.154312
2,954,29350.600369
2,750,29371.801466
1,855,29375.665579
1,869,29376.261568
2,898,29376.854172
5,559,29377.212174
5,396,29377.481176
-1,908,29378.072171
2,869,29378.674335
-4,591,29379.058366
-2,725,29379.587338
3,630,29380.038333
5,398,29380.310335
4,531,29380.689686
4,538,29381.056683
5,554,29381.456043
1,824,29382.088048
2,724,29382.573228
1,871,29383.168224
-1,857,29383.757224
4,615,29384.20222
5,373,29384.48622
3,585,29384.849226
-1,1023,29385.528278
2,990,29386.230279
1,907,29386.854279
4,527,29387.185281
1,834,29387.755305
2,715,29388.269275
2,738,29388.765627
-2,972,29389.426624
4,598,29389.84963
-2,729,29390.328629
2,718,29390.798284
5,423,29391.061284
3,754,29391.549288
3,587,29391.917497
3,662,29392.339491
-2,842,29392.887494
3,700,29393.340135
4,515,29393.672417
-2,810,29394.171466
1,864,29394.744416
-1,942,29395.388586
4,577,29395.79358
2,736,29396.289581
3,768,29396.817893
3,592,29397.224896
-3,683,29397.668894
2,767,29398.218894
-2,775,29398.751892
-2,823,29399.281891
2,692,29399.74289
-4,681,29400.206897
5,450,29400.54906
2,868,29401.132058
-2,839,29401.69906
2,756,29402.181472
3,662,29402.616258
-3,774,29403.184259
2,888,29403.763263
1,1084,29404.469288
2,734,29404.964263
1,974,29405.606259
5,618,29406.039258
-2,723,29406.566257
-1,982,29407.257261
2,741,29407.74526
4,619,29408.163278
3,727,29408.648444
3,652,29409.061436
2,706,29409.555618
4,511,29409.913624
-3,716,29410.373624
3,616,29410.782624
4,494,29411.105448
-1,975,29411.798485
-2,858,29412.381447
2,928,29413.020442
3,744,29413.549443
1,976,29414.197447
3,747,29414.749472
5,466,29415.048445
2,946,29415.694444
-1,881,29416.276441
-5,713,29416.792445
-3,721,29417.268635
4,552,29417.652632
2,800,29418.196631
-3,703,29418.676631
2,781,29419.196632
1,927,29419.824632
3,761,29420.335629
-3,734,29420.810634
1,854,29421.386969
1,949,29422.046855
4,489,29422.365851
2,781,29422.863852
-2,821,29423.40285
-3,803,29423.93985
4,528,29424.275852
2,728,29424.755005
3,594,29443.261466
-5,468,29456.728173
3,724,29477.24191
5,409,29488.826268
-3,962,29516.663956
4,634,29534.69207
5,519,29549.294645
4,678,29568.372667
3,635,29587.467372
3,628,29605.973323
3,632,29624.339172
4,628,29642.686405
-4,609,29660.209516
4,505,29674.468862
1,883,29699.41278
5,498,29713.20516
4,499,29727.712875
5,613,29745.277685
5,406,29756.937714
-4,598,29774.002485
3,616,29791.588959
2,840,29815.17305
2,784,29837.632089
2,765,29859.536392
3,688,29879.618655
-4,590,29896.260542
3,613,29914.085764
3,746,29935.570165
-1,942,29962.919932
3,561,29979.079011
3,649,29997.855847
5,464,30011.148629
1,1001,30040.133782
-1,912,30066.073081
4,533,30081.275951
1,935,30108.107171
3,639,30126.489036
3,708,30146.453504
-4,633,30164.348029
3,646,30182.693484
1,799,30206.106991
1,1172,30240.40016
2,737,30261.594434
3,661,30280.744634
5,440,30293.630919
3,665,30312.943374
1,1015,30342.192043
2,776,30364.75462
4,608,30382.559463
3,767,30404.606814
2,686,30424.457485
4,518,30439.451104
-3,868,30465.046506
2,898,30491.504793
-2,779,30514.145646
3,663,30533.639997
-1,947,30561.398568
-4,592,30578.730617
2,706,30599.691046
5,406,30611.533621
5,584,30628.55266
-3,655,30647.162494
3,621,30665.048409
-2,692,30684.730393
1,915,30710.729265
4,612,30727.831723
4,554,30743.474499
4,686,30762.697179
1,923,30789.747699
4,581,30806.595926
1,819,30830.177536
4,558,30846.256726
2,911,30873.399977
5,435,30886.254316
2,677,30907.132129
2,738,30929.320669
4,592,30946.507537
3,606,30964.221841
-1,1098,30995.547866
3,663,31014.340984
4,573,31031.190312
3,714,31051.833525
1,846,31076.410988
2,719,31097.141004
1,969,31125.350868
3,639,31144.10766
3,641,31162.762227
4,655,31181.527426
1,932,31208.112701
4,536,31223.313565
5,480,31236.91045
3,769,31258.489093
3,749,31279.948389
-5,570,31296.175386
1,904,31322.350948
4,529,31337.545702
2,766,31360.151607
5,408,31372.317786
5,488,31386.913542
5,574,31403.79941
2,841,31427.846066
4,486,31441.604267
-1,975,31468.814988
1,846,31492.536596
5,468,31506.186586
3,572,31522.62619
2,916,31548.585607
5,548,31564.545844
2,849,31589.546798
4,533,31605.089367
3,724,31625.856018
1,1114,31657.840545
4,462,31671.230224
-1,886,31696.90322
3,590,31713.74822
2,674,31732.945567
3,687,31753.356608
4,517,31768.515148
5,522,31783.629506
4,624,31801.807281
5,450,31815.16863
4,540,31831.061022
5,575,31847.783404
3,742,31869.750158
4,568,31886.806371
5,429,31899.3715
4,595,31917.023254
4,534,31932.655353
4,583,31950.140564
2,771,31974.150281
1,973,32002.824483
3,616,32021.003019
-1,1009,32051.35491
2,884,32077.108812
1,1016,32107.441374
2,799,32131.029579
3,702,32152.24128
4,524,32168.063269
3,772,32190.993129
2,762,32213.58581
2,772,32236.244687
5,513,32251.127087
4,621,32269.210881
-1,967,32297.472317
4,689,32318.139242
1,849,32327.264399
5,445,32327.562424
2,774,32328.086401
-3,629,32328.531398
3,643,32328.936398
1,962,32329.570302
2,916,32330.174601
1,910,32330.793445
1,977,32331.442471
3,627,32331.857426
4,562,32332.229425
2,824,32332.771591
1,854,32333.342588
2,737,32333.86559
4,616,32334.292588
5,441,32334.608752
3,709,32335.11075
3,723,32335.712751
4,532,32336.060752
-3,616,32336.460756
1,767,32336.989758
5,488,32337.306795
3,627,32337.761791
-4,564,32338.115793
2,695,32338.590791
-2,775,32339.120026
1,986,32339.766204
3,761,32340.306207
-3,857,32340.888204
2,911,32341.511201
1,896,32342.098207
1,903,32342.67123
2,740,32343.163517
1,1026,32343.827782
-2,768,32344.308979
3,650,32344.753977
-1,992,32345.428977
1,932,32346.068983
4,534,32346.426976
3,758,32346.907003
3,617,32347.345976
3,721,32347.813018
-2,738,32348.290975
2,906,32348.938974
4,575,32349.311165
2,667,32349.774162
1,1042,32350.479159
1,900,32351.116313
4,593,32351.530316
5,517,32351.891461
4,531,32352.257459
5,426,32352.555458
4,523,32352.932458
-2,885,32353.583457
2,722,32354.064531
3,747,32354.58753
1,1078,32355.312556
2,812,32355.856872
2,836,32356.397867
3,574,32356.792873
2,824,32357.334872
1,805,32357.888873
1,888,32358.462872
2,765,32358.971868
3,710,32359.481868
3,672,32359.907871
-1,886,32360.500902
1,1006,32361.198872
-2,758,32361.723867
3,749,32362.242006
1,875,32362.827585
3,704,32363.264597
5,455,32363.568038
4,472,32363.877022
5,493,32364.197021
-2,1211,32365.011023
-3,924,32365.626348
4,568,32365.987602
2,721,32366.453628
4,516,32366.838597
1,918,32367.460599
3,729,32367.997642
-4,705,32368.4606
1,931,32369.140597
4,567,32369.5096
-3,771,32370.051602
3,665,32370.573629
2,857,32371.1366
3,671,32371.590623
-4,699,32372.0846
-1,962,32372.68861
1,928,32373.310607
2,900,32373.90961
5,512,32374.230613
4,597,32374.635289
2,736,32375.144279
1,901,32375.739279
5,490,32376.04028
4,649,32376.475167
4,567,32376.853164
2,905,32406.023284
1,914,32433.057349
4,487,32447.485909
-3,729,32469.113567
3,607,32486.571459
1,914,32512.46438
-3,746,32534.141462
3,582,32551.566075
4,481,32565.602088
3,622,32583.782255
4,819,32607.745918
2,807,32631.802531
4,619,32650.331169
1,957,32678.7765
3,798,32702.494034
1,1187,32737.992605
3,839,32762.964947
3,885,32789.336938
4,497,32803.882446
1,1144,32837.072612
-1,902,32862.850411
-3,945,32889.902127
5,525,32904.881956
-2,931,32932.447343
-5,633,32951.190144
-2,863,32976.548544
3,744,32998.450696
2,787,33022.092195
1,1076,33054.674463
4,560,33071.34591
-2,989,33100.636697
4,609,33118.544628
-2,964,33146.747019
2,1015,33176.081507
3,860,33200.681373
4,638,33220.326394
1,1003,33249.9519
3,661,33269.571921
4,554,33286.015405
2,939,33313.231095
5,452,33326.157338
1,1004,33354.495661
4,553,33370.657172
3,650,33390.339952
1,968,33418.738582
1,1030,33449.124843
1,1006,33478.841704
2,754,33501.563704
3,796,33524.559237
3,750,33545.990254
3,858,33570.927543
1,863,33595.812955
3,745,33617.318745
4,555,33633.32
4,541,33648.691668
2,968,33677.42728
-4,671,33696.936647
2,965,33725.023106
1,795,33748.359732
5,460,33761.906609
2,770,33784.360218
-2,1061,33814.992147
5,455,33828.156649
-1,995,33858.823533
1,896,33885.347089
-2,1180,33920.521162
1,1075,33952.228525
2,813,33975.840468
1,999,34004.096871
3,733,34025.08964
2,713,34045.540109
5,395,34057.128389
4,649,34076.147942
4,621,34094.227356
5,559,34110.494277
5,368,34121.658133
-1,1291,34160.224708
3,743,34182.399151
4,598,34200.291017
-1,1099,34232.816382
3,781,34255.593788
3,652,34274.697271
1,1219,34310.130382
3,657,34329.442251
2,793,34352.067921
2,919,34378.993051
2,860,34404.032561
-2,1009,34434.020693
4,658,34453.680449
3,659,34473.059516
4,650,34492.38133
5,454,34505.716518
3,1000,34534.548421
1,1257,34570.957786
3,739,34592.50507
3,753,34614.794115
2,909,34641.454939
2,893,34667.591904
3,775,34690.572796
-1,1104,34722.594585
4,624,34740.586578
1,953,34767.98486
3,838,34792.126593
1,1160,34825.78924
3,767,34847.75756
1,861,34872.778007
1,994,34901.579672
-2,826,34925.939238
4,553,34942.33539
1,998,34971.279773
2,1158,35004.869653
5,608,35023.400263
3,800,35047.176639
4,570,35064.008218
4,722,35085.251308
-2,945,35113.157526
5,454,35126.432883
4,634,35144.935383
5,470,35158.767699
3,736,35180.727319
1,1107,35213.354796
4,546,35229.597638
1,1074,35261.385484
1,1010,35291.452736
2,1001,35313.436494
2,987,35314.097347
5,454,35314.40737
5,504,35314.754811
4,724,35315.214788
3,822,35315.751785
4,552,35316.152936
4,628,35316.566936
5,484,35316.891941
2,844,35317.464939
4,720,35317.937935
3,549,35318.312941
2,973,35318.940608
5,497,35319.302486
5,578,35319.667486
5,492,35319.977272
3,628,35320.41527
3,791,35320.921925
4,623,35321.334294
5,467,35321.627599
3,750,35322.126309
4,655,35322.56831
4,684,35322.985106
4,607,35323.390106
4,734,35323.907962
5,489,35324.265966
2,797,35324.781752
5,519,35325.140199
3,694,35325.597196
3,875,35326.138801
3,770,35326.645996
2,869,35327.17226
3,571,35327.540198
1,1050,35328.209626
3,609,35328.6036
2,803,35329.150234
4,629,35329.584942
-1,1294,35330.43594
2,1009,35331.090939
1,989,35331.757941
3,728,35332.254149
2,825,35332.785146
1,987,35333.510133
4,605,35333.911133
1,1055,35334.597565
3,703,35335.119476
3,736,35335.639478
4,795,35336.177478
3,815,35336.77731
3,638,35337.195351
-4,874,35337.795952
3,782,35338.323522
5,372,35338.556525
-3,1002,35339.228527
5,448,35339.513521
2,791,35340.048521
-2,1181,35340.828346
2,992,35341.487349
1,1070,35342.180345
2,826,35342.738732
4,603,35343.144711
2,877,35343.68969
3,667,35344.140139
4,675,35344.585231
3,703,35345.04361
3,747,35345.552606
3,639,35345.98361
3,767,35346.501605
4,592,35346.937635
3,860,35347.52945
3,759,35348.047783
5,525,35348.394975
2,807,35348.971999
3,742,35349.475122
1,928,35350.079126
3,728,35350.569122
4,674,35351.010126
5,504,35351.350124
3,680,35351.787124
4,575,35352.194122
4,616,35352.602123
3,713,35353.092964
5,479,35353.432965
-1,1030,35354.160966
2,815,35354.697961
5,400,35354.987964
1,1020,35355.663254
2,777,35356.144225
5,456,35356.463225
3,667,35356.901225
3,664,35357.357227
3,963,35357.98245
2,887,35358.56545
4,504,35358.914457
3,808,35359.437418
1,1010,35360.080992
3,745,35360.538318
2,842,35361.040327
2,857,35361.576454
-1,1044,35362.330642
2,845,35388.96235
4,587,35407.558856
2,927,35434.588849
4,642,35453.365923
5,500,35468.236012
4,528,35483.467899
4,692,35503.742967
4,617,35522.34238
2,898,35548.93665
2,936,35576.550546
3,991,35605.633864
-2,1031,35636.358324
5,410,35648.634554
4,508,35663.595984
3,602,35681.996413
2,831,35706.543691
1,1026,35736.594398
4,524,35751.827626
5,485,35765.894667
-2,884,35791.821152
2,899,35818.105351
5,467,35831.762589
3,701,35852.047366
3,797,35876.086747
4,634,35894.924003
5,482,35909.153207
3,760,35931.472688
2,897,35958.036556
3,696,35978.269593
4,760,36000.290768
3,882,36025.87634
4,551,36042.174701
3,685,36062.005993
5,620,36079.733994
2,777,36102.323828
5,472,36116.199958
1,1021,36145.387935
5,509,36160.032941
3,599,36177.162305
-2,863,36202.913147
2,861,36227.961336
3,759,36250.27161
5,424,36262.473001
-1,1197,36297.042902
4,638,36316.009585
-3,728,36337.041999
4,624,36354.871066
1,1078,36387.073925
2,837,36411.989583
4,499,36426.669968
3,791,36449.861241
4,546,36466.307415
3,592,36483.742542
4,635,36502.395251
3,739,36524.290789
2,1275,36561.873502
4,609,36579.744269
4,561,36596.325233
3,858,36621.995362
5,440,36635.342238
4,617,36653.324757
2,1113,36686.516314
3,711,36707.383398
3,820,36731.08531
4,618,36749.013558
1,837,36773.212754
5,533,36788.622837
4,598,36806.615607
4,639,36825.326831
2,838,36849.986762
4,699,36870.459123
4,608,36888.586319
2,1100,36921.121831
5,505,36935.993208
5,459,36949.547517
1,1129,36983.155413
2,907,37009.978424
4,684,37030.246555
3,753,37052.461013
5,436,37065.426159
4,663,37085.100631
5,550,37101.230107
4,590,37118.530588
3,575,37135.761138
3,821,37159.640739
3,775,37182.264945
5,445,37195.136659
4,618,37213.30762
4,758,37235.123964
4,566,37251.514411
2,836,37275.721683
3,743,37297.879391
1,1201,37333.024253
5,469,37346.934909
5,457,37360.285112
4,535,37375.83987
3,735,37396.759462
1,1086,37427.650867
2,839,37451.934684
5,421,37464.524175
3,658,37483.599258
2,930,37510.776441
5,658,37529.852597
2,962,37558.592705
3,824,37583.158189
3,752,37605.17548
-2,865,37630.778756
1,1046,37661.537633
3,776,37684.248326
4,531,37699.930109
4,603,37717.547951
3,734,37739.224262
4,629,37757.413575
4,645,37775.830702
5,534,37791.114325
5,457,37804.984915
3,671,37824.920503
5,663,37844.390748
3,731,37866.144229
2,817,37890.033788
2,1076,37921.196985
5,459,37934.766293
3,729,37955.828809
1,1141,37989.954357
5,468,38003.856106
3,796,38027.64141
4,522,38043.162241
5,439,38056.339773
4,539,38072.176939
4,578,38089.182338
4,771,38112.025013
5,927,38139.583872
4,568,38156.353317
3,983,38185.031874
4,598,38202.472845
-2,899,38228.887572
5,575,38245.571953
2,1046,38275.619608
2,829,38299.484969
2,848,38301.991457
5,603,38302.394485
5,515,38302.694595
5,683,38303.123446
2,1019,38303.807718
5,714,38304.248711
4,590,38304.640107
3,1092,38305.372775
5,797,38305.890303
3,779,38306.425691
5,433,38306.728133
4,684,38307.164572
3,758,38307.651865
4,652,38308.055969
3,1123,38308.792589
5,427,38309.090594
5,620,38309.508833
3,653,38309.956728
4,693,38310.388747
5,589,38310.783606
4,802,38311.317632
2,845,38311.862609
5,519,38312.198603
4,934,38312.803455
4,725,38313.274629
2,909,38313.852629
4,744,38314.328631
4,672,38314.755632
1,1188,38315.554629
5,570,38315.919629
2,1096,38316.632375
4,476,38316.92049
3,758,38317.410141
3,809,38317.920749
2,829,38318.459209
4,1148,38319.213855
1,1099,38319.907523
3,741,38320.372881
4,667,38320.795913
3,857,38321.336941
4,618,38321.77456
2,958,38322.375225
5,518,38322.745526
2,959,38323.38907
4,679,38323.835575
3,1185,38324.570371
2,935,38325.160595
5,622,38325.564601
4,723,38326.071596
2,1326,38326.954388
1,1115,38327.758383
5,541,38328.182216
4,687,38328.629222
4,732,38329.080218
3,746,38329.54022
5,532,38329.875218
2,863,38330.417218
3,596,38330.818218
4,782,38331.333235
3,781,38331.867565
4,670,38332.297562
4,782,38332.829559
-3,1083,38333.57553
2,899,38334.142557
3,973,38334.748816
1,1441,38335.670768
3,728,38336.182266
3,775,38336.669544
4,679,38337.085088
4,539,38337.395833
3,615,38337.791615
4,566,38338.146578
3,887,38338.687772
5,462,38338.981839
4,850,38339.526744
4,792,38340.017038
5,525,38340.324241
4,776,38340.839799
4,716,38341.290373
3,880,38341.825696
5,597,38342.196693
3,956,38342.829026
4,569,38343.191033
3,787,38343.700859
4,634,38344.141861
5,378,38344.401859
2,1009,38345.081859
3,875,38345.741016
5,545,38346.084017
4,712,38346.567612
5,885,38347.151614
5,463,38347.489617
2,1134,38348.238771
5,550,38348.597765
4,683,38349.052765
3,925,38349.685765
2,1219,38350.487849
2,1136,38351.203372
4,616,38351.593339
2,1049,38352.255083
2,956,38382.406072
3,640,38401.48303
3,640,38420.490094
5,603,38438.359955
3,1060,38470.35751
5,400,38482.238955
1,1153,38516.370893
3,845,38541.275455
1,1065,38572.166468
4,600,38589.697809
4,526,38604.63059
4,837,38628.736801
3,687,38649.551434
3,637,38668.237282
5,502,38682.971192
5,517,38698.1788
2,867,38723.635807
4,709,38744.362217
5,392,38755.944681
4,639,38774.798249
3,767,38797.755664
1,1098,38830.23007
2,911,38857.146739
5,437,38870.027778
3,576,38887.042332
2,843,38911.48404
5,629,38929.79982
1,1042,38960.263884
4,699,38981.187293
5,626,38999.62698
5,616,39017.825377
4,541,39033.869546
5,742,39056.257246
4,605,39074.159275
3,779,39097.261564
5,424,39109.573793
4,625,39128.492831
5,433,39141.327337
5,412,39153.560847
2,1156,39187.612087
4,642,39206.900893
5,548,39223.079214
5,410,39235.328491
-2,986,39264.784609
-1,1052,39296.212125
5,419,39308.782759
3,995,39338.310343
3,788,39361.610572
2,996,39391.408845
4,497,39406.034773
5,456,39419.532166
3,1020,39449.532058
3,885,39475.396472
4,609,39493.377826
5,538,39508.946794
-1,1339,39547.912683
4,736,39569.817476
5,490,39584.191606
4,777,39607.050736
3,690,39627.434107
4,736,39649.507349
5,531,39665.392554
4,649,39684.510362
5,537,39700.404278
5,573,39717.783369
4,646,39737.036875
5,449,39750.389009
4,705,39771.164646
4,748,39794.256302
5,510,39809.344901
4,555,39825.912283
5,423,39838.738979
4,712,39859.671999
5,398,39871.43378
4,616,39889.580281
4,661,39908.814572
-1,1246,39946.107903
4,605,39964.265638
5,556,39980.819376
5,523,39996.267358
4,546,40012.557787
5,467,40026.509568
4,648,40045.390454
5,427,40058.123157
5,513,40073.238612
2,934,40100.159148
5,478,40113.875079
2,826,40137.793738
3,818,40162.421086
5,534,40178.195228
4,580,40195.431181
3,945,40223.593277
4,754,40245.847144
3,1042,40276.509034
5,489,40290.878134
4,632,40309.444024
5,730,40331.381447
4,632,40350.22646
4,761,40372.680859
3,744,40395.158577
5,662,40415.231345
4,564,40431.9363
4,649,40451.181456
3,755,40473.371749
3,795,40497.092778
4,693,40517.568479
2,1166,40552.193607
4,769,40574.849326
5,458,40588.767521
5,640,40607.598329
4,651,40626.91327
5,456,40640.610741
4,648,40659.960351
5,448,40674.244254
5,474,40688.379832
4,661,40708.144816
4,619,40726.563412
5,420,40738.980298
4,885,40764.878895
3,772,40787.650054
4,618,40806.280545
4,561,40822.757779
4,696,40843.448097
5,569,40860.39365
4,539,40876.539941
5,703,40897.210549
5,454,40910.577153
3,843,40935.476668
5,441,40948.686807
4,590,40965.757873
1,995,40995.079387
5,457,41008.462106
-2,860,41034.108777
4,554,41050.769356
-3,826,41075.210559
4,604,41093.137133
4,675,41113.522277
3,744,41135.344639
5,448,41148.470974
5,491,41163.080586
4,655,41182.243874
3,1164,41215.778552
3,708,41236.040419
3,700,41255.793512
4,573,41273.083582
4,580,41290.149678
5,511,41305.039865
4,591,41313.066723
4,490,41313.365695
4,591,41313.745696
3,843,41314.298698
5,379,41314.5527
5,574,41314.939696
3,697,41315.375694
4,850,41315.918955
4,725,41316.399956
5,560,41316.758958
4,576,41317.118966
3,677,41317.564966
3,984,41318.213006
5,491,41318.514967
5,506,41318.846963
4,730,41319.310968
-3,655,41319.713964
4,543,41320.056964
4,604,41320.451711
5,481,41320.790717
5,534,41321.170717
4,618,41321.570718
3,777,41322.094716
5,434,41322.361717
5,556,41322.720713
5,533,41323.078611
3,739,41323.520868
5,501,41323.8312
3,781,41324.326937
2,841,41324.89578
3,620,41325.3068
3,840,41325.824268
3,769,41326.290798
3,895,41326.868389
3,764,41327.343839
5,540,41327.680154
3,944,41328.268829
5,551,41328.59949
4,670,41329.030566
3,690,41329.459606
5,471,41329.77061
2,761,41330.261633
4,583,41330.62261
5,448,41330.925619
4,562,41331.325606
5,444,41331.59561
5,579,41331.960608
5,591,41332.333634
5,498,41332.671611
5,521,41332.995607
4,633,41333.421608
4,625,41333.833608
4,652,41334.243966
5,490,41334.545943
2,1052,41335.246946
4,761,41335.760948
5,511,41336.087946
3,683,41336.588038
4,736,41337.106875
5,606,41337.540874
2,837,41338.087874
4,748,41338.553874
3,868,41339.121873
4,694,41339.557429
5,483,41339.848758
5,536,41340.172959
2,805,41340.684545
5,455,41340.972892
4,732,41341.460209
5,481,41341.786585
4,570,41342.149453
4,833,41342.645228
4,565,41343.023894
5,792,41343.531246
5,399,41343.797992
5,550,41344.136967
5,556,41344.479414
4,584,41344.864698
4,805,41345.38098
5,442,41345.66753
4,797,41346.176633
4,699,41346.645629
5,543,41347.065633
2,1006,41347.764629
1,1026,41348.442474
5,496,41348.795476
5,575,41349.179473
5,469,41349.49748
5,538,41349.841473
4,525,41350.188481
4,753,41350.705481
4,576,41351.095474
5,441,41351.396477
4,595,41351.78152
5,503,41352.102474
5,569,41352.52736
5,730,41352.990817
4,607,41353.381338
4,763,41353.853367
3,838,41354.405336
5,595,41373.866736
5,434,41386.913757
5,551,41403.240448
4,685,41423.687177
5,551,41440.01872
5,446,41453.276376
1,1097,41484.935489
5,414,41496.856834
5,453,41510.476597
5,481,41524.473776
3,665,41543.667284
4,803,41566.62782
5,530,41583.830391
2,704,41608.254585
3,755,41630.469718
5,499,41646.687145
4,865,41675.145594
4,687,41698.112954
5,798,41724.74511
-2,1116,41761.825391
3,896,41788.730922
5,508,41803.472328
4,630,41821.622752
3,828,41845.269372
4,745,41866.504036
5,553,41883.301939
4,757,41905.813509
4,544,41922.00766
4,743,41944.128699
4,666,41963.941532
4,575,41980.664431
5,390,41992.137156
4,608,42009.85165
5,453,42023.774854
2,895,42050.442272
2,1014,42080.497319
3,668,42100.384746
4,620,42118.756967
2,925,42145.811533
4,562,42163.412486
-1,925,42192.895592
5,425,42206.647028
1,1062,42240.515452
5,630,42260.628935
5,683,42282.444672
5,494,42298.314429
3,913,42327.609701
4,531,42344.637902
2,1112,42380.22694
1,951,42410.855733
5,505,42427.021133
5,481,42442.422296
5,498,42458.223246
5,461,42473.127152
4,609,42492.629614
5,595,42511.739047
5,497,42527.699185
5,677,42549.547785
5,537,42566.637145
4,649,42587.306191
2,993,42619.014449
4,969,42650.034723
5,522,42666.811506
4,648,42687.536023
3,1253,42727.799046
4,687,42749.896943
4,800,42775.544368
5,534,42792.627753
4,645,42813.325588
5,755,42837.546704
5,504,42853.586391
5,461,42868.391846
5,478,42883.830913
4,634,42904.140514
2,1067,42938.147882
5,480,42953.404031
3,902,42981.800399
5,421,42995.529918
3,818,43021.827909
2,1218,43061.062047
5,674,43082.79249
5,449,43097.364746
5,413,43110.563991
3,829,43136.888113
4,1052,43170.636524
4,765,43195.24687
4,676,43216.878432
4,866,43244.44465
5,528,43261.496386
5,603,43281.04924
4,724,43304.155661
4,732,43327.420071
5,617,43346.998447
3,696,43369.590957
5,534,43386.742346
4,567,43405.163215
5,470,43420.295645
5,694,43442.678081
4,581,43461.355581
5,699,43483.792674
3,633,43504.182928
5,659,43525.849828
5,527,43542.769525
4,568,43560.992394
4,598,43580.066173
5,866,43608.04247
4,576,43626.474848
5,594,43645.432084
4,686,43667.336014
4,548,43685.129798
5,466,43700.242806
5,594,43719.302223
3,948,43749.782375
4,698,43772.221368
4,794,43797.603087
4,757,43821.910666
5,490,43837.485971
4,566,43855.773587
3,807,43881.422471
5,518,43898.033358
3,833,43924.541823
3,695,43947.065382
5,500,43963.147082
4,670,43984.501709
5,768,44009.044606
3,1172,44046.65476
5,649,44067.403368
5,700,44089.905294
4,570,44108.271188
4,542,44125.865388
2,835,44152.675059
5,486,44168.155566
4,629,44188.299388
4,713,44211.071367
4,685,44232.881909
5,493,44248.698841
4,641,44268.881001
5,596,44288.07435
3,857,44315.528353
4,810,44341.509664
5,712,44364.381377
5,820,44390.984594
4,737,44414.623504
4,861,44442.079604
5,590,44461.042232
4,615,44481.028231
2,895,44509.634201
5,415,44514.168889
5,402,44514.449239
3,773,44514.989734
5,591,44515.418342
4,629,44515.882602
5,578,44516.271048
1,1077,44517.008217
5,394,44517.274011
5,537,44517.62973
5,381,44517.929665
5,456,44518.25095
5,475,44518.599252
3,1115,44519.416108
5,549,44519.802874
4,966,44520.51273
5,734,44521.004081
5,531,44521.386164
4,642,44521.87664
1,1145,44522.713513
4,605,44523.150869
4,594,44523.560299
5,484,44523.884607
3,990,44524.557424
5,798,44525.151636
3,859,44525.76213
5,650,44526.216127
5,499,44526.566315
3,1043,44527.352311
5,795,44527.908315
3,847,44528.539483
5,529,44528.933949
5,474,44529.245707
3,805,44529.843894
3,680,44530.301334
4,662,44530.784822
5,614,44531.238286
5,615,44531.683764
5,505,44532.045124
5,590,44532.448824
4,600,44532.899279
4,726,44533.488531
5,523,44533.851133
5,477,44534.219281
5,476,44534.559036
5,564,44534.94793
3,931,44535.649123
4,727,44536.152537
5,533,44536.517548
5,546,44536.909619
5,650,44537.350423
4,655,44537.839869
5,549,44538.21625
4,1014,44538.893878
5,467,44539.254271
5,442,44539.555973
5,433,44539.875229
4,646,44540.328377
5,675,44540.790652
3,758,44541.301652
4,502,44541.644655
5,451,44541.984071
3,857,44542.623067
5,618,44543.063069
3,942,44543.761494
5,547,44544.145368
5,416,44544.431364
4,639,44544.927366
5,469,44545.222584
5,510,44545.585982
4,761,44546.133479
5,766,44546.696371
4,610,44547.097623
5,522,44547.495878
4,638,44547.935281
5,804,44548.498216
3,897,44549.145489
4,528,44549.543859
2,1302,44550.4389
5,560,44550.805602
5,605,44551.246615
2,1007,44551.951679
5,729,44552.517323
5,589,44552.93394
4,813,44553.490893
5,560,44553.91577
3,774,44554.434898
4,854,44555.038319
5,573,44555.419185
5,379,44555.70504
5,443,44556.023376
4,589,44556.453791
5,525,44556.846576
5,461,44557.193509
4,967,44557.913637
3,935,44558.559641
5,626,44558.988635
3,980,44559.73581
5,502,44560.086691
5,548,44560.479691
3,844,44561.101693
5,543,44579.879214
5,515,44596.433571
5,482,44612.136766
5,553,44629.921845
4,649,44650.833574
5,461,44665.523055
5,589,44684.630151
5,686,44706.618763
5,441,44720.85222
4,634,44741.129318
4,605,44760.593368
5,546,44778.144216
5,613,44797.750762
5,452,44812.294996
3,762,44836.995195
5,692,44859.164618
3,806,44885.096686
2,902,44914.047116
5,658,44935.201055
4,607,44954.643519
2,1034,44987.784283
4,777,45012.600649
5,409,45025.941675
5,505,45042.128812
5,612,45061.689711
5,498,45077.593236
4,793,45103.109504
5,482,45118.591228
4,506,45134.818936
5,461,45149.788993
4,657,45171.152846
5,401,45184.117527
5,568,45202.34891
3,839,45229.269327
5,558,45247.576659
5,673,45269.100241
5,454,45283.545776
4,592,45302.580265
5,634,45323.160196
4,584,45341.737072
4,687,45363.820471
5,490,45379.41329
5,507,45396.004558
5,673,45417.57353
5,503,45433.769995
5,613,45453.486672
4,654,45474.686057
4,629,45494.708947
4,675,45516.42989
3,887,45544.793131
4,742,45568.885223
5,542,45586.099689
5,572,45604.252508
5,510,45620.63885
3,746,45644.766112
5,399,45657.506558
5,584,45676.209597
5,780,45701.18102
5,576,45719.866
5,683,45741.704677
5,491,45757.463516
4,879,45785.633173
5,456,45800.316484
5,452,45814.66358
4,856,45841.974418
5,523,45858.743459
5,705,45881.628937
4,760,45905.94763
5,773,45930.621269
4,788,45955.965297
5,491,45972.00142
3,779,45996.748282
5,407,46009.815662
4,591,46028.783631
4,793,46054.131452
5,521,46070.65162
5,612,46090.18608
5,500,46106.253798
5,491,46122.108695
4,802,46147.98178
5,392,46160.609631
4,603,46179.826884
5,576,46198.610663
5,444,46212.981432
5,413,46226.3571
5,492,46242.163184
5,519,46259.256608
5,630,46279.53174
4,733,46302.931815
5,937,46332.932836
4,702,46355.716946
5,554,46373.397408
5,664,46394.496813
5,669,46415.832267
5,517,46432.44243
3,947,46462.776219
5,451,46477.13539
5,468,46492.183481
5,631,46512.718815
5,666,46534.090574
5,511,46550.583412
5,821,46577.108415
5,839,46604.111921
4,640,46624.748039
4,556,46642.52727
5,435,46656.463385
5,587,46675.673403
5,465,46690.554011
5,589,46709.393471
3,851,46736.739103
5,505,46753.114878
5,516,46769.682499
4,573,46788.222219
5,742,46811.907467
5,708,46834.738489
5,477,46850.000092
5,582,46868.845982
4,648,46889.715037
3,850,46917.297094
5,555,46935.06308
4,686,46956.96545
5,549,46974.570433
5,750,46998.983857
4,724,47022.482404
5,423,47036.13102
5,656,47057.098767
5,628,47077.352851
5,424,47091.083577
5,788,47116.312015
4,669,47137.890242
5,562,47156.051529
4,631,47176.11738
5,683,47198.10075
5,554,47215.666708
5,530,47232.83372
5,547,47250.326581
5,502,47266.519745
5,467,47281.563773
5,458,47296.60049
5,668,47318.131616
5,580,47336.69983
4,725,47359.982916
5,656,47381.229254
5,514,47397.771282
5,450,47412.155817
5,547,47429.716704
5,577,47448.364717
4,928,47478.09359
5,494,47493.836152
3,904,47522.901716
5,593,47542.349173
5,539,47559.625468
5,509,47576.138233
5,437,47590.166428
5,515,47606.940538
5,791,47632.155915
5,540,47649.588835
3,870,47677.510759
5,391,47690.369946
4,541,47707.669387
5,521,47724.341495
5,576,47742.818333
4,609,47762.73082
4,742,47778.884349
5,725,47779.44735
4,497,47779.776355
5,782,47780.356349
5,742,47780.860355
5,561,47781.241352
5,489,47781.59259
5,458,47781.890593
5,728,47782.409587
3,752,47782.975632
4,913,47783.617814
5,672,47784.094813
5,535,47784.464811
4,656,47784.933811
5,696,47785.425993
5,567,47785.810994
3,722,47786.293991
5,587,47786.74099
5,550,47787.140987
4,665,47787.643989
5,668,47788.12599
5,530,47788.506991
5,437,47788.81199
5,652,47789.264989
5,409,47789.591222
5,561,47790.000224
5,469,47790.337226
4,884,47790.931223
5,466,47791.260223
5,455,47791.584254
5,527,47791.961223
5,644,47792.408225
5,483,47792.742227
5,472,47793.083224
5,678,47793.575223
5,578,47793.992223
4,902,47794.659225
5,529,47795.052395
5,670,47795.537396
5,502,47795.885396
4,1473,47796.946519
5,424,47797.254307
5,512,47797.625303
5,612,47798.059303
5,596,47798.466307
5,530,47798.826304
5,532,47799.185307
4,627,47799.647303
3,789,47800.226182
4,830,47800.847798
5,468,47801.19717
5,625,47801.695167
5,599,47802.143165
5,402,47802.414169
5,408,47802.724167
4,658,47803.196263
5,543,47803.594266
5,433,47803.892265
5,860,47804.56445
5,452,47804.88145
5,576,47805.316448
5,700,47805.772449
5,586,47806.19527
5,468,47806.546265
5,609,47807.013267
4,867,47807.62528
4,1074,47808.414332
4,808,47808.974329
5,443,47809.283524
4,611,47809.722738
5,785,47810.27669
5,468,47810.574687
5,515,47810.949686
5,520,47811.354687
5,616,47811.828683
4,513,47812.192688
5,522,47812.562649
5,904,47813.215651
5,525,47813.603867
5,497,47813.937234
5,432,47814.260869
5,442,47814.562868
5,571,47815.001034
4,531,47815.389034
5,761,47815.933242
5,535,47816.326244
5,800,47816.882245
5,554,47817.284242
5,526,47817.655459
5,857,47818.288307
5,674,47818.74631
5,600,47819.18535
5,453,47819.525537
5,560,47819.915339
5,504,47820.24634
5,439,47820.57255
5,648,47821.046397
5,472,47821.410567
4,661,47821.877568
4,695,47822.387801
5,625,47843.794369
5,412,47857.036727
5,542,47874.552979
5,492,47890.598199
4,694,47912.701567
1,1135,47949.415458
4,709,47972.242325
5,470,47987.429211
5,700,48010.074563
4,670,48031.776893
5,528,48048.846313
5,651,48070.016833
5,761,48094.349362
5,433,48108.13949
5,673,48129.67051
5,605,48149.439503
5,521,48166.052908
4,591,48185.057902
3,616,48204.87083
5,592,48224.158027
5,485,48239.839392
5,568,48258.158675
4,670,48279.579123
5,473,48294.968369
5,819,48321.473722
5,516,48338.127497
5,685,48360.011789
5,426,48374.021136
5,576,48392.47085
5,591,48411.615062
4,589,48430.673335
3,833,48457.90105
5,629,48478.117604
5,446,48492.536149
5,768,48517.309278
5,546,48535.144767
5,472,48550.325691
5,554,48568.220621
5,464,48583.238714
5,526,48600.195876
5,687,48622.177137
5,449,48636.569914
5,745,48660.487442
4,851,48687.748313
4,708,48710.448978
5,464,48725.302505
5,867,48752.994458
5,534,48770.47724
4,801,48796.259834
3,861,48823.89162
5,437,48838.016026
5,507,48854.469818
5,499,48870.42707
4,688,48892.496381
4,671,48913.759384
4,494,48929.781075
3,720,48952.8854
5,678,48974.696561
3,704,48997.211548
5,406,49010.637451
5,496,49026.640928
4,692,49048.956218
5,540,49066.431356
5,592,49085.707405
4,523,49102.554266
4,626,49122.729647
5,660,49144.078308
5,520,49161.03687
5,451,49175.623016
4,578,49194.20872
4,1169,49231.912233
5,568,49250.351418
5,611,49269.847641
5,658,49291.195912
5,987,49322.93761
5,518,49339.711439
4,675,49361.300593
3,872,49389.367554
5,689,49411.517413
5,805,49437.706924
5,650,49458.560994
5,701,49481.284322
4,546,49498.81321
5,759,49523.494138
5,442,49537.762143
5,774,49562.662947
5,751,49586.848182
5,685,49608.975249
5,524,49625.848438
4,821,49652.461854
4,871,49680.403842
5,583,49699.514695
4,667,49720.804753
4,530,49737.939131
5,846,49765.086005
5,695,49787.646369
5,498,49803.57352
5,741,49827.277627
4,634,49847.479074
5,679,49869.661237
4,708,49892.420257
5,448,49906.903519
5,838,49934.052374
4,598,49953.533351
5,684,49975.545648
4,708,49998.291042
5,497,50014.204912
5,498,50030.603552
5,590,50049.634931
4,736,50073.440976
5,434,50087.400158
5,530,50104.818818
5,631,50125.362983
5,654,50146.444631
5,996,50178.412429
5,521,50195.429533
5,673,50217.030029
5,608,50236.601618
5,605,50256.018371
5,762,50280.801956
5,497,50296.588559
5,695,50319.012677
5,824,50345.587464
5,854,50373.134707
5,510,50389.297458
5,425,50402.844348
5,598,50421.978539
5,580,50440.893558
5,561,50459.158728
5,520,50475.925474
5,573,50494.356808
5,423,50508.115087
4,760,50532.558989
5,608,50552.171495
5,771,50577.016301
5,711,50600.356282
5,537,50617.874941
5,519,50634.803726
4,702,50657.475326
4,602,50677.130336
5,730,50700.522706
4,893,50729.683461
5,574,50748.201526
4,785,50773.845899
5,575,50792.354225
5,729,50815.794422
5,680,50837.703517
5,636,50858.382994
3,837,50885.372947
5,458,50900.022583
5,488,50915.71137
5,422,50929.517889
5,530,50946.556876
5,527,50963.497721
4,599,50982.799506
5,868,51011.149943
5,539,51028.496839
5,546,51046.003904
5,529,51050.895077
5,533,51051.266603
5,585,51051.669599
5,545,51052.082602
5,773,51052.641599
5,580,51053.059596
5,462,51053.3956
5,651,51053.847602
5,454,51054.172117
5,765,51054.67431
4,1102,51055.487308
5,546,51055.868307
5,670,51056.312305
5,474,51056.676308
5,590,51057.137306
5,512,51057.485311
5,520,51057.829502
4,652,51058.2965
4,662,51058.754501
5,557,51059.138325
5,701,51059.616462
5,423,51059.915459
4,832,51060.533667
5,573,51060.919671
5,657,51061.415664
5,656,51061.869669
5,557,51062.312667
5,571,51062.747666
5,533,51063.118888
5,799,51063.682819
5,527,51064.054546
5,603,51064.493549
5,666,51065.004549
5,429,51065.302551
5,790,51065.848548
5,598,51066.298549
5,754,51066.852549
5,433,51067.152909
5,649,51067.609909
5,914,51068.247905
5,546,51068.650911
4,715,51069.188906
5,472,51069.511911
5,442,51069.831905
5,534,51070.199906
5,512,51070.581907
5,1003,51071.365906
5,490,51071.731911
5,629,51072.147923
5,411,51072.458963
5,476,51072.783965
5,514,51073.151157
5,514,51073.508157
5,538,51073.872156
5,513,51074.284158
5,814,51074.831157
5,651,51075.287155
5,513,51075.663157
5,456,51076.017163
5,614,51076.503158
5,734,51077.004159
5,540,51077.396156
5,566,51077.811159
5,508,51078.168155
5,448,51078.506155
5,725,51079.053159
5,489,51079.417156
4,725,51079.965981
5,538,51080.342982
5,580,51080.751444
5,578,51081.143704
5,679,51081.624705
5,579,51082.043702
5,544,51082.436705
5,597,51082.858706
5,462,51083.208649
5,400,51083.502645
5,558,51083.906643
5,761,51084.452871
4,768,51084.984073
5,544,51085.392077
5,544,51085.77629
5,483,51086.12929
5,419,51086.417201
5,388,51086.685201
5,571,51087.072203
5,649,51087.532228
5,684,51088.023203
5,712,51088.5312
5,532,51088.912202
5,638,51089.340201
5,522,51089.681203
5,565,51090.096201
5,421,51090.39511
5,673,51090.866114
5,486,51091.214212
5,586,51091.647213
5,667,51092.110684
5,426,51092.431684
5,703,51092.924455
4,606,51113.828194
5,559,51132.191909
5,519,51148.908379
5,620,51168.952832
5,536,51186.086813
5,696,51208.69473
5,664,51230.003647
5,489,51245.646365
5,478,51260.99922
5,488,51276.890331
5,500,51293.080586
5,550,51310.70654
5,446,51324.965106
5,458,51339.872502
5,608,51359.472079
5,505,51375.737458
5,645,51396.491678
5,577,51415.191996
5,481,51430.550977
4,784,51455.795805
5,493,51471.638646
4,631,51492.145156
4,778,51517.182662
4,500,51533.28815
5,453,51547.800096
5,981,51579.604455
5,498,51595.604776
5,470,51610.673728
5,521,51627.396006
5,915,51657.047314
5,665,51678.501519
5,599,51697.704049
4,530,51714.726006
5,621,51734.724723
5,444,51748.920065
5,540,51766.057844
5,586,51784.865717
5,375,51797.139514
5,567,51815.43129
5,700,51838.10956
5,521,51855.043778
5,650,51876.18158
4,742,51899.994713
3,818,51926.302062
5,489,51942.063202
5,410,51955.661661
4,593,51974.739023
5,528,51991.676311
5,479,52007.061883
5,580,52026.005439
5,633,52046.269761
5,658,52067.649442
4,835,52094.458838
5,544,52112.321048
5,485,52127.877142
5,628,52148.028859
5,430,52161.89961
5,530,52179.345958
5,579,52197.919609
5,562,52216.151816
5,470,52231.244516
5,543,52248.816361
4,579,52267.47132
5,391,52280.045819
5,586,52298.87276
5,557,52317.101922
5,725,52340.515652
4,842,52367.726524
4,774,52392.726403
5,587,52412.049437
5,865,52439.895211
5,437,52453.879168
5,646,52474.779211
5,539,52492.489915
5,656,52513.62624
5,642,52534.230671
5,682,52556.565704
5,725,52580.042468
5,718,52603.136221
5,714,52626.062378
5,690,52648.153154
4,775,52673.413846
4,528,52690.404011
5,472,52705.602077
5,493,52721.4501
5,623,52741.873116
4,572,52760.447763
5,407,52773.384039
5,452,52787.850661
4,673,52809.773552
5,652,52830.552014
5,537,52847.734089
5,590,52866.895644
5,415,52880.637598
5,728,52904.042023
5,565,52922.319865
5,796,52948.157908
5,573,52966.892568
5,559,52984.92609
5,396,52997.558329
4,841,53024.697755
4,644,53045.730876
5,525,53062.510904
5,627,53082.628338
5,629,53102.777663
4,699,53125.460506
5,467,53140.548934
5,472,53155.688064
5,745,53179.713148
4,526,53196.873502
5,489,53212.640339
5,375,53224.708246
5,601,53244.113678
5,665,53265.730425
4,572,53284.280504
5,764,53308.93609
5,573,53327.519881
5,491,53343.641486
5,610,53363.314873
5,469,53378.476352
5,521,53395.166752
5,475,53410.666574
5,602,53430.268925
4,673,53451.971787
5,573,53470.390882
4,616,53490.418827
5,668,53511.678445
5,565,53529.866019
5,476,53544.972648
5,466,53560.19403
5,697,53582.600796
5,645,53603.335239
5,425,53616.972241
5,707,53640.176229
5,672,53661.762232
5,735,53685.52234
5,579,53704.145662
5,557,53722.435335
5,468,53737.502108
5,691,53759.938422
5,498,53776.104779
5,699,53798.967957
4,574,53817.435276
5,685,53839.468898
5,434,53853.596992
5,835,53880.782286
5,638,53901.072985
5,637,53921.372868
5,477,53936.606433
4,605,53956.480267
4,611,53976.210485
5,479,53991.706947
5,779,54016.723906
4,656,54039.966638
5,590,54059.670732
5,557,54077.364771
5,465,54092.265071
3,862,54120.404874
4,763,54145.196722
4,583,54164.018101
5,745,54188.224113
5,526,54205.377233
5,751,54229.495593
5,567,54247.657055
4,712,54270.335054
4,753,54294.947201
5,483,54310.805159
4,585,54327.276167
5,889,54327.913168
5,649,54328.370164
5,563,54328.790356
5,508,54329.160353
4,825,54329.766355
5,468,54330.110243
5,613,54330.508244
3,756,54331.07324
5,506,54331.421242
5,594,54331.834419
5,421,54332.133247
5,575,54332.535248
5,513,54332.900158
5,513,54333.272161
4,678,54333.747759
5,625,54334.209758
4,1080,54334.973393
5,457,54335.320232
5,696,54335.828091
5,565,54336.227087
5,626,54336.689558
5,697,54337.239379
4,543,54337.649379
4,707,54338.191386
5,680,54338.738709
5,604,54339.149381
5,604,54339.587384
5,442,54339.888382
4,845,54340.489379
5,679,54340.975379
5,611,54341.406384
5,675,54341.920189
5,541,54342.276189
5,667,54342.75319
3,981,54343.470975
5,628,54343.910975
5,550,54344.322974
5,984,54344.995523
5,588,54345.427526
5,428,54345.753314
5,641,54346.235317
4,539,54346.63253
5,570,54347.070288
5,608,54347.518289
5,636,54348.040641
5,877,54348.655641
4,697,54349.156848
4,823,54349.700849
5,526,54350.085848
5,525,54350.465851
5,703,54350.938852
5,700,54351.465851
4,611,54351.870847
5,732,54352.375173
3,781,54352.947174
4,685,54353.465201
5,527,54353.829172
5,620,54354.293176
5,535,54354.694174
5,508,54355.04017
5,787,54355.614066
5,578,54356.044909
5,754,54356.60516
5,604,54357.004164
5,752,54357.518158
5,712,54358.066163
5,480,54358.423157
4,632,54358.90416
5,520,54359.290161
5,540,54359.675161
5,567,54360.067321
5,681,54360.533326
5,672,54361.017535
5,429,54361.319532
5,579,54361.734354
5,619,54362.160351
5,547,54362.565351
5,490,54362.922348
5,728,54363.487349
5,551,54363.930348
5,672,54364.464242
5,637,54364.917382
5,698,54365.420383
5,629,54365.882421
4,752,54366.383724
5,407,54366.691721
4,595,54367.122892
5,465,54367.437896
4,822,54368.030894
5,569,54368.424898
5,401,54368.742111
5,739,54369.29911
5,547,54369.714294
4,608,54370.129436
5,535,54370.530438
5,657,54371.025438
5,444,54371.331435
5,367,54371.601437
4,790,54372.15662
5,867,54402.118898
5,427,54415.879041
4,813,54442.290462
5,702,54464.740477
5,483,54480.335074
5,666,54501.709549
3,1193,54540.505644
5,707,54563.272048
5,712,54586.133776
5,436,54600.249875
4,674,54623.162094
5,989,54656.903842
5,577,54676.539356
5,837,54704.717415
5,486,54721.45146
5,549,54739.914611
4,610,54760.692141
5,553,54779.493912
4,829,54807.683604
5,516,54824.993646
4,508,54842.063974
5,528,54859.867735
5,423,54874.411588
5,564,54893.345154
5,661,54915.656707
5,600,54935.982271
5,505,54953.361692
5,672,54975.988472
5,589,54995.692989
5,1020,55030.079109
5,467,55046.129315
4,684,55069.614313
5,793,55096.440143
5,834,55125.039416
5,495,55142.135328
5,662,55164.399174
4,736,55189.004606
5,471,55204.926121
5,653,55227.213042
5,571,55246.76579
4,877,55275.236845
4,741,55298.885749
5,532,55316.156869
5,470,55331.294868
5,467,55346.347524
5,422,55359.909995
5,591,55379.262249
5,639,55399.939454
5,509,55416.381259
4,690,55438.658719
5,588,55457.889061
5,472,55473.042687
4,733,55496.716206
5,566,55515.072959
5,514,55531.999587
5,622,55552.050259
5,480,55567.518843
4,638,55588.055461
4,674,55610.000114
5,535,55627.114221
5,602,55646.510313
4,652,55667.569416
5,631,55688.205165
5,576,55706.743744
3,1055,55741.91352
5,585,55764.218571
5,643,55789.486533
4,605,55808.742573
5,564,55826.844002
5,523,55843.672769
5,583,55862.653991
5,729,55886.296961
5,656,55907.324393
5,596,55926.629767
5,523,55944.258327
5,513,55960.778825
5,554,55978.845881
5,694,56001.123049
5,573,56019.743441
5,457,56034.448108
5,506,56050.895723
5,572,56069.244528
5,541,56086.846372
5,597,56106.051872
5,557,56124.034536
5,498,56140.145443
5,477,56155.592289
4,608,56175.286994
5,929,56205.220563
5,692,56227.563349
4,885,56256.467901
5,691,56278.853453
5,426,56292.516932
5,421,56306.044533
5,550,56323.986182
5,518,56340.584808
5,599,56359.818484
5,710,56382.615672
5,723,56406.179121
5,586,56425.260441
5,581,56444.074729
5,820,56470.616293
5,617,56490.904305
5,913,56520.426051
5,673,56542.1081
5,537,56559.475871
5,720,56582.867624
5,695,56605.185262
4,490,56620.882735
5,496,56636.777475
5,621,56657.001776
5,638,56677.833557
5,733,56701.600869
5,952,56731.990547
4,801,56757.994011
5,535,56775.205666
5,643,56795.907129
5,461,56810.865894
5,429,56824.912335
5,390,56837.462788
5,650,56858.465515
5,634,56878.799187
5,515,56895.75676
5,588,56914.775731
5,826,56941.521174
5,593,56960.80127
3,651,56982.065907
5,470,56997.119686
5,628,57017.443123
5,643,57038.198017
5,499,57054.601012
4,642,57075.388772
5,625,57095.513111
4,783,57120.826391
5,586,57140.016618
5,576,57158.585939
4,656,57179.818322
5,511,57196.478064
5,505,57213.09498
5,579,57231.764732
5,463,57246.732027
5,474,57261.95346
5,694,57284.593704
5,517,57301.144159
5,622,57321.182581
5,491,57337.086862
4,725,57360.960721
5,784,57386.372787
5,594,57405.669617
5,547,57423.255739
5,622,57443.37328
5,712,57466.289454
5,647,57487.202018
5,784,57512.280396
5,551,57530.267771
5,800,57555.987677
5,586,57574.672301
5,578,57593.278691
5,498,57609.79727
5,630,57630.114722
5,547,57648.352516
5,478,57648.724515
5,515,57649.127179
5,550,57649.540036
5,645,57649.978037
5,563,57650.375202
5,540,57650.761353
5,600,57651.179353
5,604,57651.623355
4,684,57652.123353
5,676,57652.628405
5,517,57653.001738
5,643,57653.471733
5,569,57653.902549
5,526,57654.280549
5,540,57654.670566
5,407,57654.960548
5,533,57655.360549
5,537,57655.730546
5,564,57656.140552
5,677,57656.636772
5,531,57657.020773
5,454,57657.338775
5,844,57658.186777
5,646,57658.705774
5,636,57659.140352
5,603,57659.57244
5,487,57659.881731
5,518,57660.282056
5,530,57660.661058
5,535,57661.011061
5,484,57661.330062
5,445,57661.654059
5,453,57661.997257
5,651,57662.448251
5,724,57662.985251
5,437,57663.256257
5,458,57663.610253
4,649,57664.063162
5,412,57664.36716
5,541,57664.733162
5,499,57665.090158
5,500,57665.450161
5,698,57665.962157
5,465,57666.276757
5,694,57666.754177
4,647,57667.236375
5,616,57667.667376
5,485,57668.010223
5,390,57668.298226
5,716,57668.770845
5,566,57669.158843
5,683,57669.622841
5,676,57670.122839
5,597,57670.555842
5,778,57671.112365
5,538,57671.477365
5,556,57671.871539
4,658,57672.32632
5,617,57672.755903
5,699,57673.299905
5,499,57673.63593
5,491,57673.999898
5,552,57674.368898
5,743,57674.958902
5,553,57675.3679
5,524,57675.730901
5,667,57676.204361
5,455,57676.485949
5,497,57676.841001
5,655,57677.286005
5,591,57677.701022
5,524,57678.076
5,673,57678.569999
4,782,57679.164003
5,565,57679.573005
5,587,57680.022003
5,673,57680.537
5,515,57680.899009
3,769,57681.423163
5,459,57681.757164
5,597,57682.185166
5,570,57682.573792
5,657,57683.023792
5,593,57683.45554
5,522,57683.800729
5,476,57684.117593
5,437,57684.420597
5,484,57684.750601
5,510,57685.131594
4,583,57685.543782
5,755,57686.039783
5,646,57686.481784
5,651,57686.909782
5,514,57687.283781
5,602,57687.764785
5,571,57688.174786
5,521,57688.540784
5,513,57688.901784
5,652,57689.372823
5,425,57704.51454
5,648,57725.434838
5,453,57740.477591
5,446,57754.925497
5,776,57780.071621
5,608,57799.497219
5,596,57818.939689
5,707,57841.756132
5,715,57864.765826
5,471,57879.863582
5,739,57903.969608
5,467,57918.901981
5,571,57937.547536
5,631,57957.886836
5,605,57977.691806
5,392,57990.354464
4,746,58014.379904
5,497,58030.443119
4,496,58046.792625
5,489,58062.538455
5,623,58082.778275
5,395,58095.605428
5,404,58109.058353
5,716,58132.153562
5,627,58152.517883
4,596,58171.625307
5,638,58192.628555
4,904,58221.79221
5,540,58239.433526
5,557,58257.491027
5,700,58280.444133
5,538,58297.794893
5,399,58310.709747
5,599,58330.091358
5,453,58344.913127
5,540,58362.465639
5,469,58377.736812
5,393,58390.243484
5,497,58406.683192
4,797,58432.21567
4,536,58449.611915
5,559,58467.781652
5,522,58484.805617
5,754,58509.236817
5,623,58529.416465
5,741,58553.437103
5,542,58571.27164
5,422,58584.970917
5,452,58599.446068
5,438,58613.685242
5,470,58629.030529
5,769,58653.747925
5,506,58669.872335
5,438,58683.925697
5,496,58700.311846
5,554,58718.243227
5,471,58733.417301
5,682,58755.440012
5,517,58772.268594
5,454,58786.793451
5,523,58803.719652
5,584,58822.360529
5,453,58837.308861
4,690,58859.585448
5,558,58877.609667
4,733,58901.380171
5,467,58916.759616
5,546,58934.419463
5,527,58951.244814
5,427,58964.942819
5,601,58984.484859
5,534,59001.511163
5,541,59018.941015
5,555,59036.873543
5,528,59054.030598
4,747,59077.840497
5,611,59097.943861
5,647,59118.745486
5,542,59136.599095
5,558,59154.686161
5,566,59172.89673
5,909,59202.358531
5,424,59216.263866
5,903,59245.344349
5,443,59259.598322
5,783,59284.842754
5,659,59306.444671
5,751,59330.730124
5,461,59345.675851
5,679,59367.612081
5,465,59383.084507
5,662,59404.385269
5,662,59425.780909
5,444,59440.070833
5,462,59455.08814
5,676,59476.790718
5,498,59492.918588
5,419,59506.388324
4,612,59526.313075
4,786,59551.645159
5,692,59574.372791
5,497,59590.499064
5,496,59606.800253
5,480,59622.345872
4,624,59642.505352
5,563,59660.705853
5,476,59676.300828
5,514,59692.898751
5,514,59710.703307
5,504,59727.143038
5,607,59746.917596
5,449,59761.366774
5,722,59784.494784
5,703,59806.97257
5,720,59830.414911
4,636,59850.970448
5,437,59865.210287
5,527,59882.469686
5,645,59903.536386
5,641,59924.356718
5,577,59943.046768
5,770,59967.977234
5,509,59984.586944
5,789,60009.877495
5,659,60031.240762
5,531,60048.554634
5,856,60076.722983
5,586,60095.486147
5,612,60115.320607
5,511,60131.913445
5,599,60151.732164
5,512,60168.193681
5,429,60182.204749
5,608,60202.042408
4,695,60224.811542
5,651,60245.879503
4,700,60268.481159
5,415,60281.896996
5,436,60296.080613
4,551,60313.794528
5,636,60334.144992
5,505,60350.373158
5,617,60370.754237
5,656,60391.996934
5,645,60413.016424
5,463,60428.069654
5,579,60446.941573
5,492,60462.878748
5,443,60477.291217
4,699,60500.158216
5,639,60521.079994
5,551,60539.080564
5,497,60555.228048
5,498,60571.363908
5,464,60586.632334
4,657,60607.953585
5,389,60620.72639
5,394,60633.44679
5,595,60653.005122
5,583,60671.837513
5,585,60690.733547
5,507,60707.153878
5,598,60726.691263
5,543,60744.086048
5,520,60760.742003
5,416,60774.098609
5,440,60788.61514
4,515,60805.297396
5,448,60819.916012
5,653,60841.083747
5,772,60866.231729
4,710,60889.048853
5,605,60908.716829
5,546,60926.415987
5,562,60935.303585
5,500,60935.636585
5,540,60936.002586
5,449,60936.319584
5,507,60936.690585
5,618,60937.118612
5,603,60937.562437
5,754,60938.101442
5,550,60938.539373
5,489,60938.941375
5,415,60939.255375
5,636,60939.675377
5,492,60940.049372
5,494,60940.388375
4,566,60940.805374
5,455,60941.134822
5,430,60941.43082
5,675,60941.916822
5,559,60942.268822
5,617,60942.71783
5,516,60943.091974
5,504,60943.443978
4,634,60943.892977
4,624,60944.340498
4,768,60944.876663
5,654,60945.341667
4,606,60945.798667
5,432,60946.113664
5,688,60946.612664
4,745,60947.166665
5,645,60947.629569
4,642,60948.099565
5,493,60948.459472
5,555,60948.871467
5,391,60949.158268
5,519,60949.539266
5,432,60949.865266
5,684,60950.351268
5,452,60950.646414
5,470,60950.998413
5,426,60951.284164
5,452,60951.58015
5,512,60951.987133
5,535,60952.371298
5,587,60952.797369
5,450,60953.122316
5,623,60953.546313
5,485,60953.906311
5,770,60954.461312
5,535,60954.847312
5,594,60955.251314
5,567,60955.637522
5,479,60955.996516
5,570,60956.405522
5,805,60956.956522
3,846,60957.550519
5,541,60957.947516
5,467,60958.260519
5,663,60958.760518
5,466,60959.097522
4,648,60959.537518
5,671,60959.991517
5,554,60960.385519
5,550,60960.790444
5,508,60961.157834
5,682,60961.647833
5,479,60961.993833
4,709,60962.492005
5,622,60962.9273
5,696,60963.411297
5,614,60963.869295
5,736,60964.362298
5,685,60964.857296
5,633,60965.334298
5,491,60965.716295
5,484,60966.058831
5,479,60966.425684
5,646,60966.884435
5,497,60967.265437
5,598,60967.688435
5,616,60968.125437
5,528,60968.498438
3,809,60969.08731
5,614,60969.522468
4,548,60969.936466
5,514,60970.287472
5,712,60970.776467
5,588,60971.207469
5,495,60971.548675
4,674,60972.04007
5,615,60972.49207
5,468,60972.82107
5,498,60973.200071
4,686,60973.658986
5,517,60974.014984
5,578,60974.427986
5,545,60974.807989
5,639,60975.231987
3,665,60975.731988
5,463,60976.050985
