#{"t_start": 1654887123.7000287, "env_id": "SlimeVolley-v0"}
r,l,t
-5,545,0.111213
-5,783,0.22922
-5,669,0.334209
-5,491,0.406218
-4,575,0.503218
-5,473,0.580183
-5,539,0.662192
-5,640,0.762183
-5,619,0.861215
-5,805,0.982221
-5,574,1.078204
-5,527,1.156184
-5,535,1.245196
-5,611,1.33728
-4,703,1.441288
-5,626,1.534281
-5,668,1.636285
-5,679,1.73228
-5,561,1.81728
-5,769,1.923273
-5,431,1.997291
-4,743,2.104246
-5,646,2.195693
-4,831,2.317703
-5,601,2.410668
-5,777,2.519693
-5,607,2.609666
-5,533,2.688665
-5,454,2.758706
-5,529,2.836665
-5,681,2.931665
-5,634,3.024663
-4,677,3.131958
-5,575,3.211929
-5,619,3.300966
-5,742,3.412953
-5,587,3.500966
-5,586,3.584929
-5,501,3.656969
-5,393,3.715928
-5,611,3.811949
-5,653,3.903933
-5,567,3.984965
-5,550,4.068982
-5,534,4.170017
-5,374,4.224018
-5,606,4.319988
-5,596,4.40717
-5,1018,4.568142
-5,586,4.664143
-5,477,4.742142
-5,598,4.832181
-5,500,4.908184
-5,584,4.992171
-4,740,5.10017
-5,530,5.176177
-5,445,5.243177
-4,826,5.366181
-5,457,5.43217
-5,586,5.517179
-5,617,5.61017
-5,592,5.699179
-5,657,5.802144
-5,682,5.897143
-5,543,5.977141
-5,378,6.035141
-5,800,6.153168
-5,569,6.23517
-5,648,6.334145
-5,735,6.43917
-5,602,6.524147
-5,714,6.626389
-5,556,6.711423
-5,643,6.805404
-5,607,6.890417
-4,512,6.968399
-5,706,7.073425
-5,382,7.127426
-5,515,7.20061
-5,432,7.260585
-4,998,7.413619
-5,584,7.495582
-5,769,8.017583
-5,449,8.365583
-5,657,9.138683
-5,588,9.6808
-5,499,10.103803
-4,670,10.744387
-5,803,11.380219
-5,476,11.744131
-5,421,12.131984
-5,636,12.702156
-5,618,13.211305
-5,573,13.658196
-5,462,14.097691
-5,472,14.582405
-5,473,14.980069
-5,516,15.397133
-5,491,15.849366
-5,496,16.348751
-5,638,16.864292
-5,426,17.185887
-5,518,17.657645
-5,393,18.079204
-5,578,18.574011
-5,543,19.014501
-5,771,19.769045
-5,476,20.151845
-5,831,20.832561
-5,375,21.113844
-5,466,21.560106
-5,911,22.405925
-5,491,22.851712
-5,620,23.328844
-4,626,23.915397
-5,570,24.438164
-5,532,24.867337
-5,582,25.37381
-5,475,25.817997
-5,622,26.400911
-5,735,26.988953
-4,585,27.459953
-5,607,28.055598
-5,491,28.473626
-5,912,29.231411
-5,500,29.682943
-5,635,30.312706
-5,635,30.810464
-5,503,31.230419
-5,442,31.584068
-5,424,31.921948
-5,549,32.514825
-5,535,32.962449
-4,576,33.416209
-5,529,33.899788
-5,458,34.373326
-5,541,34.858545
-4,562,35.31167
-5,482,35.748968
-4,656,36.365805
-5,688,36.953109
-5,539,37.36375
-5,542,37.895819
-5,721,38.518229
-5,684,39.092276
-5,752,39.705052
-4,731,40.524197
-5,512,40.920334
-5,654,41.485488
-5,428,41.823299
-5,580,42.35253
-5,477,42.831589
-5,785,43.488692
-5,594,44.030478
-5,707,44.69788
-5,606,45.168312
-5,483,45.581094
-5,463,45.945069
-5,632,46.497754
-5,603,47.076809
-5,616,47.616376
-5,598,48.103238
-5,607,48.746101
-5,637,49.278088
-5,498,49.69007
-5,526,50.120964
-5,436,50.516619
-5,547,51.075832
-5,641,51.64314
-5,629,52.166268
-5,569,52.794292
-5,659,53.322351
-5,588,53.856374
-5,582,54.346838
-5,471,54.797927
-5,570,55.327048
-5,716,55.911403
-4,605,56.462932
-5,618,57.094423
-5,491,57.48422
-5,550,57.96681
-4,579,58.44024
-5,599,59.037661
-5,466,59.4515
-5,570,59.925863
-5,739,60.57933
-5,646,61.232008
-5,495,61.658788
-5,562,62.124137
-3,982,62.955522
-5,632,63.576323
-5,446,63.936971
-5,544,64.445882
-5,707,65.026139
-5,707,65.754341
-4,656,66.269361
-5,463,66.705218
-5,496,67.113194
-5,630,67.731539
-5,592,68.266461
-5,781,68.909317
-5,584,69.434447
-5,402,69.895422
-5,523,70.34018
-5,514,70.785902
-5,707,71.359734
-5,511,71.906423
-5,516,72.357069
-5,612,72.882632
-5,510,73.315889
-5,554,73.894059
-5,507,74.345122
-5,803,75.01131
-5,536,75.481568
-5,466,76.001755
-5,738,76.592381
-4,740,77.251941
-4,742,77.94375
-5,549,78.483418
-5,680,79.054811
-5,497,79.501267
-5,502,79.915533
-5,483,80.394513
-5,594,80.983041
-5,446,81.377775
-5,537,81.805504
-5,420,82.184553
-5,536,82.748736
-5,682,83.388406
-5,748,84.075559
-5,600,84.695047
-5,399,85.044152
-5,432,85.404999
-5,604,85.899971
-4,962,86.878278
-5,614,87.390357
-5,504,87.84754
-5,736,88.475252
-5,535,89.081452
-5,549,89.518264
-4,724,90.171472
-5,663,90.752478
-4,657,91.4367
-5,552,91.946024
-5,824,92.632034
-5,475,93.018523
-5,596,93.679442
-5,530,94.139266
-4,788,94.907686
-5,744,95.606507
-5,523,96.143512
-5,519,96.614602
-5,547,97.108843
-5,567,97.599675
-5,668,98.325783
-5,637,98.898496
-5,591,99.422091
-5,481,99.831269
-5,578,100.453956
-5,512,100.900146
-5,624,101.46027
-5,632,101.973015
-5,512,102.536149
-5,543,103.007174
-5,568,103.506972
-5,516,103.924999
-5,592,104.574582
-5,663,105.15212
-5,551,105.667719
-5,704,106.212245
-5,537,106.840316
-5,502,107.264309
-5,472,107.696347
-5,590,108.203171
-5,535,108.740479
-5,780,109.480358
-5,571,109.991615
-5,446,110.411445
-4,647,111.107329
-5,578,111.603173
-5,539,112.073868
-5,443,112.468997
-5,520,112.949734
-4,572,113.546307
-3,846,114.281335
-5,562,114.818364
-5,502,115.37184
-5,451,115.751245
-5,510,116.236014
-5,528,116.734486
-5,601,117.39726
-5,567,117.89636
-5,540,118.364616
-4,771,119.035063
-5,561,119.677378
-5,576,120.122036
-5,498,120.562652
-5,523,121.047671
-5,512,121.53732
-5,706,122.217544
-5,427,122.611357
-5,489,123.019348
-5,392,123.355052
-5,520,123.945919
-5,554,124.454792
-5,519,124.873066
-5,553,125.494563
-5,571,126.018123
-5,414,126.39817
-5,471,126.80419
-5,657,127.395163
-5,431,127.864771
-5,447,128.294043
-5,473,128.69437
-5,560,129.206667
-5,1091,130.259678
-5,483,130.699777
-5,583,131.173535
-5,598,131.736834
-5,524,132.264704
-4,653,132.882197
-5,518,133.317959
-5,547,133.94107
-5,488,134.368753
-5,450,134.789793
-5,758,135.451541
-5,612,136.154947
-5,493,136.567981
-5,559,137.07918
-5,597,137.610226
-5,846,138.56018
-5,615,139.104955
-5,536,139.578212
-4,705,140.188404
-5,617,140.878232
-5,686,141.456487
-5,629,142.019384
-5,539,142.472801
-5,831,143.33879
-5,579,143.842777
-5,613,144.399741
-5,553,144.865632
-5,623,145.537684
-5,641,146.092501
-5,495,146.546493
-5,498,146.968689
-5,583,147.519255
-5,618,148.14722
-5,433,148.562263
-5,759,149.28264
-5,746,150.063644
-2,1308,151.209255
-4,695,151.847137
-5,766,152.54499
-5,475,153.048586
-5,539,153.541104
-5,577,154.08884
-5,480,154.503592
-5,561,155.084644
-5,499,155.55165
-5,490,156.034758
-5,612,156.55486
-5,442,156.993374
-5,563,157.578609
-5,495,158.020891
-5,641,158.577259
-5,528,159.160215
-5,630,159.748081
-5,578,160.273324
-5,457,160.658674
-5,513,161.186927
-5,516,161.718729
-5,816,162.481297
-5,609,163.040572
-5,637,163.666654
-4,757,164.299613
-5,579,164.862012
-4,803,165.575297
-4,639,166.209175
-5,404,166.568836
-5,509,167.039117
-5,779,167.767048
-5,486,168.338323
-5,659,168.902631
-5,653,169.48928
-5,751,170.180209
-5,473,170.665591
-5,696,171.291024
-5,505,171.76309
-5,504,172.198945
-5,453,172.654238
-5,432,173.111424
-5,496,173.549411
-5,936,174.452109
-5,718,175.159938
-5,790,175.83276
-3,628,176.415083
-5,468,176.809008
-5,660,177.530566
-4,570,178.019612
-5,645,178.589593
-5,458,178.992038
-5,536,179.594581
-5,505,180.046611
-5,552,180.552119
-5,611,181.095845
-5,561,181.712543
-5,517,182.187266
-5,651,182.811415
-5,720,183.495525
-5,496,184.04904
-4,779,184.777087
-5,667,185.408036
-5,423,185.795886
-5,581,186.47982
-5,439,186.893252
-5,491,187.370137
-4,656,187.930273
-5,607,188.60223
-5,467,189.011859
-5,458,189.408137
-5,616,189.958647
-5,695,190.710247
-5,950,191.557576
-5,460,192.001025
-5,594,192.538579
-5,589,193.200931
-5,625,193.717256
-5,462,194.179407
-5,739,194.815957
-5,718,195.597675
-5,756,196.243594
-5,648,196.81536
-5,530,197.289946
-5,427,197.783506
-5,486,198.240617
-5,736,198.904017
-5,595,199.503635
-5,614,200.18861
-5,624,200.757761
-5,548,201.273916
-5,465,201.7031
-5,539,202.323089
-5,818,203.125818
-5,571,203.682194
-5,448,204.084453
-5,525,204.681967
-5,561,205.18647
-5,482,205.647682
-5,510,206.059529
-5,611,206.758187
-5,499,207.208561
-5,560,207.714657
-5,540,208.217254
-5,551,208.822272
-5,543,209.324292
-5,470,209.775458
-5,546,210.274127
-5,641,211.031683
-5,459,211.463558
-5,755,212.140642
-5,649,212.763361
-4,733,213.545219
-5,746,214.218308
-5,763,214.959986
-5,546,215.614044
-5,496,216.177817
-5,604,216.721967
-5,518,217.193857
-5,657,217.792186
-5,614,218.507881
-5,427,218.873714
-4,717,219.535501
-5,408,219.887419
-5,670,220.640656
-5,640,221.202519
-4,793,221.944723
-5,582,222.493665
-5,630,223.174522
-5,578,223.67367
-5,537,224.169547
-4,1051,225.323794
-5,723,225.963359
-5,631,226.527623
-5,460,226.975009
-4,591,227.506235
-5,550,228.1698
-5,510,228.636256
-5,474,229.053653
-5,803,229.734822
-5,726,230.534808
-5,577,231.084464
-5,638,231.731683
-5,610,232.275677
-5,416,232.770492
-5,520,233.199886
-5,563,233.751386
-5,691,234.439511
-5,559,235.048008
-5,603,235.591735
-5,551,236.14309
-5,482,236.571969
-5,701,237.348354
-5,673,237.977435
-5,526,238.493778
-5,704,239.136392
-5,426,239.636064
-5,559,240.123406
-5,543,240.639489
-5,731,241.308054
-5,411,241.811713
-5,589,242.348643
-5,464,242.785854
-4,726,243.429729
-5,642,244.168481
-5,483,244.584243
-4,949,245.401376
-5,537,245.957906
-5,695,246.671468
-5,682,247.322972
-5,495,247.801872
-5,424,248.177581
-5,505,248.691835
-4,688,249.407149
-5,589,249.963567
-5,456,250.364008
-5,803,251.231569
-5,557,251.7585
-4,588,252.287962
-5,566,252.811889
-5,432,253.371397
-5,455,253.820426
-5,702,254.488861
-5,545,255.006231
-4,627,255.737939
-5,627,256.323465
-5,650,256.943256
-5,560,257.492174
-5,746,258.279849
-5,477,258.694299
-5,519,259.209675
-5,406,259.597297
-5,567,260.243632
-5,580,260.794358
-5,458,261.270859
-5,931,262.144609
-5,525,262.734226
-5,398,263.150361
-4,880,263.916358
-5,526,264.426028
-5,534,265.0194
-5,655,265.628154
-4,884,266.422718
-5,581,266.983918
-5,561,267.59399
-5,811,268.351659
-4,674,269.006431
-5,534,269.508765
-5,602,270.198959
-5,505,270.639659
-4,762,271.35009
-5,663,272.016336
-5,553,272.608843
-5,441,273.006211
-5,714,273.709034
-4,792,274.479011
-5,611,275.141664
-4,625,275.713329
-5,593,276.286914
-5,704,276.973922
-5,493,277.548506
-4,689,278.150687
-5,426,278.561375
-5,665,279.161488
-5,872,280.15584
-5,493,280.580402
-5,532,281.090598
-5,472,281.537725
-5,516,282.154195
-5,666,282.816002
-5,618,283.436418
-5,623,284.052056
-5,797,284.925745
-5,701,285.544546
-5,716,286.27187
-4,864,287.285114
-5,573,287.819099
-5,576,288.355325
-5,536,288.859673
-5,506,289.32269
-5,666,290.098043
-5,589,290.638888
-5,560,291.196186
-5,699,291.896039
-5,520,292.485507
-4,772,293.161752
-3,663,293.797322
-5,685,294.487548
-5,463,295.005886
-5,561,295.518715
-5,511,296.013939
-5,497,296.500414
-5,679,297.321567
-5,643,297.941231
-5,550,298.464061
-5,738,299.194745
-5,773,300.031559
-5,419,300.394364
-5,523,300.885514
-5,545,301.396655
-5,730,302.247438
-5,609,302.832143
-4,765,303.562612
-5,528,304.104106
-4,745,304.891093
-5,546,305.405733
-5,547,305.952902
-5,737,306.762223
-5,729,307.543023
-5,597,308.063401
-5,541,308.591879
-5,639,309.183802
-5,818,310.093474
-5,643,310.701648
-5,633,311.332972
-5,658,312.046725
-5,589,312.713893
-5,614,313.323053
-4,546,313.830301
-5,576,314.371964
-5,603,315.037642
-5,741,315.697063
-4,1044,316.697982
-5,514,317.298611
-5,635,317.913179
-5,588,318.453587
-5,588,319.014172
-5,712,319.738383
-5,588,320.397564
-5,874,321.175376
-4,543,321.70893
-5,803,322.544502
-4,637,323.261833
-4,640,323.867878
-5,649,324.515741
-5,603,325.16949
-5,494,325.739723
-4,615,326.324254
-5,923,327.249859
-5,473,327.7463
-5,564,328.348038
-4,728,329.040752
-5,662,329.688303
-5,568,330.229495
-5,443,330.769429
-5,657,331.431388
-5,520,331.916214
-5,554,332.44647
-5,636,333.194089
-5,684,333.826005
-5,583,334.378318
-3,761,335.1588
-5,415,335.647144
-5,433,336.045027
-5,598,336.67232
-5,672,337.456161
-4,655,338.133412
-4,715,338.824439
-5,588,339.417712
-5,774,340.292377
-5,779,341.109703
-5,457,341.529117
-5,710,342.216938
-5,958,343.250805
-5,491,343.711233
-5,578,344.226405
-5,615,344.861443
-5,673,345.498631
-5,946,346.500699
-5,422,346.897075
-5,587,347.453434
-5,446,347.843801
-5,431,348.316904
-5,896,349.216802
-5,458,349.692923
-5,955,350.678064
-3,925,351.597501
-4,762,352.297472
-5,590,352.882437
-5,479,353.304226
-5,508,353.975901
-5,509,354.448726
-5,731,355.177112
-5,627,355.807174
-5,824,356.676341
-5,622,357.248096
-5,557,357.774367
-5,630,358.379299
-5,558,359.051903
-5,524,359.562504
-4,831,360.380241
-5,653,361.116108
-4,655,361.753608
-5,632,362.35519
-5,496,362.851066
-4,520,363.338671
-5,444,363.902531
-4,733,364.66286
-5,625,365.275835
-5,507,365.760057
-5,616,366.515281
-5,670,367.176756
-5,653,367.837493
-5,534,368.397972
-5,676,369.156666
-5,750,369.849069
-5,695,370.503071
-5,592,371.115511
-5,720,371.930752
-5,617,372.493427
-5,591,373.042593
-5,537,373.566573
-5,504,374.226103
-5,672,374.901154
-5,595,375.490324
-5,394,375.857485
-5,661,376.643612
-5,544,377.190754
-5,410,377.600096
-5,565,378.160745
-5,618,378.935166
-4,654,379.566469
-5,764,380.307986
-5,545,380.890736
-5,452,381.41458
-5,441,381.82122
-5,516,382.312928
-5,582,382.828129
-5,632,383.619256
-5,431,384.03525
-5,541,384.564141
-5,555,385.053999
-4,684,385.855468
-5,600,386.431603
-5,444,386.858424
-5,600,387.460462
-5,591,388.20003
-5,452,388.624764
-5,623,389.225704
-5,645,389.829215
-5,572,390.499546
-5,715,391.171677
-5,505,391.660137
-5,592,392.236298
-5,601,392.963837
-5,468,393.387592
-5,567,393.952486
-5,462,394.388232
-5,872,395.44758
-4,872,396.283607
-5,529,396.806668
-5,543,397.305905
-5,516,397.931149
-5,544,398.429673
-5,755,399.174658
-5,650,399.868533
-5,938,400.844723
-5,681,401.499728
-5,467,401.966921
-4,600,402.533772
-5,637,403.325236
-4,536,403.854705
-5,683,404.516916
-4,515,405.026512
-4,727,405.890544
-5,720,406.574168
-5,513,407.080044
-5,854,407.901282
-5,471,408.430948
-5,498,408.89446
-5,536,409.450394
-5,527,409.908722
-5,436,410.47632
-5,595,411.061891
-4,601,411.680486
-4,761,412.484156
-5,812,413.322209
-5,761,414.019974
-5,632,414.662858
-5,653,415.345907
-5,411,415.821033
-5,855,416.644833
-5,633,417.269042
-5,892,418.316305
-5,515,418.827313
-4,630,419.421379
-5,431,419.850055
-5,666,420.503846
-5,504,421.153671
-5,698,421.816703
-4,906,422.767907
-5,657,423.578464
-5,514,424.096698
-5,537,424.638549
-5,555,425.177283
-3,928,426.267327
-5,574,426.819692
-5,671,427.489307
-5,458,427.960432
-5,538,428.489403
-5,732,429.344152
-5,1042,430.310525
-5,640,430.958105
-5,596,431.591548
-5,516,432.198991
-3,1145,433.266412
-5,649,433.91107
-5,907,434.949844
-5,530,435.469889
-5,563,436.020524
-5,469,436.491405
-3,833,437.353334
-5,875,438.332332
-5,422,438.732502
-5,446,439.219401
-5,579,439.743896
-5,601,440.482728
-3,648,441.169629
-5,448,441.630753
-5,583,442.197404
-5,603,442.936033
-4,701,443.646472
-3,954,444.577025
-5,570,445.312892
-5,831,446.165597
-3,869,446.992127
-5,501,447.509393
-5,1040,448.746845
-4,738,449.493618
-5,563,450.02927
-4,644,450.714209
-5,496,451.236774
-5,525,451.867374
-5,480,452.3555
-5,702,453.067625
-5,553,453.656611
-5,683,454.442924
-5,780,455.183647
-5,572,455.729832
-5,464,456.176822
-5,502,456.836246
-5,592,457.413568
-5,617,458.022514
-5,605,458.639287
-5,633,459.417866
-5,453,459.828607
-5,555,460.391659
-5,823,461.281972
-5,815,462.166039
-5,549,462.679181
-5,470,463.148401
-5,679,463.866078
-3,653,464.649169
-5,632,465.269086
-5,651,465.935389
-5,512,466.486519
-5,532,467.196425
-5,403,467.630468
-5,407,468.07697
-5,447,468.553133
-5,559,469.273535
-5,686,469.949468
-5,639,470.574528
-5,599,471.270409
-5,661,472.075313
-5,572,472.638505
-5,540,473.22743
-5,790,474.093971
-5,540,474.679535
-4,630,475.274085
-5,643,475.914291
-5,735,476.743239
-5,420,477.274014
-5,445,477.725908
-3,826,478.590361
-5,483,479.105658
-5,670,479.87381
-5,579,480.448293
-5,801,481.282265
-5,492,481.849469
-5,501,482.428202
-5,689,483.109354
-5,601,483.736887
-4,671,484.461677
-5,869,485.398224
-5,518,485.89936
-5,538,486.466944
-5,461,486.930017
-5,839,487.97986
-5,465,488.439197
-5,479,488.91442
-5,539,489.416848
-5,644,490.257692
-5,578,490.844668
-5,603,491.486453
-5,473,491.9722
-5,598,492.715581
-4,700,493.397571
-5,578,493.997151
-5,569,494.592617
-4,602,495.326421
-5,452,495.749517
-5,487,496.231731
-5,482,496.754238
-5,615,497.51938
-5,434,497.96378
-5,535,498.526657
-4,852,499.595769
-5,530,500.128306
-5,423,500.542379
-5,559,501.088602
-5,609,501.687877
-4,598,502.411919
-5,474,502.858092
-4,591,503.490566
-5,449,503.951251
-5,596,504.681848
-5,507,505.194387
-5,521,505.707436
-4,597,506.272239
-5,538,506.978431
-5,834,507.811722
-5,514,508.34538
-5,845,509.242408
-5,497,509.839303
-5,470,510.324678
-5,655,510.98647
-5,534,511.56485
-5,709,512.371875
-5,510,512.887399
-5,626,513.56575
-4,637,514.304005
-5,706,515.119918
-5,603,515.730147
-5,655,516.430789
-5,704,517.28607
-5,722,518.02549
-5,548,518.570354
-4,1041,519.62644
-5,641,520.448596
-5,591,521.061171
-5,534,521.57141
-4,610,522.183647
-5,494,522.707315
-4,532,523.399819
-5,522,523.928884
-5,672,524.610734
-5,531,525.200445
-5,404,525.715774
-5,461,526.194626
-5,525,526.752849
-5,692,527.491085
-5,541,528.18118
-5,512,528.675403
-5,678,529.349135
-5,478,529.843693
-5,754,530.710885
-5,692,531.425308
-5,584,532.068377
-5,638,532.76124
-5,766,533.619087
-5,650,534.290349
-4,1117,535.477257
-4,818,536.44992
-5,488,536.923487
-5,619,537.570942
-5,637,538.251697
-5,675,539.02916
-5,448,539.55397
-5,590,540.143101
-5,598,540.785117
-5,429,541.220355
-5,866,542.223155
-5,448,542.654506
-5,571,543.254063
-5,537,543.809328
-4,542,544.52088
-5,635,545.14392
-5,523,545.692545
-5,650,546.450248
-5,475,547.056444
-5,508,547.564225
-4,742,548.344465
-5,464,548.835028
-5,570,549.51194
-5,771,550.266996
-5,522,550.84359
-4,661,551.555351
-5,563,552.234199
-5,636,552.914449
-5,840,553.756486
-5,559,554.487919
-5,530,555.039572
-5,624,555.656554
-5,442,556.140266
-5,658,556.800649
-5,576,557.526388
-5,682,558.235647
-5,498,558.755816
-5,1041,559.982777
-5,698,560.671108
-4,816,561.505261
-5,536,562.066891
-5,641,562.75682
-5,618,563.55548
-5,672,564.234149
-4,693,564.965702
-5,511,565.517701
-5,615,566.254373
-5,528,566.832375
-5,575,567.409591
-5,572,567.999466
-5,667,568.806227
-5,427,569.218939
-5,686,569.910736
-5,472,570.425774
-5,563,571.140857
-5,470,571.6341
-4,744,572.450425
-5,779,573.391766
-5,542,573.935702
-5,662,574.610042
-5,616,575.249351
-4,690,576.002297
-5,482,576.570617
-5,707,577.272047
-5,656,577.944782
-4,794,578.869015
-5,660,579.589969
-4,811,580.418528
-5,548,580.996445
-5,727,581.766864
-5,622,582.522069
-5,838,583.354722
-4,628,584.022054
-5,641,584.721844
-5,587,585.428188
-5,628,586.061471
-5,661,586.78957
-5,540,587.373444
-5,538,588.021227
-5,1009,588.995728
-5,537,589.526609
-5,772,590.375916
-5,691,591.159871
-5,536,591.751453
-5,523,592.306117
-4,638,593.030438
-4,562,593.690488
-5,492,594.179539
-5,646,594.849694
-5,601,595.517409
-5,598,596.213612
-5,573,596.793813
-5,503,597.286735
-5,674,597.968794
-5,570,598.679042
-5,781,599.464999
-5,469,599.971336
-4,689,600.731896
-5,592,601.42576
-5,737,602.208373
-5,833,603.104839
-5,643,603.889929
-5,564,604.49099
-5,814,605.305068
-5,420,605.736858
-5,405,606.119408
-5,595,606.774215
-5,560,607.441831
-5,718,608.1823
-5,629,608.885261
-5,686,609.658779
-5,732,610.412633
-5,729,611.181201
-5,629,611.961791
-5,585,612.555285
-5,767,613.31316
-5,661,614.007107
-5,639,614.724619
-5,762,615.532935
-4,673,616.205317
-5,512,616.71384
-5,505,617.219956
-5,512,617.907947
-5,663,618.605031
-5,482,619.103183
-5,566,619.716545
-5,462,620.3634
-5,753,621.132815
-4,682,621.83251
-5,654,622.600005
-5,511,623.192607
-5,555,623.766484
-5,589,624.355644
-4,780,625.215218
-5,546,625.837257
-5,534,626.380206
-5,497,626.89936
-5,606,627.506981
-5,536,628.207187
-5,652,628.862293
-5,579,629.47318
-5,460,629.926093
-5,709,630.812295
-5,657,631.460624
-5,750,632.247693
-5,605,632.932924
-5,621,633.597143
-5,847,634.45299
-5,583,635.084849
-5,565,635.726906
-5,500,636.384057
-5,743,637.151927
-5,711,637.869339
-5,637,638.605067
-4,661,639.358104
-5,481,639.858179
-5,800,640.737578
-5,789,641.709041
-5,689,642.431808
-5,507,642.934933
-5,657,643.618727
-5,520,644.20392
-5,699,645.090822
-5,622,645.745495
-5,421,646.178252
-5,629,646.813776
-5,531,647.54329
-5,635,648.20441
-5,499,648.732042
-5,442,649.221836
-4,951,650.388754
-5,859,651.253352
-4,835,652.153837
-5,534,652.818333
-4,585,653.409124
-5,885,654.284382
-5,650,654.915543
-5,627,655.606818
-5,465,656.216995
-5,572,656.776456
-4,692,657.536059
-5,497,658.094318
-5,550,658.766085
-5,591,659.336462
-5,388,659.758891
-5,472,660.227916
-4,655,661.079812
-5,452,661.548975
-4,787,662.360331
-5,577,663.027529
-5,492,663.61229
-5,546,664.193159
-4,899,665.10143
-5,481,665.661722
-5,737,666.509227
-5,419,666.949435
-5,574,667.569324
-4,641,668.242639
-5,434,668.8205
-5,510,669.331035
-5,856,670.214893
-5,620,671.037643
-5,696,671.748791
-5,589,672.386698
-5,431,672.858871
-2,899,673.837452
-5,539,674.469504
-5,574,675.051489
-5,695,675.793224
-5,560,676.41922
-5,620,677.133861
-5,597,677.723787
-5,688,678.489815
-5,657,679.358644
-5,572,679.987439
-5,654,680.742507
-5,752,681.614984
-5,699,682.492785
-5,433,682.96536
-5,729,683.716695
-5,543,684.293712
-5,555,684.843646
-5,705,685.718008
-5,609,686.349976
-5,537,686.907669
-5,718,687.715807
-2,879,688.71602
-5,591,689.351816
-5,505,689.906491
-5,703,690.687912
-5,584,691.376262
-5,521,691.912313
-5,524,692.485173
-4,560,693.063766
-5,620,693.819836
-5,611,694.449526
-4,622,695.090148
-4,510,695.589383
-5,538,696.290263
-3,805,697.083457
-5,651,697.774756
-5,519,698.341415
-5,613,699.12158
-5,545,699.707394
-3,758,700.472806
-5,560,701.089084
-5,589,701.788157
-5,502,702.272858
-5,451,702.757798
-5,745,703.556705
-5,620,704.258054
-5,499,704.779766
-5,544,705.380384
-5,714,706.203277
-5,482,706.776475
-5,1056,707.841221
-5,697,708.629257
-5,496,709.193298
-5,534,709.855442
-5,463,710.360488
-5,594,711.00894
-5,588,711.654714
-5,477,712.25532
-5,657,712.932234
-5,703,713.657614
-5,702,714.532197
-5,990,715.594876
-5,629,716.231628
-5,779,717.035465
-5,617,717.756197
-5,728,718.514076
-5,703,719.235685
-5,617,719.85184
-5,661,720.630104
-5,585,721.325479
-5,501,721.816936
-5,724,722.577453
-5,406,723.028251
-5,606,723.795181
-5,473,724.282763
-5,730,725.041304
-5,577,725.705829
-5,627,726.44004
-5,800,727.2946
-5,544,727.874395
-5,709,728.683747
-5,512,729.297638
-5,491,729.789376
-5,541,730.374047
-5,454,730.83348
-5,617,731.637702
-5,587,732.262544
-5,748,733.033005
-5,612,733.78189
-5,590,734.409516
-5,711,735.13588
-5,733,735.894141
-5,515,736.470699
-5,586,737.170171
-5,521,737.676021
-4,569,738.272284
-5,678,739.036924
-5,619,739.788466
-5,578,740.384443
-4,747,741.182178
-5,744,742.134853
-5,525,742.652269
-4,724,743.37745
-5,864,744.304729
-4,662,745.190874
-5,763,745.963221
-5,568,746.585923
-4,646,747.232167
-5,587,747.87307
-5,731,748.784068
-5,615,749.41867
-5,490,749.9334
-5,517,750.484118
-5,571,751.238193
-5,602,751.839762
-5,518,752.382743
-5,745,753.19153
-5,528,753.872615
-5,556,754.450614
-5,560,755.038614
-5,527,755.609616
-4,595,756.397634
-5,727,757.139765
-5,688,757.844765
-5,720,758.740774
-5,666,759.455763
-5,530,760.016767
-5,592,760.628766
-5,549,761.179966
-5,601,761.939173
-5,390,762.349175
-5,663,763.015351
-4,850,764.01735
-5,587,764.61835
-5,542,765.170351
-5,581,765.78335
-5,857,766.815349
-5,748,767.579349
-5,593,768.137348
-5,596,768.771348
-5,553,769.417568
-5,702,770.24876
-5,542,770.844761
-5,630,771.478966
-5,737,772.342176
-5,801,773.232113
-5,742,774.01211
-5,743,774.799114
-4,556,775.455112
-5,718,776.237319
-5,579,776.83832
-5,486,777.353321
-5,383,777.722319
-5,679,778.56532
-5,756,779.36232
-4,705,780.078321
-5,685,780.943523
-5,680,781.663729
-5,719,782.433932
-5,537,782.987051
-5,485,783.479278
-5,543,784.279277
-5,779,785.099277
-5,532,785.675277
-5,618,786.394281
-5,559,787.079279
-5,451,787.564278
-5,585,788.220416
-4,590,788.884417
-5,821,789.827659
-5,693,790.515661
-5,576,791.108661
-5,551,791.637662
-5,765,792.570857
-4,602,793.192209
-5,632,793.843212
-5,646,794.544211
-5,725,795.369472
-5,730,796.095878
-5,491,796.608879
-5,615,797.321886
-5,490,797.944074
-5,1200,799.235074
-5,561,799.861074
-5,670,800.650075
-4,967,801.746475
-5,1027,802.80721
-5,647,803.477606
-5,423,803.899838
-5,418,804.487838
-5,611,805.100837
-5,582,805.691839
-5,636,806.358039
-5,730,807.180442
-5,603,807.790441
-5,583,808.423441
-5,449,808.874443
-5,797,809.832442
-4,670,810.682441
-5,472,811.197439
-5,698,811.937444
-5,576,812.656515
-5,564,813.260515
-5,443,813.734516
-5,528,814.282516
-5,652,815.209516
-5,696,815.902516
-5,538,816.488517
-5,705,817.625928
-5,568,818.316923
-5,520,818.866924
-5,596,819.460927
-5,623,820.170923
-5,841,821.079923
-5,528,821.635098
-5,402,822.065098
-4,584,822.612096
-5,418,823.130562
-5,597,823.820756
-5,567,824.421205
-5,655,825.168206
-5,537,825.809206
-5,558,826.366205
-5,1032,827.433208
-5,549,828.164414
-5,575,828.762656
-5,488,829.256655
-5,667,829.986656
-4,750,830.915656
-5,682,831.641725
-4,776,832.432914
-5,489,832.967877
-5,574,833.61605
-4,686,834.467611
-5,492,834.974609
-5,555,835.573609
-5,812,836.48375
-5,512,837.06675
-4,692,837.770747
-5,477,838.26875
-5,488,838.780783
-5,647,839.569999
-5,778,840.322997
-5,635,841.029995
-5,712,841.879
-5,598,842.523998
-5,443,842.996865
-5,520,843.564247
-4,569,844.163455
-4,638,844.945969
-5,644,845.606426
-5,629,846.272434
-5,744,847.180664
-5,500,847.733838
-5,761,848.464834
-5,512,849.034
-5,758,849.852
-5,632,850.617999
-5,1183,851.823204
-5,672,852.552205
-5,509,853.10818
-5,543,853.806178
-5,479,854.279179
-5,803,855.120177
-5,425,855.58318
-5,728,856.432324
-5,791,857.23832
-5,557,857.831698
-5,677,858.582705
-5,619,859.326878
-5,702,860.043876
-5,629,860.721063
-5,642,861.471406
-5,757,862.354795
-5,716,863.078073
-5,650,863.808074
-5,576,864.460077
-5,774,865.374075
-5,496,865.916297
-4,703,866.651458
-5,533,867.242461
-5,512,867.861459
-4,707,868.591459
-4,572,869.182458
-5,602,869.799859
-4,594,870.53812
-5,711,871.243157
-5,523,871.790118
-5,488,872.26912
-3,618,873.073531
-5,500,873.600701
-5,752,874.396698
-5,789,875.382925
-4,532,875.922923
-5,501,876.402922
-5,566,876.982158
-5,649,877.706158
-4,638,878.447158
-5,504,878.946161
-5,530,879.520351
-5,747,880.36178
-5,664,881.171536
-5,604,881.800533
-5,660,882.453723
-5,566,883.110723
-5,563,883.761721
-5,450,884.202721
-5,546,884.759743
-5,940,885.889922
-5,594,886.500237
-5,616,887.147239
-5,488,887.650238
-5,696,888.385444
-4,854,889.35385
-5,682,890.045042
-5,676,890.791249
-5,633,891.479246
-5,643,892.223248
-5,419,892.63626
-5,971,893.66384
-4,639,894.51384
-5,531,895.032838
-5,635,895.693838
-5,900,896.676838
-5,988,897.832838
-5,897,898.777837
-4,574,899.36284
-5,668,900.08021
-5,628,900.829211
-5,596,901.543431
-4,824,902.40343
-4,625,903.07717
-5,610,903.776165
-5,691,904.579168
-4,531,905.118166
-5,490,905.656166
-5,480,906.126167
-5,698,906.987408
-5,797,907.841411
-5,573,908.441407
-5,500,908.973415
-5,638,909.764406
-5,538,910.356407
-5,605,910.993407
-5,674,911.74356
-5,909,912.769166
-5,560,913.335167
-4,780,914.162166
-5,825,915.170165
-5,623,915.797166
-4,608,916.429169
-5,762,917.210165
-4,919,918.341656
-5,605,918.957658
-5,663,919.650808
-5,587,920.278814
-4,668,921.011817
-5,769,921.865809
-5,489,922.383002
-5,788,923.195504
-5,579,923.908508
-4,660,924.633683
-5,551,925.174683
-5,546,925.794681
-5,419,926.217684
-4,908,927.357853
-5,601,927.931854
-5,933,928.907025
-5,527,929.620183
-5,503,930.147336
-4,584,930.751338
-5,477,931.271339
-5,634,931.969537
-4,784,932.898501
-5,595,933.470502
-5,484,934.00706
-5,622,934.679236
-5,714,935.532239
-5,552,936.093237
-5,702,936.854436
-5,540,937.499677
-5,578,938.236892
-4,701,938.955891
-5,689,939.681892
-5,916,940.820048
-4,929,941.75605
-5,482,942.21205
-4,684,942.932805
-4,681,943.799965
-5,619,944.409093
-5,709,945.165257
-5,673,945.90166
-5,703,946.779909
-5,509,947.319092
-5,711,948.036093
-5,636,948.721491
-5,453,949.185493
-5,821,950.171489
-5,723,950.901697
-5,656,951.631697
-5,1050,952.887818
-5,819,953.716018
-4,718,954.459016
-5,603,955.106194
-5,577,955.740194
-5,663,956.517476
-5,411,956.950668
-5,554,957.559804
-5,659,958.403201
-5,558,959.051201
-5,713,959.780199
-5,730,960.5272
-5,582,961.186201
-5,516,961.822272
-5,899,962.747117
-5,591,963.378112
-5,703,964.160114
-5,836,965.135112
-5,601,965.753114
-5,671,966.480112
-5,566,967.120306
-5,577,967.792512
-4,759,968.520504
-5,636,969.216502
-5,594,969.902966
-5,539,970.517164
-5,577,971.108161
-5,760,971.901163
-5,691,972.820168
-5,636,973.524168
-4,1085,974.663177
-5,663,975.373166
-5,455,975.989168
-5,479,976.604167
-5,563,977.232167
-5,556,977.805166
-5,456,978.289169
-5,567,979.042172
-5,623,979.670173
-5,757,980.427168
-5,559,981.060172
-5,637,981.80338
-5,483,982.310381
-5,506,982.826444
-5,519,983.409453
-5,524,984.143667
-5,575,984.740844
-4,689,985.464856
-5,773,986.427084
-5,522,986.939082
-5,758,987.730079
-5,549,988.323085
-5,449,988.758092
-4,700,989.650082
-4,706,990.338081
-5,758,991.124283
-5,614,991.915287
-5,566,992.561506
-5,544,993.096488
-5,635,993.755489
-5,489,994.25549
-5,493,994.900489
-5,691,995.628487
-5,589,996.260489
-4,799,997.228488
-5,380,997.60775
-4,909,998.541748
-5,445,999.002749
-5,578,999.568984
-5,498,1000.256533
-4,687,1000.936534
-5,513,1001.466534
-5,483,1001.930532
-5,497,1002.6065
-5,735,1003.363776
-5,479,1003.882772
-4,653,1004.637774
-5,534,1005.304988
-5,543,1005.859984
-5,532,1006.450987
-4,776,1007.310986
-5,579,1008.04699
-5,873,1008.927987
-5,674,1009.614986
-5,533,1010.213988
-5,415,1010.765985
-5,550,1011.344985
-5,686,1012.11599
-5,584,1012.779172
-5,788,1013.676174
-5,489,1014.168174
-5,494,1014.727175
-5,691,1015.462173
-5,706,1016.330575
-5,834,1017.215575
-5,592,1017.833572
-5,624,1018.566577
-5,649,1019.345573
-5,702,1020.071573
-5,652,1020.740573
-5,579,1021.382574
-5,494,1021.98582
-5,752,1022.751074
-5,435,1023.208117
-5,556,1023.787299
-5,561,1024.534524
-4,772,1025.303523
-5,637,1025.996527
-5,587,1026.644715
-5,914,1027.670015
-5,648,1028.34621
-5,734,1029.129212
-5,560,1029.760212
-5,575,1030.47421
-4,643,1031.146209
-5,568,1031.750213
-5,683,1032.510221
-5,544,1033.200429
-5,697,1033.942432
-5,521,1034.469429
-5,569,1035.028637
-5,572,1035.789637
-5,568,1036.339831
-5,691,1037.074832
-5,631,1037.79983
-5,1011,1038.945832
-5,446,1039.393829
-5,665,1040.084831
-5,593,1040.805828
-5,644,1041.572831
-5,724,1042.311828
-5,859,1043.211586
-5,642,1044.056585
-5,793,1044.831583
-5,610,1045.461586
-5,517,1046.040584
-5,540,1046.595586
-4,693,1047.437788
-5,559,1047.986786
-4,885,1048.894196
-5,542,1049.613197
-5,546,1050.217417
-4,877,1051.066415
-5,582,1051.680415
-5,800,1052.604616
-5,660,1053.320542
-5,741,1054.074731
-5,671,1054.791733
-5,628,1055.471735
-5,744,1056.316733
-5,732,1057.091736
-5,437,1057.550732
-5,497,1058.059731
-5,654,1058.894732
-5,660,1059.557732
-5,662,1060.265731
-5,572,1060.937735
-5,580,1061.624732
-5,1039,1062.664735
-5,590,1063.316226
-5,803,1064.242223
-5,623,1064.883221
-5,554,1065.459406
-5,624,1066.11479
-3,729,1066.931787
-3,751,1067.82279
-5,564,1068.430791
-5,488,1068.977993
-5,700,1069.737999
-5,674,1070.547206
-5,493,1071.026209
-4,587,1071.676207
-5,726,1072.58352
-5,591,1073.211735
-5,592,1073.823946
-5,559,1074.416944
-5,599,1075.076944
-4,777,1075.993946
-5,550,1076.542137
-5,605,1077.181136
-5,539,1077.755139
-5,840,1078.898136
-5,672,1079.716136
-5,627,1080.387139
-5,651,1081.127325
-5,618,1081.831324
-5,1079,1082.92908
-5,744,1083.719081
-5,558,1084.371083
-5,520,1084.963084
-5,637,1085.615298
-5,595,1086.254489
-5,726,1087.05049
-5,946,1088.083488
-5,960,1089.027488
-5,833,1089.889489
-5,551,1090.582491
-5,643,1091.225749
-5,667,1091.90296
-5,663,1092.618959
-5,623,1093.352371
-5,479,1093.913368
-5,515,1094.417371
-5,519,1094.99437
-5,573,1095.58737
-5,762,1096.475573
-5,715,1097.220577
-5,662,1097.954576
-4,665,1098.671574
-4,1042,1099.844577
-4,947,1100.777603
-3,790,1101.585574
-5,965,1102.733977
-5,681,1103.425983
-5,520,1103.95098
-5,568,1104.615153
-5,898,1105.694499
-5,931,1106.683643
-5,524,1107.210654
-5,883,1108.157644
-5,664,1108.991644
-5,473,1109.474885
-5,659,1110.145885
-5,461,1110.647887
-5,513,1111.155085
-4,886,1112.239086
-5,697,1112.948748
-5,849,1113.818931
-5,1001,1115.014156
-4,860,1115.829157
-5,733,1116.652381
-4,891,1117.594389
-5,502,1118.234946
-5,771,1119.040948
-5,604,1119.655946
-5,697,1120.407947
-5,690,1121.238948
-5,507,1121.763948
-4,922,1122.687017
-5,611,1123.286172
-5,427,1123.718174
-5,786,1124.646172
-5,516,1125.181383
-5,812,1126.033402
-5,587,1126.767384
-5,707,1127.498383
-5,685,1128.21438
-5,781,1129.024383
-5,704,1129.86838
-5,642,1130.47938
-5,506,1130.978555
-5,520,1131.550556
-4,858,1132.58173
-5,501,1133.097033
-5,609,1133.733032
-4,949,1134.740029
-5,691,1135.595237
-5,573,1136.190235
-4,664,1136.856236
-5,553,1137.421235
-4,651,1138.11224
-5,508,1138.754234
-5,447,1139.221236
-5,602,1139.863245
-5,686,1140.62639
-5,726,1141.461388
-5,490,1142.001589
-5,709,1142.745356
-4,859,1143.78713
-5,520,1144.315271
-5,770,1145.082135
-5,827,1145.969224
-5,639,1146.745393
-5,790,1147.572639
-5,822,1148.436116
-2,848,1149.318491
-5,601,1150.096444
-5,986,1151.152895
-5,872,1152.076788
-5,870,1152.990046
-4,1152,1154.353777
-5,995,1155.325354
-4,808,1156.170285
-5,804,1157.026375
-5,485,1157.592506
-5,557,1158.262625
-5,570,1158.855175
-5,587,1159.483561
-5,763,1160.329428
-5,644,1161.04578
-5,480,1161.567082
-5,519,1162.113868
-5,593,1162.737068
-5,718,1163.667033
-5,976,1164.719923
-5,474,1165.215595
-5,669,1165.936018
-5,792,1166.874926
-5,716,1167.629926
-4,582,1168.264699
-5,509,1168.819217
-5,566,1169.522877
-5,550,1170.094183
-5,646,1170.767454
-5,684,1171.568977
-5,700,1172.377087
-5,618,1173.01499
-5,710,1173.75134
-5,625,1174.489603
-5,827,1175.436765
-5,597,1176.071401
-5,827,1176.927149
-5,537,1177.514635
-5,606,1178.267907
-5,652,1178.988939
-5,828,1179.885225
-5,724,1180.7653
-5,974,1181.729601
-5,716,1182.475792
-5,751,1183.281013
-5,565,1184.004322
-4,1073,1185.165818
-5,575,1185.780462
-5,550,1186.381095
-5,580,1187.049514
-5,497,1187.662309
-5,622,1188.322898
-5,715,1189.072077
-5,705,1189.957156
-5,596,1190.579145
-5,517,1191.115894
-5,796,1191.977812
-5,465,1192.512698
-5,651,1193.283042
-4,631,1193.908992
-5,634,1194.591948
-5,573,1195.227225
-5,675,1196.068382
-5,693,1196.743497
-5,614,1197.411299
-5,626,1198.113491
-5,562,1198.791107
-5,579,1199.379476
-5,672,1200.122133
-5,674,1200.932258
-5,658,1201.658968
-5,805,1202.452083
-5,457,1202.937499
-5,678,1203.698205
-5,702,1204.533689
-5,669,1205.253956
-5,834,1206.145263
-5,511,1206.747148
-5,623,1207.477769
-4,604,1208.075974
-5,644,1208.757173
-5,458,1209.243901
-4,646,1210.060354
-5,692,1210.79947
-5,495,1211.32567
-5,864,1212.274638
-5,589,1212.995027
-5,758,1213.733712
-5,476,1214.248235
-5,422,1214.663052
-5,823,1215.638706
-5,627,1216.27531
-5,492,1216.802426
-5,825,1217.704738
-4,704,1218.579489
-4,835,1219.427718
-5,600,1220.080468
-5,596,1220.703689
-5,647,1221.505485
-5,722,1222.238271
-3,1144,1223.462237
-5,408,1224.01739
-5,882,1224.924214
-5,593,1225.4998
-5,1041,1226.601898
-4,753,1227.551319
-5,1236,1228.847758
-5,969,1229.845746
-5,531,1230.424057
-5,476,1230.897941
-5,974,1232.067701
-5,795,1232.896792
-5,954,1233.970615
-5,655,1234.845877
-4,735,1235.631587
-5,773,1236.430786
-4,991,1237.52059
-5,953,1238.661021
-5,1167,1239.910715
-5,639,1240.618335
-5,586,1241.289886
-1,1106,1242.589228
-5,755,1243.375015
-5,536,1243.914885
-5,459,1244.42403
-5,1028,1245.640202
-5,676,1246.359376
-5,665,1247.071982
-5,798,1247.92753
-5,589,1248.664983
-5,635,1249.366717
-4,536,1249.925881
-5,724,1250.706082
-5,582,1251.406759
-5,657,1252.164415
-5,629,1252.796474
-4,704,1253.56589
-5,764,1254.516926
-5,526,1255.093237
-5,676,1255.78136
-5,802,1256.620447
-5,945,1257.722682
-5,727,1258.487176
-5,574,1259.066396
-5,922,1260.051493
-5,870,1261.065438
-4,576,1261.676916
-5,631,1262.336948
-5,623,1262.996989
-5,643,1263.712037
-4,884,1264.726712
-5,640,1265.380685
-4,888,1266.270826
-5,684,1267.142767
-5,582,1267.71895
-5,1186,1268.983331
-5,930,1269.967554
-5,633,1270.773966
-5,692,1271.51585
-5,852,1272.405356
-5,664,1273.159745
-4,835,1274.179585
-4,822,1275.024217
-5,652,1275.730338
-5,710,1276.471179
-5,455,1276.968271
-5,447,1277.565259
-5,550,1278.188432
-4,766,1278.971602
-5,824,1279.931238
-5,573,1280.511477
-5,581,1281.08071
-5,447,1281.575152
-4,655,1282.260396
-5,592,1282.977386
-5,594,1283.610239
-5,859,1284.487117
-5,440,1284.993524
-5,408,1285.521541
-5,668,1286.272231
-5,395,1286.716225
-5,716,1287.498486
-5,607,1288.263866
-4,676,1288.959047
-4,1077,1290.065027
-5,442,1290.658038
-5,630,1291.299618
-5,734,1292.02268
-5,614,1292.6959
-3,900,1293.778797
-5,512,1294.323282
-5,546,1294.866126
-5,577,1295.473423
-5,783,1296.463749
-5,561,1297.052379
-4,911,1297.996428
-5,533,1298.569671
-5,490,1299.075715
-5,508,1299.732372
-5,1070,1300.854179
-4,910,1301.849015
-4,775,1302.778471
-5,802,1303.577588
-5,482,1304.104678
-5,663,1304.822795
-5,593,1305.498295
-5,502,1306.099294
-5,600,1306.694699
-5,521,1307.265492
-5,492,1307.833483
-4,733,1308.736598
-5,659,1309.402754
-5,732,1310.14975
-4,593,1310.874846
-5,751,1311.752546
-4,664,1312.460138
-5,856,1313.359642
-5,694,1314.230584
-5,697,1314.959284
-4,797,1315.797379
-5,773,1316.587532
-5,642,1317.289341
-5,768,1318.136348
-5,551,1318.723442
-5,674,1319.445381
-4,623,1320.155255
-4,938,1321.197734
-5,626,1321.857364
-5,661,1322.607481
-5,592,1323.266055
-4,654,1324.038867
-5,587,1324.659125
-5,533,1325.22641
-5,576,1325.845848
-5,631,1326.602502
-5,756,1327.379952
-5,577,1327.976494
-5,651,1328.777575
-5,921,1329.842076
-5,719,1330.590854
-5,700,1331.326499
-5,681,1332.209047
-5,469,1332.688286
-4,1101,1333.854736
-5,479,1334.361992
-5,518,1334.889125
-5,650,1335.721585
-5,664,1336.430072
-5,608,1337.086306
-4,822,1338.123755
-5,570,1338.70065
-5,818,1339.541421
-5,451,1340.069962
-5,456,1340.55642
-5,647,1341.372856
-5,606,1341.983189
-5,551,1342.540173
-5,655,1343.265565
-5,1044,1344.451401
-5,673,1345.152153
-4,796,1345.986708
-5,622,1346.79251
-5,531,1347.361634
-5,831,1348.200349
-5,690,1348.939247
-5,941,1350.077658
-5,700,1350.788803
-4,724,1351.518492
-4,634,1352.235117
-5,565,1352.88164
-5,754,1353.768049
-5,552,1354.395958
-4,676,1355.154873
-5,1184,1356.549848
-5,794,1357.346897
-5,487,1357.824048
-4,557,1358.454688
-5,603,1359.14408
-5,567,1359.797704
-5,510,1360.34796
-5,1119,1361.567285
-5,868,1362.620613
-5,811,1363.466825
-5,426,1363.940375
-5,505,1364.511644
-5,658,1365.26089
-5,769,1366.166852
-5,550,1366.805377
-5,504,1367.362022
-5,515,1367.8715
-5,700,1368.737991
-5,410,1369.188085
-3,908,1370.170316
-4,799,1371.156619
-5,422,1371.601194
-5,517,1372.128469
-5,626,1372.78269
-5,625,1373.544766
-5,598,1374.266432
-5,740,1375.056625
-5,789,1375.925151
-5,665,1376.796577
-5,576,1377.434873
-5,600,1378.064624
-5,454,1378.591655
-5,949,1379.709633
-5,568,1380.315259
-5,1068,1381.384974
-5,543,1381.984217
-5,654,1382.753049
-5,620,1383.465381
-5,627,1384.145912
-4,1052,1385.289894
-5,817,1386.277867
-5,886,1387.214171
-5,1061,1388.324377
-5,638,1389.019006
-5,582,1389.659596
-5,836,1390.685973
-5,838,1391.552652
-5,816,1392.397644
-4,833,1393.403617
-5,1082,1394.52932
-5,575,1395.133564
-5,765,1395.990659
-5,639,1396.793937
-5,739,1397.55003
-5,771,1398.331897
-5,877,1399.279729
-5,767,1400.240023
-5,641,1400.868619
-5,619,1401.539432
-5,584,1402.163412
-5,870,1403.207783
-5,609,1403.846086
-5,426,1404.293816
-5,510,1404.859456
-5,469,1405.347729
-5,459,1405.978914
-5,763,1406.765603
-5,970,1407.80028
-5,752,1408.738606
-5,443,1409.238777
-5,790,1410.049028
-5,741,1410.830148
-4,662,1411.706941
-5,543,1412.27916
-5,605,1412.895985
-5,722,1413.675425
-5,470,1414.217815
-5,559,1414.919583
-5,613,1415.556023
-4,983,1416.604122
-5,674,1417.465147
-5,962,1418.446347
-5,637,1419.105027
-5,446,1419.575791
-5,512,1420.123643
-5,678,1420.964111
-5,642,1421.620117
-5,491,1422.159929
-5,644,1422.875064
-4,1036,1424.059097
-5,570,1424.67916
-5,469,1425.196882
-5,650,1425.875252
-5,532,1426.534535
-4,712,1427.315392
-5,564,1427.942909
-5,616,1428.619911
-5,474,1429.216788
-4,678,1429.908724
-5,1066,1431.029683
-5,848,1432.030321
-4,721,1432.801028
-5,578,1433.43267
-5,908,1434.38449
-5,423,1434.886429
-5,569,1435.556299
-5,480,1436.057365
-5,551,1436.665219
-5,470,1437.137423
-5,664,1437.907789
-5,678,1438.608538
-5,578,1439.225742
-5,672,1439.937499
-5,698,1440.752675
-4,1097,1441.87282
-5,597,1442.510602
-5,443,1443.01785
-5,443,1443.619496
-5,554,1444.227014
-5,981,1445.227768
-5,536,1445.943388
-5,674,1446.629192
-5,628,1447.268494
-5,579,1447.888376
-5,664,1448.608618
-4,703,1449.404061
-5,514,1449.912799
-5,706,1450.656213
-5,714,1451.579435
-5,725,1452.317487
-4,812,1453.149517
-4,723,1453.917598
-5,773,1454.866757
-5,587,1455.491275
-5,650,1456.202409
-5,580,1456.825753
-5,691,1457.625958
-5,489,1458.19975
-5,612,1458.862143
-5,619,1459.527359
-5,508,1460.121056
-5,752,1461.019227
-5,834,1461.879658
-5,693,1462.641192
-5,698,1463.523454
-5,1047,1464.656272
-4,726,1465.378485
-5,680,1466.134259
-5,538,1466.753407
-5,568,1467.471516
-5,532,1468.052623
-5,677,1468.768798
-5,478,1469.360019
-5,455,1469.950481
-5,614,1470.588725
-5,642,1471.308192
-4,979,1472.497107
-5,503,1473.043182
-5,537,1473.60213
-5,581,1474.276486
-4,822,1475.300827
-5,798,1476.148386
-5,866,1477.030609
-5,683,1477.730954
-5,569,1478.387576
-5,652,1479.188084
-4,899,1480.104613
-5,648,1480.785945
-5,522,1481.393308
-5,762,1482.297301
-5,897,1483.24717
-5,585,1483.871415
-5,621,1484.577103
-5,728,1485.437981
-5,594,1486.041204
-5,739,1486.804749
-5,596,1487.497355
-4,878,1488.501274
-5,844,1489.376865
-5,713,1490.073662
-5,543,1490.685925
-4,797,1491.67848
-5,797,1492.536997
-5,613,1493.205076
-4,760,1494.123299
-5,773,1494.945101
-3,751,1495.750382
-5,555,1496.360541
-5,777,1497.30045
-5,653,1497.998462
-5,651,1498.666479
-5,494,1499.202595
-5,691,1499.96901
-4,860,1500.995171
-5,766,1501.76955
-5,687,1502.517622
-5,655,1503.347019
-5,830,1504.242556
-4,1465,1505.806367
-5,1161,1507.027218
-5,668,1507.831629
-5,894,1508.741161
-5,906,1509.669569
-5,742,1510.462053
-5,611,1511.14972
-5,783,1512.053632
-5,1168,1513.261704
-5,601,1513.910039
-5,679,1514.776999
-4,822,1515.730539
-5,881,1516.684445
-5,501,1517.222811
-5,609,1517.951826
-4,632,1518.722788
-4,682,1519.424694
-5,739,1520.203121
-5,596,1520.952387
-5,786,1521.793674
-4,1084,1522.921028
-5,529,1523.471915
-4,692,1524.309152
-5,671,1525.069534
-5,593,1525.684424
-5,1123,1526.935856
-5,588,1527.676901
-5,603,1528.289073
-4,889,1529.217029
-5,967,1530.260213
-5,593,1531.031119
-5,591,1531.649884
-3,841,1532.524641
-5,641,1533.190995
-5,641,1533.936073
-5,708,1534.754511
-5,808,1535.622977
-5,509,1536.178293
-4,806,1537.094954
-5,491,1537.685738
-4,1164,1538.867665
-5,556,1539.470141
-5,711,1540.295499
-5,586,1541.067562
-5,757,1541.849143
-5,697,1542.605847
-5,543,1543.302072
-4,723,1544.131614
-5,566,1544.6962
-5,538,1545.274852
-5,1109,1546.622436
-5,559,1547.221631
-4,904,1548.150551
-4,898,1549.129985
-5,746,1550.083777
-5,1119,1551.277886
-4,823,1552.139542
-5,635,1552.829634
-5,651,1553.572361
-5,659,1554.353497
-5,592,1554.943338
-5,697,1555.672835
-5,594,1556.354601
-5,869,1557.327091
-5,679,1558.034904
-5,534,1558.623498
-5,415,1559.030772
-4,713,1559.891632
-5,644,1560.566737
-5,496,1561.115648
-5,860,1562.125029
-5,434,1562.571694
-5,637,1563.228032
-5,778,1564.016127
-5,737,1564.93269
-5,631,1565.612074
-4,1095,1566.730961
-5,750,1567.545911
-5,839,1568.567178
-5,618,1569.207639
-5,877,1570.06921
-5,656,1570.769912
-5,872,1571.855336
-5,547,1572.428411
-5,677,1573.120653
-5,641,1573.800246
-4,893,1574.898744
-5,517,1575.453908
-5,653,1576.121138
-5,1023,1577.15849
-4,993,1578.354887
-5,501,1578.872084
-4,703,1579.620018
-5,1014,1580.709206
-5,547,1581.433572
-5,543,1582.047255
-5,828,1583.012849
-5,523,1583.575673
-4,682,1584.375506
-5,635,1585.131504
-5,562,1585.715096
-5,728,1586.521099
-5,714,1587.457647
-4,1281,1588.857859
-5,519,1589.378882
-5,727,1590.142223
-5,586,1590.801096
-5,630,1591.526843
-5,605,1592.141612
-5,456,1592.652372
-5,489,1593.14714
-5,538,1593.887315
-5,532,1594.416088
-5,598,1595.086082
-4,758,1596.007803
-5,712,1596.738877
-5,917,1597.679259
-5,587,1598.311044
-5,886,1599.371221
-5,495,1599.890443
-4,1089,1601.036495
-5,770,1601.867009
-4,712,1602.745873
-5,616,1603.396501
-5,698,1604.119772
-5,627,1604.813581
-5,985,1605.98992
-5,718,1606.737463
-5,671,1607.424249
-5,853,1608.37838
-5,642,1609.245685
-5,543,1609.819599
-5,520,1610.376158
-5,751,1611.144851
-5,668,1612.011285
-4,853,1612.910016
-5,471,1613.376419
-5,726,1614.132292
-5,497,1614.693464
-5,766,1615.597061
-5,575,1616.153694
-5,1005,1617.228124
-5,712,1618.119483
-4,708,1618.826862
-5,726,1619.612596
-5,565,1620.218723
-5,809,1621.208931
-5,792,1622.040046
-4,966,1623.068472
-5,789,1623.909633
-5,779,1624.85022
-5,633,1625.511853
-5,625,1626.17863
-5,828,1627.013905
-5,658,1627.823152
-5,571,1628.422716
-5,571,1629.042824
-5,584,1629.682155
-5,912,1630.751853
-5,765,1631.542529
-4,1143,1632.706429
-5,504,1633.277379
-5,705,1634.054234
-4,700,1634.897094
-5,575,1635.495646
-5,730,1636.265642
-5,915,1637.401389
-5,602,1638.040386
-5,869,1638.919657
-5,606,1639.587959
-5,571,1640.223656
-5,824,1641.168474
-5,691,1641.895198
-5,445,1642.385737
-5,1002,1643.571968
-5,681,1644.286378
-5,680,1644.959052
-5,938,1645.98638
-5,860,1647.023485
-5,791,1647.813507
-5,1108,1648.975365
-5,891,1649.916284
-5,650,1650.744187
-5,842,1651.634329
-5,631,1652.284562
-4,732,1653.090979
-5,655,1653.922952
-5,706,1654.701768
-5,689,1655.39104
-4,854,1656.287719
-5,653,1657.119852
-5,698,1657.849278
-5,706,1658.629733
-5,596,1659.293751
-5,636,1660.02176
-5,638,1660.803744
-5,694,1661.562631
-5,522,1662.148705
-5,624,1662.898467
-5,751,1663.778802
-5,623,1664.429032
-5,678,1665.174918
-5,612,1665.849447
-5,795,1666.784557
-5,1109,1667.905632
-5,589,1668.521425
-5,794,1669.401815
-4,657,1670.134076
-5,605,1670.773151
-5,903,1671.714082
-5,1092,1672.993785
-5,668,1673.709612
-5,760,1674.497971
-5,750,1675.312682
-5,485,1675.85934
-5,833,1676.807126
-5,615,1677.461751
-5,655,1678.197947
-4,930,1679.313744
-5,679,1680.038631
-4,575,1680.632671
-5,806,1681.467222
-5,756,1682.393493
-5,584,1682.973317
-4,785,1683.822418
-5,903,1684.827728
-5,497,1685.529652
-5,735,1686.282622
-5,771,1687.055948
-5,683,1687.801489
-5,514,1688.400275
-5,520,1689.025826
-5,803,1689.838168
-5,902,1690.832306
-5,810,1691.823286
-5,444,1692.296256
-5,848,1693.167481
-5,671,1693.874523
-4,789,1694.826608
-5,715,1695.570367
-5,697,1696.281605
-5,628,1696.97586
-5,697,1697.769456
-5,779,1698.685285
-5,708,1699.426096
-5,745,1700.262316
-4,832,1701.297647
-5,750,1702.061079
-5,528,1702.597675
-5,524,1703.149198
-5,644,1703.86756
-4,895,1704.869409
-5,783,1705.693331
-5,642,1706.397799
-5,623,1707.115807
-5,717,1707.913903
-5,623,1708.529192
-5,542,1709.145595
-5,646,1709.857924
-4,621,1710.604517
-5,434,1711.04358
-5,504,1711.558809
-5,614,1712.22252
-4,1033,1713.41541
-5,540,1713.957131
-5,388,1714.380159
-4,682,1715.126816
-5,578,1715.856405
-5,678,1716.562874
-5,589,1717.187184
-5,484,1717.66976
-2,982,1719.039823
-5,587,1719.754018
-5,451,1720.323675
-5,712,1721.251009
-5,581,1722.020535
-5,459,1722.560214
-5,868,1723.551972
-5,713,1724.476456
-5,727,1725.283003
-5,654,1725.916207
-5,598,1726.603261
-5,805,1727.59282
-5,682,1728.324529
-5,572,1728.900155
-5,610,1729.575518
-5,538,1730.1942
-5,610,1730.946897
-3,1113,1732.11235
-5,464,1732.62589
-5,920,1733.662083
-5,763,1734.481577
-5,815,1735.356525
-5,916,1736.365703
-5,858,1737.422637
-5,476,1737.904577
-5,815,1738.803792
-4,746,1739.631706
-5,759,1740.579827
-5,688,1741.307891
-5,607,1741.93036
-5,739,1742.762355
-5,602,1743.519509
-5,782,1744.346588
-5,633,1745.007671
-5,723,1745.78994
-5,620,1746.55454
-5,616,1747.228578
-5,507,1747.768845
-5,661,1748.501773
-5,539,1749.118227
-5,815,1750.020068
-3,1260,1751.352636
-5,700,1752.115113
-5,658,1752.869501
-5,425,1753.389033
-5,725,1754.162858
-5,604,1754.847814
-5,696,1755.618285
-5,646,1756.33759
-4,675,1757.00136
-5,1182,1758.273942
-5,611,1759.040395
-5,778,1759.869602
-5,621,1760.509792
-4,704,1761.2566
-5,856,1762.364643
-4,693,1763.070785
-5,902,1764.005905
-5,779,1764.812658
-5,903,1765.919257
-5,721,1766.662589
-5,804,1767.509994
-5,774,1768.321664
-5,954,1769.456138
-4,1042,1770.530062
-5,642,1771.214392
-5,802,1772.069206
-5,874,1773.134833
-5,642,1773.804012
-5,765,1774.596256
-5,817,1775.444031
-4,967,1776.580794
-5,829,1777.421627
-5,776,1778.22255
-5,534,1778.819177
-5,992,1780.021996
-5,720,1780.77506
-5,727,1781.511147
-5,738,1782.3209
-5,631,1783.131178
-4,914,1784.093069
-5,399,1784.483517
-5,656,1785.191132
-5,587,1785.876088
-5,536,1786.534457
-5,706,1787.284575
-5,667,1787.999951
-5,550,1788.621378
-5,421,1789.172784
-5,961,1790.153838
-5,519,1790.666063
-5,556,1791.232245
-5,912,1792.326077
-4,786,1793.177547
-5,589,1793.807434
-5,688,1794.603623
-5,720,1795.402469
-5,739,1796.148464
-5,916,1797.151017
-5,825,1798.168832
-5,743,1798.942937
-4,1052,1800.035724
-5,764,1800.87061
-5,546,1801.517152
-5,811,1802.436718
-5,607,1803.085641
-5,893,1804.052043
-5,656,1804.879508
-4,890,1805.792349
-5,903,1806.735057
-5,490,1807.267932
-5,676,1808.116093
-5,583,1808.8197
-5,738,1809.600591
-5,492,1810.162027
-5,1066,1811.405355
-4,850,1812.322982
-5,639,1812.983621
-5,603,1813.642901
-4,849,1814.682353
-5,832,1815.590183
-5,589,1816.189381
-5,535,1816.807977
-4,815,1817.802253
-5,662,1818.52033
-5,1117,1819.629211
-4,1186,1820.952331
-5,700,1821.791501
-5,462,1822.286499
-4,936,1823.224078
-5,595,1823.885043
-5,822,1824.825045
-4,1014,1825.894269
-5,611,1826.461269
-5,678,1827.189271
-5,800,1828.183271
-5,718,1828.909271
-5,710,1829.599464
-5,711,1830.343462
-5,693,1831.170668
-5,783,1832.019666
-5,847,1832.836668
-5,887,1833.749911
-5,745,1834.679094
-5,525,1835.207093
-5,686,1835.924093
-5,919,1836.851294
-5,465,1837.400886
-5,846,1838.322886
-5,1024,1839.405061
-5,493,1839.970061
-5,668,1840.731265
-5,845,1841.73325
-5,703,1842.482427
-5,1271,1843.840389
-4,636,1844.579648
-5,596,1845.179854
-5,687,1845.895856
-3,1445,1847.565856
-5,600,1848.180068
-5,599,1848.767082
-5,978,1849.783081
-2,1045,1850.877086
-5,993,1852.056466
-5,910,1852.985468
-5,522,1853.502704
-5,795,1854.340917
-4,896,1855.367919
-4,949,1856.390142
-5,688,1857.10335
-5,621,1857.746563
-5,626,1858.409754
-5,1049,1859.569751
-5,659,1860.227751
-5,548,1860.82475
-5,1086,1862.029752
-5,749,1862.807752
-5,634,1863.470722
-5,473,1863.963717
-5,484,1864.435718
-5,707,1865.345922
-4,905,1866.264954
-5,668,1866.926921
-5,615,1867.613932
-5,529,1868.206209
-4,651,1868.866385
-5,624,1869.502386
-4,811,1870.478404
-5,592,1871.108399
-5,839,1871.957612
-5,510,1872.480797
-4,831,1873.420056
-5,701,1874.193054
-5,721,1874.902058
-5,516,1875.430056
-5,1122,1876.734318
-5,773,1877.525462
-3,1265,1878.773457
-5,700,1879.486477
-5,690,1880.30646
-5,766,1881.167458
-5,668,1881.848458
-5,715,1882.570458
-5,726,1883.469311
-5,581,1884.080296
-5,707,1884.805442
-5,778,1885.619443
-5,1242,1887.038443
-5,1007,1888.036478
-4,1072,1889.097577
-5,645,1889.784581
-5,575,1890.416577
-5,557,1891.074577
-5,896,1892.003753
-5,584,1892.643753
-5,617,1893.338407
-5,698,1894.126405
-5,586,1894.737409
-5,453,1895.233406
-4,935,1896.349811
-5,771,1897.138813
-4,936,1898.100052
-5,564,1898.698418
-5,925,1899.821702
-5,615,1900.428946
-5,859,1901.294112
-5,770,1902.079335
-3,1038,1903.306335
-5,1144,1904.502335
-5,946,1905.442524
-5,938,1906.420711
-5,1091,1907.743016
-5,636,1908.38989
-5,599,1909.00119
-5,1007,1910.077569
-5,676,1910.940382
-5,723,1911.672678
-5,661,1912.392694
-5,479,1912.922823
-5,914,1913.978864
-5,759,1914.823363
-5,602,1915.489008
-5,563,1916.123662
-5,511,1916.659543
-4,868,1917.664825
-5,611,1918.273148
-4,790,1919.122309
-5,669,1920.004701
-5,449,1920.429922
-5,1018,1921.449597
-4,838,1922.351939
-5,614,1923.151424
-5,539,1923.716788
-5,547,1924.30844
-4,1206,1925.661921
-4,930,1926.693628
-5,735,1927.446062
-5,748,1928.241172
-4,618,1928.904472
-5,521,1929.476711
-5,835,1930.418512
-5,555,1930.96709
-5,519,1931.528402
-5,778,1932.422622
-5,781,1933.339463
-5,784,1934.174481
-4,758,1934.984176
-5,947,1936.15563
-5,837,1937.06862
-5,809,1937.918473
-5,588,1938.539455
-5,804,1939.498648
-4,1054,1940.595333
-5,1182,1941.816354
-5,685,1942.564066
-5,594,1943.246401
-5,605,1943.968546
-4,1015,1945.036824
-5,695,1945.780294
-5,772,1946.70096
-5,1032,1947.809808
-5,631,1948.463289
-5,744,1949.244104
-5,942,1950.364217
-5,735,1951.112105
-5,950,1952.087601
-5,663,1952.794833
-5,645,1953.530226
-5,763,1954.404504
-5,843,1955.27137
-5,901,1956.225791
-5,1272,1957.607436
-5,572,1958.205495
-4,875,1959.078596
-5,834,1959.962815
-5,908,1961.058261
-3,730,1961.82172
-5,674,1962.518409
-5,732,1963.324699
-5,958,1964.464376
-5,833,1965.332148
-5,687,1966.014106
-5,817,1966.88127
-5,704,1967.759887
-5,899,1968.688294
-5,1025,1969.746852
-5,480,1970.247777
-4,667,1971.003439
-5,948,1972.094551
-5,740,1972.880372
-4,960,1973.876777
-5,738,1974.786397
-5,635,1975.457663
-5,769,1976.214779
-5,599,1976.875616
-5,930,1977.97313
-5,820,1978.851465
-5,613,1979.474204
-5,757,1980.280185
-5,837,1981.30268
-5,825,1982.14458
-5,742,1982.89135
-5,902,1983.858375
-4,769,1984.790104
-5,681,1985.488723
-5,690,1986.196656
-5,658,1986.910127
-3,951,1988.054936
-5,556,1988.626027
-5,665,1989.285075
-5,461,1989.808825
-5,698,1990.589122
-5,675,1991.429023
-5,577,1992.043141
-5,615,1992.717967
-5,757,1993.649605
-5,884,1994.573839
-5,1071,1995.67218
-5,1394,1997.2983
-5,1085,1998.443467
-5,629,1999.068957
-5,593,1999.683224
-4,1429,2001.307985
-5,831,2002.170068
-5,767,2002.976445
-5,781,2003.784047
-5,787,2004.628729
-4,1376,2006.210265
-5,1090,2007.325402
-5,901,2008.261478
-5,781,2009.104264
-5,658,2009.937049
-5,676,2010.63911
-5,601,2011.259147
-4,1027,2012.377206
-5,881,2013.425926
-5,1057,2014.50528
-5,711,2015.234033
-5,1265,2016.652218
-5,828,2017.585949
-4,1136,2018.769474
-4,1058,2019.849054
-5,1284,2021.242762
-4,1002,2022.35045
-4,550,2022.888448
-5,686,2023.581126
-5,1004,2024.713252
-5,713,2025.5894
-5,1344,2027.025728
-5,925,2028.02892
-5,795,2028.914977
-5,905,2030.022937
-5,1145,2031.192618
-5,848,2032.046858
-4,860,2032.965302
-5,594,2033.753528
-5,1067,2034.860024
-5,841,2035.777771
-5,641,2036.435592
-5,762,2037.362634
-5,982,2038.423891
-5,740,2039.179839
-5,711,2039.93613
-5,542,2040.574072
-5,556,2041.24123
-5,771,2041.993132
-4,1035,2043.045162
-5,1415,2044.624082
-5,737,2045.427912
-5,620,2046.048784
-4,1171,2047.327774
-4,1160,2048.638343
-5,628,2049.305806
-5,681,2049.999073
-5,996,2051.07432
-5,943,2052.229697
-5,934,2053.182715
-5,805,2053.961408
-4,990,2054.967748
-5,1184,2056.344383
-5,681,2057.078512
-5,488,2057.607438
-5,586,2058.243667
-5,1164,2059.57133
-5,685,2060.336529
-5,716,2061.045501
-5,704,2061.830331
-5,479,2062.440659
-5,880,2063.415516
-5,689,2064.15324
-4,999,2065.221891
-4,1113,2066.559829
-5,711,2067.290729
-5,926,2068.247375
-5,892,2069.168226
-5,754,2070.097241
-5,884,2071.025859
-5,870,2071.959158
-5,462,2072.46667
-5,670,2073.187941
-5,900,2074.216317
-5,624,2074.889382
-4,734,2075.661739
-5,517,2076.285949
-5,751,2077.163755
-5,599,2077.808943
-5,829,2078.707756
-4,881,2079.746302
-5,702,2080.445822
-5,449,2080.911373
-3,960,2081.912067
-5,518,2082.617047
-5,630,2083.294665
-5,988,2084.299783
-5,911,2085.275938
-5,502,2085.962229
-5,830,2086.869993
-5,542,2087.430417
-5,620,2088.134167
-5,521,2088.706572
-4,911,2089.775872
-5,633,2090.448798
-3,1148,2091.646576
-4,982,2092.80408
-5,775,2093.596541
-5,744,2094.39752
-5,501,2094.965012
-5,880,2096.009952
-5,598,2096.657433
-5,529,2097.191955
-5,865,2098.116608
-5,630,2098.943084
-5,638,2099.603449
-5,604,2100.219577
-5,736,2101.035585
-5,587,2101.699079
-5,640,2102.446048
-5,816,2103.29396
-5,709,2104.06855
-5,840,2105.145509
-4,968,2106.149452
-5,838,2107.02377
-5,958,2108.091671
-5,1017,2109.308465
-5,1465,2110.74687
-5,735,2111.507691
-5,889,2112.439548
-5,700,2113.322054
-5,983,2114.348772
-5,675,2115.039051
-5,977,2116.067857
-5,487,2116.696925
-4,721,2117.506869
-5,535,2118.066202
-5,1084,2119.227939
-5,629,2119.987761
-5,443,2120.47152
-5,606,2121.130573
-5,838,2122.030778
-5,978,2123.191667
-5,770,2124.04444
-5,1130,2125.166192
-5,1422,2126.785592
-5,636,2127.495183
-5,891,2128.498302
-5,833,2129.347076
-4,846,2130.276061
-5,621,2131.082814
-5,923,2132.043804
-5,694,2132.730842
-5,644,2133.432515
-5,553,2134.045565
-5,613,2134.766259
-5,603,2135.375475
-5,522,2135.978884
-5,516,2136.587321
-5,716,2137.455142
-5,538,2138.011457
-5,715,2138.773806
-5,741,2139.676032
-5,850,2140.548268
-5,810,2141.393653
-5,1101,2142.626773
-5,1112,2143.854246
-5,636,2144.499649
-4,906,2145.41949
-4,768,2146.245867
-5,840,2147.273372
-5,779,2148.056762
-5,882,2149.031502
-5,694,2149.785083
-5,555,2150.415862
-5,812,2151.367788
-4,853,2152.295003
-5,804,2153.168966
-5,464,2153.687958
-5,391,2154.18731
-5,579,2154.799913
-5,514,2155.3481
-4,760,2156.294729
-5,831,2157.247824
-5,1082,2158.326613
-5,1082,2159.558702
-5,977,2160.678006
-5,663,2161.322658
-5,751,2162.111041
-4,968,2163.190313
-4,900,2164.27807
-5,798,2165.098204
-5,916,2166.036449
-5,812,2166.889227
-5,1606,2168.733752
-5,727,2169.48598
-5,708,2170.197212
-5,1169,2171.510408
-5,680,2172.262393
-5,630,2172.909002
-5,706,2173.663746
-5,847,2174.604735
-4,917,2175.658737
-5,733,2176.411992
-5,598,2177.020804
-5,854,2177.858858
-4,959,2179.018668
-5,1192,2180.189605
-5,653,2180.882589
-5,493,2181.427284
-5,629,2182.111126
-5,911,2183.192921
-5,1025,2184.277332
-5,1047,2185.374581
-5,635,2186.166185
-5,640,2186.859858
-5,735,2187.601909
-5,537,2188.201958
-5,729,2189.000732
-5,626,2189.740348
-5,686,2190.400136
-5,735,2191.137952
-5,713,2192.002754
-5,677,2192.728749
-3,1072,2193.889514
-5,709,2194.626684
-5,815,2195.599192
-5,535,2196.187947
-5,620,2196.843428
-5,500,2197.372787
-5,723,2198.188903
-5,954,2199.265734
-5,1881,2201.199472
-5,748,2201.969348
-5,918,2203.051127
-5,1180,2204.299239
-5,750,2205.059719
-4,1068,2206.258373
-5,1346,2207.79069
-4,1205,2209.067801
-5,1058,2210.187622
-4,830,2211.097483
-5,787,2212.076486
-5,626,2212.711743
-5,673,2213.430792
-3,1028,2214.537575
-5,847,2215.612297
-5,983,2216.621629
-5,519,2217.144764
-4,926,2218.100098
-3,1182,2219.527769
-5,469,2220.003573
-5,1063,2221.128522
-5,1347,2222.624546
-5,744,2223.470529
-5,1048,2224.596879
-4,829,2225.442173
-5,966,2226.45841
-5,1174,2227.8519
-5,987,2228.893628
-5,870,2229.762759
-5,1076,2230.895559
-5,654,2231.721913
-5,948,2232.757695
-5,873,2233.630378
-5,1320,2235.06019
-4,903,2236.084096
-5,656,2236.769128
-5,860,2237.645007
-5,955,2238.641453
-5,634,2239.441221
-5,1047,2240.560235
-5,623,2241.238963
-4,944,2242.263493
-4,781,2243.247
-5,1316,2244.657268
-5,915,2245.648371
-5,1114,2246.82077
-5,1063,2248.057392
-5,588,2248.668977
-5,945,2249.6326
-5,1095,2250.791488
-3,1805,2252.804311
-5,1092,2253.925378
-5,1142,2255.119514
-5,765,2255.993113
-5,1050,2257.29161
-5,815,2258.154826
-5,657,2258.850526
-5,901,2259.830222
-4,686,2260.693959
-5,906,2261.651364
-5,606,2262.307062
-5,689,2263.012973
-5,841,2264.074714
-5,1256,2265.367275
-4,1082,2266.494885
-5,635,2267.303635
-5,886,2268.491776
-4,1013,2269.539162
-5,753,2270.329532
-5,697,2271.132565
-5,704,2272.122168
-5,710,2272.969946
-5,1119,2274.311329
-5,805,2275.330065
-5,899,2276.546353
-5,1594,2278.44209
-5,725,2279.246631
-5,1678,2281.409449
-5,1750,2283.479176
-5,910,2284.56795
-5,718,2285.434446
-5,965,2286.693488
-5,780,2287.71905
-5,988,2288.954662
-4,1099,2290.258016
-5,1042,2291.569655
-5,816,2292.645452
-5,913,2293.69933
-5,772,2294.617628
-5,965,2295.791529
-5,644,2296.667903
-5,929,2297.83014
-5,715,2298.699719
-5,822,2299.675796
-5,641,2300.620914
-5,852,2301.620134
-5,1114,2302.94767
-4,1244,2304.605662
-4,884,2305.677394
-4,1122,2307.017328
-5,579,2307.700315
-5,764,2308.585635
-5,597,2309.482592
-5,681,2310.303337
-5,892,2311.386423
-5,593,2312.108748
-5,656,2313.009938
-4,963,2314.197575
-5,815,2315.193286
-4,1118,2316.651847
-5,560,2317.411313
-5,1237,2318.852819
-5,735,2319.740132
-5,1106,2321.071177
-5,1027,2322.350626
-5,885,2323.39417
-5,1052,2324.633018
-5,892,2325.725399
-5,756,2326.767808
-5,667,2327.573575
-5,879,2328.640232
-5,901,2329.723854
-5,1003,2331.080065
-4,1389,2332.749416
-5,539,2333.40376
-5,947,2334.57084
-5,808,2335.614064
-4,881,2336.634212
-5,621,2337.397671
-5,557,2338.079172
-5,920,2339.352698
-5,559,2340.023302
-5,749,2340.950608
-5,518,2341.555899
-5,740,2342.582398
-5,561,2343.242992
-5,670,2344.067439
-5,901,2345.193355
-5,804,2346.31751
-5,898,2347.42685
-5,804,2348.426391
-5,1447,2350.285154
-5,1615,2352.182111
-5,640,2352.91457
-5,1098,2354.218791
-4,746,2355.152812
-4,1552,2357.158827
-5,935,2358.288259
-5,1061,2359.557211
-5,859,2360.579937
-4,1058,2362.075606
-5,815,2363.058034
-5,828,2364.061123
-5,962,2365.24949
-5,1313,2366.993554
-5,1102,2368.260755
-5,581,2368.914951
-5,1097,2370.251953
-5,1140,2371.702955
-5,871,2372.718164
-5,919,2373.749875
-5,901,2374.849876
-5,591,2375.694872
-5,741,2376.611035
-5,937,2377.68305
-5,952,2378.828431
-5,603,2379.65743
-4,1064,2380.895608
-5,727,2381.759606
-5,587,2382.426608
-5,1069,2383.833228
-5,948,2384.985226
-4,823,2385.967224
-5,954,2387.208403
-5,726,2388.187401
-5,937,2389.314403
-5,833,2390.3354
-5,914,2391.490401
-5,1520,2393.429845
-4,987,2394.642587
-5,1158,2396.007165
-5,797,2397.016167
-5,1182,2398.618169
-5,714,2399.521167
-5,547,2400.181392
-5,949,2401.301399
-5,711,2402.270394
-5,585,2402.941519
-5,816,2403.918899
-5,795,2404.916896
-5,868,2406.119856
-5,1000,2407.303855
-5,848,2408.31287
-3,1063,2409.689857
-5,777,2410.677854
-4,880,2411.743856
-5,791,2412.696854
-5,1230,2414.337677
-5,1526,2416.204635
-5,779,2417.141634
-5,714,2418.030655
-5,510,2418.656651
-4,841,2419.86539
-4,1049,2421.053682
-5,1674,2422.964612
-5,645,2423.74001
-5,580,2424.492212
-5,995,2425.798213
-5,920,2426.89607
-5,1018,2428.127067
-5,1054,2429.455068
-5,703,2430.31029
-5,1012,2431.503224
-5,1352,2433.297432
-5,1227,2434.83743
-5,1164,2436.21037
-5,1433,2437.947368
-5,732,2438.830368
-4,1286,2440.544578
-5,1113,2441.95558
-5,686,2442.813578
-5,1034,2444.117331
-5,788,2445.225333
-5,859,2446.251326
-5,985,2447.391495
-5,943,2448.612495
-5,1487,2450.576756
-5,1188,2451.967975
-4,891,2453.088206
-5,2091,2455.818624
-4,1126,2457.176794
-5,485,2457.770794
-5,1040,2458.961989
-5,870,2459.954987
-5,1440,2461.788989
-4,2062,2464.185635
-4,1516,2465.949
-3,970,2467.061198
-5,935,2468.319469
-4,841,2469.263644
-4,833,2470.248657
-5,932,2471.341975
-5,1192,2472.818232
-5,853,2473.797955
-5,881,2474.828953
-5,690,2475.642953
-5,1212,2477.158953
-4,1009,2478.28895
-5,1013,2479.490956
-4,1303,2481.249243
-5,649,2482.001243
-5,657,2482.761449
-5,783,2483.774786
-5,959,2485.080127
-3,1360,2486.741421
-4,1285,2488.20797
-5,752,2489.093972
-5,1205,2490.586156
-4,970,2491.824157
-5,1358,2493.401505
-5,693,2494.196318
-5,702,2495.032237
-5,598,2495.863237
-4,972,2496.987409
-5,853,2498.018405
-4,1723,2500.239407
-5,627,2500.970405
-5,1109,2502.252404
-3,1498,2504.063318
-4,1240,2505.653303
-5,1035,2506.971307
-5,1201,2508.444487
-5,1892,2510.692738
-5,630,2511.444026
-3,1227,2513.127026
-5,1323,2514.640625
-5,1080,2515.875624
-5,841,2517.039627
-5,801,2518.119622
-5,1506,2519.918625
-5,874,2520.907853
-5,812,2521.873851
-3,1027,2523.236188
-5,769,2524.151613
-5,591,2524.996811
-5,1192,2527.110124
-5,1281,2528.604686
-5,2047,2530.904879
-5,891,2531.947206
-4,826,2532.965871
-2,2222,2535.640088
-5,776,2536.536477
-5,798,2537.461767
-4,1577,2539.542077
-5,1140,2540.844764
-5,1042,2541.975144
-5,1053,2543.168257
-5,1962,2545.705863
-5,808,2546.580868
-5,757,2547.41802
-5,791,2548.346382
-4,1157,2549.845727
-4,707,2550.744694
-5,2203,2553.229738
-2,1924,2555.408881
-5,1042,2556.694608
-5,1253,2558.22272
-4,1420,2559.864877
-5,785,2560.770321
-5,928,2561.822419
-5,947,2563.089929
-5,988,2564.218711
-5,997,2565.329886
-4,887,2566.302104
-4,1167,2567.761285
-4,1322,2569.215987
-5,702,2569.984172
-5,2059,2572.596668
-5,1222,2573.906085
-4,2198,2576.412292
-5,1408,2577.907597
-5,1297,2579.531343
-4,1900,2581.811664
-4,1762,2583.768803
-5,1543,2585.558843
-5,1193,2586.990788
-5,1099,2588.39997
-5,1511,2590.128933
-4,1248,2591.522603
-4,679,2592.378621
-5,811,2593.514505
-5,1254,2594.938812
-5,1341,2596.464024
-5,1451,2598.229092
-4,1269,2599.632802
-5,1356,2601.19463
-5,1234,2602.584419
-5,1655,2604.916209
-5,980,2606.003447
-5,1063,2607.236049
-4,1242,2608.757441
-5,909,2609.80572
-4,970,2611.176521
-5,1049,2612.42587
-3,1439,2613.956477
-3,1182,2615.399267
-5,950,2616.589389
-5,1977,2618.704596
-5,1437,2620.386494
-5,1329,2622.139716
-5,759,2623.000902
-5,992,2624.161053
-5,1166,2625.500808
-5,822,2626.387853
-5,1091,2627.797035
-5,1474,2629.422024
-5,2337,2632.001568
-5,1374,2633.786138
-4,1851,2635.817558
-4,1132,2637.163955
-5,1314,2638.632535
-4,1094,2639.957441
-5,983,2641.217991
-4,1339,2642.72583
-4,1098,2644.02221
-5,1682,2646.145555
-4,821,2647.032117
-5,1589,2648.876992
-5,1843,2650.898289
-5,784,2651.777506
-5,1093,2653.215324
-5,1392,2654.78296
-5,1474,2656.494716
-5,749,2657.352896
-4,1180,2658.840963
-4,991,2659.954317
-5,1223,2661.347394
-5,1229,2662.761301
-5,566,2663.520669
-5,762,2664.441205
-5,1165,2665.697971
-5,779,2666.582927
-5,1359,2668.394077
-4,1029,2669.550394
-5,671,2670.293477
-5,684,2671.089303
-4,1007,2672.459128
-5,1116,2673.759768
-5,1051,2674.966434
-5,959,2676.250079
-4,1088,2677.613713
-5,655,2678.321707
-5,861,2679.279045
-5,1039,2680.547984
-5,1345,2682.130562
-5,1045,2683.306963
-4,758,2684.178887
-5,2120,2686.807889
-5,946,2687.930519
-5,907,2688.99507
-4,1712,2690.922704
-5,1041,2692.19596
-4,1196,2693.762186
-4,1299,2695.286188
-5,1480,2697.029188
-5,938,2698.079175
-5,903,2699.270342
-5,1089,2700.548012
-5,622,2701.24869
-5,1249,2702.717925
-5,1595,2704.605832
-5,1137,2705.861374
-5,2128,2708.25588
-5,1215,2709.667882
-5,1754,2711.864627
-5,965,2712.977142
-5,1107,2714.198277
-4,1349,2715.93579
-4,1212,2717.328695
-5,1670,2719.205934
-5,1052,2720.409818
-5,1473,2722.354055
-5,1309,2723.877285
-5,733,2724.795177
-5,1526,2726.475308
-5,940,2727.596157
-5,675,2728.591973
-5,1081,2729.741166
-5,1277,2731.163332
-5,840,2732.155749
-5,1757,2734.202366
-5,1057,2735.362001
-5,1349,2736.905797
-5,1296,2738.442816
-5,1435,2740.190905
-4,1478,2741.923982
-5,656,2742.652949
-5,742,2743.544037
-4,1017,2745.076734
-5,614,2745.71403
-5,1180,2747.01305
-5,1069,2748.344424
-5,1080,2749.628696
-5,712,2750.38337
-5,989,2751.461649
-5,459,2752.035173
-5,740,2753.037144
-5,811,2754.001695
-5,1794,2756.085852
-5,1142,2757.464016
-5,875,2758.588613
-5,837,2759.628914
-5,828,2760.621658
-5,868,2761.617929
-5,715,2762.560217
-5,968,2763.689708
-5,1002,2764.823057
-5,1902,2767.186298
-5,1433,2768.868195
-5,1984,2771.151947
-4,1060,2772.410585
-5,1676,2774.54712
-5,1011,2775.710746
-5,1471,2777.371026
-4,1209,2778.659318
-5,947,2779.766949
-5,2689,2782.99792
-5,1919,2785.216042
-5,1058,2786.39794
-5,900,2787.435136
-5,2660,2790.622675
-5,1839,2792.779315
-5,743,2793.604964
-5,1918,2796.025759
-4,1813,2798.099353
-5,2084,2800.419691
-5,852,2801.348087
-5,1105,2802.618959
-4,1004,2803.949573
-5,1270,2805.366759
-4,1595,2807.170236
-5,1165,2808.78096
-5,990,2810.074355
-4,1357,2811.679652
-5,1041,2812.849896
-5,1915,2815.269956
-5,1513,2817.002686
-5,1957,2819.196974
-5,1329,2820.752565
-5,844,2821.732033
-3,2437,2824.799506
-5,1627,2826.54762
-4,2627,2829.630187
-5,2615,2832.893887
-5,859,2833.842958
-5,693,2834.629397
-5,1528,2836.37869
-4,1025,2837.606086
-5,849,2838.731483
-5,919,2839.776724
-5,959,2840.876557
-5,853,2841.858845
-5,1005,2843.141714
-4,844,2844.116817
-5,919,2845.155446
-5,1898,2847.41469
-5,1359,2848.961025
-5,1624,2850.734747
-5,1326,2852.221385
-5,1329,2853.919951
-5,1201,2855.312869
-5,1203,2856.71098
-5,2319,2859.213511
-5,1645,2861.518827
-5,1041,2862.711276
-5,937,2863.791843
-5,849,2864.751405
-5,1168,2866.235624
-5,878,2867.313967
-5,927,2868.373116
-4,1561,2870.135352
-5,1562,2872.233646
-5,1198,2873.568201
-4,1617,2875.336261
-5,2045,2877.668374
-3,2177,2880.40609
-5,1281,2881.812415
-4,1851,2883.924193
-5,2365,2886.569233
-5,696,2887.390801
-4,2181,2890.164093
-4,2335,2892.852246
-4,2746,2895.923528
-5,2213,2898.66462
-5,1968,2900.86709
-4,3000,2904.29882
-5,2869,2907.536118
-2,3000,2911.171364
-5,1988,2913.475789
-3,2654,2916.478371
-5,2001,2918.676913
-5,1483,2920.780784
-4,1999,2922.992223
-2,3000,2926.411002
-3,3000,2929.797993
-1,3000,2933.390336
-4,1898,2935.530174
-5,1814,2937.63433
-4,3000,2940.977561
-5,2034,2943.559505
-4,1914,2945.678613
-4,2838,2948.832905
-3,3000,2952.121578
-3,2568,2955.370271
-5,2318,2957.963306
-5,2456,2960.791753
-4,2920,2964.054554
-5,2075,2966.561919
-4,3000,2969.895885
-2,3000,2973.307035
-4,2929,2976.418826
-5,2416,2979.461409
-5,2038,2981.739556
-4,2172,2984.047261
-3,2295,2986.541667
-4,2222,2989.355794
-5,2447,2992.195175
-5,2411,2994.870888
-5,2330,2997.740888
-4,2199,3000.54162
-4,2177,3003.003808
-5,1578,3004.830178
-3,3000,3008.175612
-4,1939,3010.602798
-2,3000,3013.980832
-5,2196,3016.533516
-5,2955,3019.848955
-3,3000,3023.50547
-5,2757,3026.603208
-5,1306,3028.155495
-2,3000,3031.451685
0,3000,3034.947131
1,3000,3038.29903
1,3000,3041.739055
-3,3000,3045.064757
-5,2198,3047.883387
-4,3000,3051.278928
-5,2235,3053.841435
-3,3000,3057.33187
-5,2034,3059.92624
-5,2777,3063.117649
-3,3000,3066.431577
-4,2054,3068.778606
-2,3000,3072.417778
0,3000,3075.678178
-4,3000,3079.067968
-3,3000,3082.318963
-4,2971,3086.010546
-4,3000,3089.519062
-4,2864,3092.792902
-3,3000,3096.033534
-3,3000,3099.651217
-1,3000,3103.049081
-5,2233,3105.529319
-3,3000,3108.808241
-3,3000,3112.455598
-3,2565,3115.386291
-4,2349,3118.104589
-4,3000,3121.442744
-2,3000,3125.229773
-4,3000,3128.681841
-5,2931,3131.973425
-3,3000,3135.238745
-5,1821,3137.545763
-2,3000,3140.958714
-3,3000,3144.486844
-5,2068,3146.68975
-5,2262,3149.548027
-3,2814,3152.737498
-3,3000,3156.068779
-1,3000,3159.550914
-5,2994,3163.207192
-2,3000,3166.558183
-2,3000,3169.885386
-5,2780,3172.988385
-2,3000,3176.688848
-1,3000,3180.117749
-3,3000,3183.434942
-2,3000,3186.682012
-4,3000,3190.327011
-1,3000,3193.756428
-1,3000,3197.151824
-3,3000,3200.528059
-1,3000,3204.234767
-2,3000,3207.659716
-5,2451,3210.35586
-3,3000,3213.640704
-2,3000,3217.268775
-1,3000,3220.648326
-1,3000,3224.054384
-5,2932,3227.29508
-5,2779,3230.741837
-3,3000,3234.176596
-3,3000,3237.535409
0,3000,3240.873955
-2,3000,3244.536481
-3,3000,3247.897642
0,3000,3251.303996
-3,3000,3254.507453
-3,3000,3258.190876
-1,3000,3261.66665
-2,3000,3265.105603
-1,3000,3268.432073
1,3000,3272.093121
-2,3000,3275.59126
-1,3000,3278.946392
-2,3000,3282.203576
-3,3000,3285.921118
1,3000,3289.343485
-1,3000,3292.821852
-3,3000,3296.057119
-3,3000,3299.760768
0,3000,3303.103279
-3,3000,3306.506557
-2,3000,3309.868043
0,3000,3313.603602
-1,3000,3316.930554
-1,3000,3320.305629
1,3000,3323.558717
-2,3000,3327.307922
-3,3000,3330.642099
0,3000,3333.952755
-3,3000,3337.194762
-1,3000,3340.850027
0,3000,3344.241573
0,3000,3347.651661
-3,3000,3350.980643
-1,3000,3354.613593
-3,3000,3358.164043
-1,3000,3361.608648
0,3000,3364.949506
-2,3000,3368.578508
-1,3000,3371.945518
-2,3000,3375.271377
-1,3000,3378.589374
-4,3000,3382.193316
0,3000,3385.656495
-3,3000,3389.072744
-4,3000,3392.443752
-5,1453,3394.326855
-3,3000,3397.677865
-4,3000,3401.044992
-5,856,3401.999158
-5,1109,3403.4156
-5,1593,3405.411479
-4,2547,3408.42234
-2,3000,3411.826727
-4,2774,3415.216552
-5,2646,3418.21438
-1,3000,3421.613997
-2,3000,3424.894023
-3,3000,3428.597638
0,3000,3431.918597
-3,3000,3435.217754
-4,3000,3438.504008
-4,3000,3442.225353
-5,1832,3444.272498
-1,3000,3447.596554
-2,3000,3450.962404
-5,2531,3453.990783
-3,3000,3457.365955
-1,3000,3460.737242
-3,3000,3463.967048
-1,3000,3467.550983
-5,2407,3470.204476
-3,3000,3473.619595
-4,3000,3476.969666
-4,3000,3480.591141
-2,3000,3483.937299
-5,2569,3486.75556
1,3000,3490.003765
-3,3000,3493.607192
-1,3000,3497.008893
-2,3000,3500.323869
-2,3000,3503.547006
-1,3000,3507.269742
-5,1905,3509.486006
-5,1757,3511.412632
-3,3000,3514.809782
-2,3000,3518.612516
-4,1460,3520.288287
-4,3000,3523.697167
-5,2411,3526.488906
-5,2636,3529.806509
-5,1849,3531.910067
-1,3000,3535.388557
-4,3000,3539.07485
-3,3000,3543.123929
-1,3000,3546.85669
-3,3000,3550.430063
-2,3000,3554.082737
-4,3000,3558.306494
-2,3000,3562.382886
-3,3000,3566.229838
-5,2702,3569.250981
-1,3000,3573.02195
-4,3000,3576.4046
-4,3000,3579.823158
-1,3000,3583.020156
-5,2457,3586.095835
-2,3000,3589.539439
-5,2988,3593.007437
-1,3000,3596.254844
-2,3000,3599.882066
-5,2247,3602.392601
0,3000,3605.798625
-5,2069,3608.102373
-5,2214,3610.810779
-4,3000,3614.066186
-2,3000,3617.413461
-5,2246,3619.885216
-1,3000,3623.560788
-4,3000,3626.954119
1,3000,3630.280417
-4,3000,3633.586342
-3,3000,3637.216485
-3,3000,3640.622754
-4,3000,3643.977755
-3,3000,3647.200166
-5,2758,3650.479716
0,3000,3653.827351
-1,3000,3657.187651
0,3000,3660.555019
-3,3000,3664.263021
-1,3000,3667.55441
-2,3000,3671.016582
1,3000,3674.13636
-1,3000,3677.822853
0,3000,3681.190965
-5,2328,3683.747229
-1,3000,3687.115124
-4,2389,3690.073126
-2,3000,3693.475125
-5,1805,3695.529127
-3,3000,3698.890137
-5,2625,3702.0821
-5,2933,3705.413166
-4,2907,3708.626503
-4,3000,3711.87079
-2,3000,3715.567321
-4,3000,3718.814854
-3,3000,3722.173062
-5,2157,3724.625197
-4,3000,3728.251626
-5,1381,3729.758979
-5,2800,3732.874675
-5,1792,3734.832817
-5,1505,3736.89001
-5,2818,3739.866933
-2,3000,3743.195342
-3,3000,3746.443758
-4,3000,3750.053685
-1,3000,3753.403173
-4,3000,3756.792938
-5,2673,3759.787878
-4,3000,3763.370146
-3,3000,3766.653116
-5,2615,3769.676552
-3,3000,3772.866605
-3,3000,3776.616522
-4,2379,3779.324027
-5,1672,3781.204263
-3,3000,3784.495876
-4,2219,3787.238942
-5,2573,3790.158531
-2,3000,3793.677151
-4,2688,3796.888439
-3,2848,3800.331198
-5,2195,3802.671263
-4,1149,3803.943095
-3,3000,3807.333591
-4,2336,3810.205946
-5,2147,3812.664698
-4,3000,3815.985146
-4,3000,3819.281047
-4,3000,3822.951022
-3,3000,3826.359985
-5,2682,3829.374984
-3,3000,3832.601158
-1,3000,3836.166466
-3,3000,3839.540287
-5,1228,3840.941509
-1,3000,3844.303325
-3,3000,3847.890736
-5,1868,3849.984734
-3,3000,3853.287965
0,3000,3856.545536
-3,2900,3860.000121
-5,2845,3863.142861
-1,3000,3866.393733
-4,2793,3869.381009
-4,3000,3873.007447
-5,2567,3875.846412
-5,2029,3878.020576
-5,2547,3880.795225
-3,3000,3884.416972
-4,2579,3887.282156
-5,2566,3890.104156
-5,2004,3892.417381
-3,3000,3895.943716
-5,1806,3897.939904
-5,1646,3899.773228
-4,2289,3902.386744
-4,1413,3904.257879
-5,2710,3907.300356
-5,2249,3909.897263
-5,2172,3912.358049
-5,1229,3913.790121
-3,2684,3916.877189
-2,3000,3920.198019
-2,3000,3923.481552
-5,2115,3926.17993
-3,3000,3929.663639
-5,2820,3932.723683
-3,3000,3935.98869
-4,2936,3939.583613
-5,2643,3942.451765
-3,3000,3945.926119
-5,1914,3947.97131
-5,2887,3951.384301
-3,3000,3954.816422
-2,3000,3958.170446
-2,3000,3961.524572
-5,2757,3964.886097
-1,3000,3968.177688
-1,3000,3971.514109
-3,3000,3974.733795
-5,2255,3977.485057
-1,3000,3980.880428
-4,3000,3984.146365
-5,1025,3985.350948
-4,2058,3987.964274
-5,745,3988.795959
-5,2882,3991.986804
-5,1218,3993.34692
-5,700,3994.163782
-4,2251,3996.994627
-2,3000,4000.34971
-5,1375,4001.804946
-3,3000,4005.572075
-3,3000,4008.915129
-3,3000,4012.264906
-5,2358,4014.764713
-5,2767,4018.246611
-3,3000,4021.658466
-1,3000,4025.143719
-1,3000,4028.355856
-3,3000,4031.964162
-3,3000,4035.482404
-4,3000,4038.764012
-1,3000,4041.919193
-4,2854,4045.581504
-1,3000,4048.920103
-3,3000,4052.189434
-3,3000,4055.417607
-4,3000,4059.112975
-5,2576,4061.914547
2,3000,4065.22754
-2,3000,4068.447488
-1,3000,4072.039652
-4,3000,4075.299433
-5,1681,4077.188594
-3,3000,4080.459179
-5,2933,4083.99744
-5,2336,4086.63945
-5,1921,4088.835781
-5,1420,4090.411148
-5,2470,4093.510211
-4,2216,4096.05264
-5,1672,4097.91715
-3,2968,4101.229461
-5,2055,4103.787001
-5,1818,4105.891061
-4,1926,4108.090371
-5,1933,4110.261743
-4,3000,4113.976051
-3,3000,4117.284803
-4,3000,4120.629524
-3,3000,4123.957303
-4,2750,4127.369714
-1,3000,4130.671435
0,3000,4133.954332
-2,3000,4137.253792
-2,3000,4140.987658
-5,1869,4143.040658
-2,3000,4146.502763
-1,3000,4149.864912
-4,3000,4153.605055
-4,3000,4157.051963
-4,2156,4159.505035
-4,1798,4161.452244
-5,2085,4164.07836
-4,2036,4166.428489
-4,3000,4169.76256
-5,1262,4171.163134
-4,2020,4173.709368
-5,2444,4176.499295
-5,2769,4179.611325
-5,1179,4180.956001
-5,1737,4183.145693
-4,3000,4186.581407
-4,3000,4189.899056
-5,2695,4192.924037
-4,2798,4196.251241
-3,2842,4199.476679
-4,3000,4202.807142
-5,1293,4204.318235
-2,3000,4207.99287
-3,3000,4211.376737
-4,1674,4213.271651
-4,1606,4215.010718
-4,3000,4218.680901
-4,1926,4220.855546
-4,3000,4224.336881
-5,1892,4226.517823
-5,2121,4229.24782
-4,2625,4232.165994
-1,3000,4235.608628
-5,2908,4238.716617
-4,3000,4242.319092
-2,3000,4245.726774
-1,3000,4249.096773
-5,1983,4251.286472
-5,2635,4254.418495
-5,947,4255.456315
-4,2621,4258.40183
-5,2193,4260.946976
-4,3000,4264.612166
-4,2035,4266.844541
-5,2676,4269.867124
-4,3000,4273.13435
-4,3000,4276.743484
-3,3000,4280.125484
-3,2966,4283.37789
-3,3000,4286.765317
-5,2530,4290.032764
-1,3000,4293.469177
-4,1743,4295.391679
-4,2138,4297.73917
-5,1722,4299.877611
-2,3000,4303.22227
-1,3000,4306.620703
-3,3000,4310.047824
-3,3000,4313.76201
-5,2821,4316.943104
-5,2576,4319.757461
-2,3000,4322.932259
-1,3000,4326.671598
-3,3000,4330.210925
-2,3000,4333.524288
-5,2875,4336.738206
-5,2041,4339.253466
-4,2069,4341.575469
-5,2867,4344.82155
-3,3000,4348.110741
-5,2780,4351.45854
-5,1888,4353.546102
-5,1411,4355.117169
-5,2543,4357.827921
-1,3000,4361.460903
-2,3000,4364.733871
-1,3000,4367.983423
0,3000,4371.269005
-2,3000,4375.072549
0,3000,4378.451952
0,3000,4381.910142
-5,2342,4384.514846
-4,1305,4386.097263
-3,3000,4389.524248
-5,1811,4391.536146
-3,3000,4394.782376
2,3000,4398.40205
0,3000,4401.748023
-4,3000,4405.14376
-2,3000,4408.360745
-2,3000,4412.00536
-5,1162,4413.354933
-5,1415,4414.92481
0,3000,4418.246319
-3,3000,4421.814024
-1,3000,4425.197425
0,3000,4428.621615
-2,3000,4431.713608
-4,2946,4435.28705
2,3000,4438.467113
-2,3000,4441.768835
-5,2310,4444.306503
-1,3000,4447.944673
-5,2011,4450.134029
-1,3000,4453.51942
-5,2689,4456.375165
-5,2842,4459.858166
-3,3000,4463.188156
-5,1514,4464.911173
-1,3000,4468.214533
-2,3000,4471.824427
-4,2548,4474.630969
-5,2355,4477.285253
-5,2498,4480.054796
-3,3000,4483.629396
-5,2537,4486.519932
-2,2326,4489.181317
-1,3000,4492.559665
-4,2459,4495.603943
-3,3000,4498.864822
-1,3000,4502.132121
-1,3000,4505.285787
-2,3000,4508.978939
-1,3000,4512.303009
-1,3000,4515.597141
-2,3000,4518.886143
-2,3000,4522.564096
-4,2278,4525.16775
-5,2211,4527.640612
-5,1370,4529.204269
-3,3000,4532.782311
-4,3000,4536.150955
-3,3000,4539.492313
-5,1215,4540.901311
-4,2676,4544.177827
-5,2920,4547.443831
-4,3000,4550.842231
-5,2793,4553.8419
-1,3000,4557.556127
-5,2702,4560.679593
2,3000,4563.961149
-2,3000,4567.170904
-1,3000,4570.82976
-4,3000,4574.148746
-4,2406,4576.868464
-5,2405,4579.446341
-5,2192,4582.084387
-1,3000,4585.341356
-3,3000,4588.578184
-2,3000,4591.85808
-3,3000,4595.594033
-1,3000,4598.95523
0,3000,4602.195365
-3,3000,4605.535128
-2,3000,4609.247311
-1,3000,4612.746702
0,3000,4615.996442
-5,1757,4617.866617
-3,3000,4621.574054
-2,3000,4625.028216
-3,3000,4628.410077
1,3000,4631.511235
-3,3000,4635.203867
-5,2242,4637.698489
-5,1519,4639.416187
-1,3000,4642.781322
-1,3000,4646.581439
-2,3000,4649.775319
-1,3000,4653.080538
-5,1828,4654.991786
-5,2869,4658.510536
-4,3000,4661.908459
-3,1951,4664.042603
-4,3000,4667.380216
0,3000,4671.026978
-1,3000,4674.433537
-3,3000,4677.80137
0,3000,4681.360364
1,3000,4684.995165
-1,3000,4688.384751
-3,2137,4690.791286
-1,3000,4694.133852
-1,3000,4697.912017
-4,3000,4701.268365
1,3000,4704.667444
-4,3000,4707.890434
-3,3000,4711.508816
-3,3000,4714.880744
-5,1774,4716.843743
-2,3000,4720.17849
-4,2127,4722.930149
-3,3000,4726.386215
-3,2543,4729.343424
-5,2784,4732.398434
-2,3000,4736.013797
-3,3000,4739.483842
-2,3000,4742.887294
-1,3000,4746.125958
-3,3000,4749.860552
-4,2194,4752.263382
-1,3000,4755.603753
-1,3000,4758.775831
-2,3000,4762.577749
-1,3000,4766.020783
-3,3000,4769.375067
-4,3000,4772.700915
-4,1669,4774.849258
-5,1993,4777.209637
-3,3000,4780.663043
-3,3000,4783.945662
-5,1992,4786.526942
-2,3000,4789.965683
-3,3000,4793.354005
-4,2126,4795.57166
-5,750,4796.494649
-5,1967,4798.960934
-5,2427,4801.738498
-5,2136,4804.218012
-5,2503,4807.407448
-4,2254,4809.996386
-3,3000,4813.413879
-2,3000,4816.853266
0,3000,4820.530199
-3,3000,4823.925243
-3,3000,4827.361931
-2,3000,4830.530285
-5,1632,4832.65688
-5,1135,4833.849527
-5,1817,4835.843611
-1,3000,4839.252292
-3,3000,4842.968397
-1,3000,4846.475868
-3,3000,4849.869712
-3,3000,4853.122348
-5,1053,4854.317934
-1,3000,4857.952972
-2,3000,4861.345137
-3,3000,4864.706392
-5,2384,4867.593277
-2,3000,4870.987162
-2,3000,4874.409195
-4,2281,4876.929411
1,3000,4880.633642
-3,3000,4883.990652
-4,3000,4887.361164
-1,3000,4890.594187
0,3000,4894.252843
0,3000,4897.654652
1,3000,4900.997419
-2,3000,4904.22499
-4,3000,4907.887975
-3,3000,4911.249192
-5,1398,4912.813177
0,3000,4916.103038
0,3000,4919.684348
-2,3000,4922.952161
-2,3000,4926.352761
1,3000,4929.584282
-5,1954,4932.128159
-5,1259,4933.543561
-1,3000,4936.906556
-3,3000,4940.223436
-4,3000,4943.979274
-3,3000,4947.453478
-5,2788,4950.522022
-5,2937,4953.838963
-3,3000,4957.519024
0,3000,4960.842535
0,3000,4964.256575
-2,3000,4968.000319
0,3000,4971.855569
-4,2847,4975.06345
-5,2687,4978.098183
-4,2325,4980.697824
-1,3000,4984.254951
-4,3000,4987.511872
-4,3000,4990.866133
-5,1682,4992.789112
-3,1911,4995.062981
-5,1024,4996.206159
-4,979,4997.257879
-4,1593,4998.996216
-5,924,5000.041212
-5,971,5001.417935
-3,3000,5004.795215
0,3000,5008.027634
-1,3000,5011.533829
1,3000,5014.796669
0,3000,5018.130753
-5,2639,5020.990117
-1,3000,5024.713925
-2,3000,5028.060708
-1,3000,5031.40799
-1,3000,5034.647248
-3,3000,5038.387714
-5,1369,5039.971501
-3,2739,5043.08743
-5,1903,5045.291118
-1,3000,5048.914589
0,3000,5052.107306
-5,1757,5053.988385
-1,3000,5057.26658
0,3000,5061.002277
0,3000,5064.462397
0,3000,5067.816694
-1,3000,5071.170783
-1,3000,5074.867688
2,3000,5078.285762
-1,3000,5081.680026
-2,3000,5085.107579
-3,3000,5088.687038
0,3000,5092.043345
0,3000,5095.411495
-5,2180,5097.694637
-4,3000,5101.295115
-5,2823,5104.549802
-3,3000,5107.954795
-2,3000,5111.216316
-3,3000,5114.92283
-5,2181,5117.427017
-5,1465,5118.985514
-2,3000,5122.164964
-5,2816,5125.704204
0,3000,5129.092052
-3,3000,5132.429143
-3,3000,5135.791282
-2,3000,5139.539624
-1,3000,5142.938258
-3,3000,5146.344846
-3,3000,5149.493855
-2,3000,5153.036056
0,3000,5156.40265
0,3000,5159.694868
-4,2563,5162.4266
-2,3000,5166.079455
-4,3000,5169.469813
-1,3000,5172.779471
-5,2097,5174.972976
-4,2994,5178.582385
-2,3000,5181.983882
-2,3000,5185.358503
-4,2682,5188.371305
-1,3000,5192.138546
-3,3000,5195.40733
-2,3000,5198.709331
-1,3000,5201.94833
-2,3000,5205.522087
0,3000,5208.822504
-1,3000,5212.19246
-2,3000,5215.382622
-5,1063,5216.866838
-5,2684,5219.996996
-2,3000,5223.375519
1,3000,5226.801954
-3,3000,5230.64415
-3,3000,5233.85228
-2,3000,5237.232962
0,3000,5240.354225
-3,3000,5243.905459
-1,3000,5247.211146
-2,3000,5250.535493
0,3000,5253.744672
0,3000,5257.371136
-3,3000,5260.740151
1,3000,5264.10717
0,3000,5267.398767
-1,3000,5271.049207
-2,3000,5274.489185
-5,2022,5276.827948
0,3000,5280.119277
-4,2783,5283.462538
0,3000,5286.93172
-3,3000,5290.359884
-4,1655,5292.187077
-3,3000,5295.803452
-4,2416,5298.457975
-2,3000,5301.739931
-3,3000,5304.952144
-4,3000,5308.60439
-1,3000,5311.899788
0,3000,5315.113931
-1,3000,5318.417932
-2,3000,5322.088274
-2,3000,5325.424153
0,3000,5328.779368
-3,3000,5331.991498
0,3000,5335.604314
-1,3000,5338.963998
0,3000,5342.274245
0,3000,5345.558263
-3,3000,5349.202405
-4,3000,5352.555225
-4,3000,5355.899689
-4,2569,5358.566912
-5,1712,5360.808908
-4,3000,5364.179757
-1,3000,5367.483174
-2,3000,5370.849917
-4,3000,5374.55692
-5,2699,5377.608782
-3,2004,5379.83078
-1,3000,5383.069002
-2,3000,5386.654921
-5,2690,5389.743925
-3,2381,5392.326149
-3,3000,5395.665907
-5,1779,5397.896514
-2,3000,5401.306046
-1,3000,5404.630718
-4,3000,5407.946787
0,3000,5411.744791
0,3000,5415.094147
0,3000,5418.416442
-1,3000,5421.734088
0,3000,5425.453271
-4,2919,5428.779759
0,3000,5432.054533
-3,3000,5435.326416
-3,2637,5438.628435
-1,3000,5441.998355
-4,3000,5445.449768
0,3000,5448.633626
-1,3000,5452.155328
-3,3000,5455.372
-4,3000,5458.754708
-5,1936,5460.868886
-5,2336,5463.687406
-4,3000,5466.985523
-5,701,5467.810683
-3,2299,5470.294683
0,3000,5473.916982
-5,2207,5476.437609
-4,1932,5478.6094
-3,3000,5482.015034
-1,3000,5485.600925
-3,3000,5489.049407
-3,1552,5490.750967
0,3000,5494.170884
0,3000,5497.776281
-5,2547,5500.568473
-3,2721,5503.54747
-5,2623,5506.250691
-1,3000,5509.899604
-3,3000,5513.243195
0,3000,5516.583786
-3,3000,5519.826393
-2,3000,5523.566158
-2,3000,5526.858831
2,3000,5530.155491
-4,1960,5532.247488
-2,3000,5535.884942
-4,1745,5537.858164
-5,1333,5539.38627
-5,1782,5541.443331
-5,808,5542.386012
-3,2913,5545.954432
-2,3000,5549.289279
-5,1431,5550.794326
-3,3000,5554.440357
-4,3000,5557.901818
-4,3000,5561.23832
-3,3000,5564.400322
-3,3000,5567.977547
-3,3000,5571.287971
-2,3000,5574.627594
0,3000,5577.859743
-4,3000,5581.632941
-2,3000,5584.984233
-1,3000,5588.331689
-3,1651,5590.028707
-4,3000,5593.878988
-5,2646,5596.870071
-1,3000,5600.186019
-3,3000,5603.480344
-1,3000,5607.231317
-2,3000,5610.585527
-3,3000,5614.019729
-3,3000,5617.169723
-5,1377,5618.802722
-5,2004,5621.189724
-5,1487,5622.74594
-4,3000,5626.067955
-5,1627,5628.315465
-5,1562,5630.036659
-2,3000,5633.421863
-3,3000,5636.681107
-5,2368,5639.67375
-4,1538,5641.392311
-5,1030,5642.499155
-5,1690,5644.413115
-4,2261,5647.284741
2,3000,5650.656245
-3,3000,5653.988953
0,3000,5657.238577
-2,3000,5660.839768
-2,3000,5664.09298
-4,2698,5667.077493
-1,3000,5670.286678
-5,896,5671.281857
-4,1543,5673.314874
-5,1341,5674.723278
-5,1959,5676.834232
-1,3000,5680.410709
-2,3000,5683.623383
-3,3000,5686.894481
-1,3000,5690.063603
-4,2484,5693.284813
-5,2867,5696.492272
-3,3000,5699.797565
-4,3000,5703.097525
-3,3000,5706.660689
-3,3000,5710.059573
-2,3000,5713.461841
-3,2040,5715.614815
-5,2044,5718.184583
-2,3000,5721.448587
-5,2893,5724.700776
-4,1713,5726.553587
-2,3000,5730.139649
-4,2086,5732.480294
-4,3000,5735.701226
-3,3000,5738.928933
-3,3000,5742.548088
-1,3000,5745.890419
-1,3000,5749.355481
1,3000,5752.636306
-2,3000,5756.291462
-1,3000,5759.790457
-2,3000,5763.160809
-4,3000,5766.402163
-5,2269,5769.277871
-3,2941,5772.632768
-3,3000,5776.022939
-4,3000,5779.238937
-4,2642,5782.464936
-4,2622,5785.401491
-4,1819,5787.405492
-5,2056,5789.631491
-5,1998,5792.187645
-5,656,5792.927716
-5,887,5793.894346
-4,1088,5795.110344
-5,796,5796.026937
-2,3000,5799.628745
-2,3000,5802.905847
-2,3000,5806.165019
-5,1950,5808.63728
-4,3000,5811.944117
-4,3000,5815.245988
-3,3000,5818.545272
-4,3000,5822.234537
-3,3000,5825.650369
-1,3000,5829.064172
-3,2040,5831.28537
-2,3000,5834.858385
-3,3000,5838.075372
-4,3000,5841.439561
-5,1059,5842.544757
-5,2483,5845.624625
-3,3000,5849.01838
-1,3000,5852.305141
-3,3000,5855.486742
-5,2316,5858.408797
-5,1665,5860.283033
-4,2479,5863.060436
-5,1847,5865.1451
-4,2491,5868.118541
-2,3000,5871.420242
-2,3000,5874.817176
0,3000,5878.162057
-5,2314,5881.083768
-5,1468,5882.672458
-4,1935,5884.844867
-3,3000,5888.070045
-4,2120,5890.740979
-5,2217,5893.290639
-4,3000,5896.679688
-3,2968,5899.992357
-5,1533,5901.905259
-5,2941,5905.150078
-1,3000,5908.604952
0,3000,5911.869883
-5,1988,5914.31358
-5,1381,5915.809564
-1,3000,5919.027989
-4,3000,5922.310991
-1,3000,5925.925531
-3,2911,5929.185603
-5,1877,5931.25982
-1,3000,5934.616264
0,3000,5938.206368
-3,3000,5941.666308
-5,1572,5943.454865
-4,3000,5946.940503
-5,1097,5948.504729
-1,3000,5952.020363
-5,2061,5954.294671
-5,2806,5957.423373
-5,2702,5960.874373
-4,3000,5964.14356
-3,2831,5967.285038
-3,1800,5969.348038
-5,1503,5971.231505
-5,2218,5973.693034
-5,667,5974.419596
-5,914,5975.424813
-5,2253,5978.208982
-5,1422,5979.722038
-5,1862,5981.771228
-4,1600,5983.513435
-4,3000,5987.066127
-5,2274,5989.556826
-5,1404,5991.066154
-5,1442,5992.713611
-5,2930,5996.259659
-1,3000,5999.441174
-2,3000,6002.719766
-5,2625,6005.606783
-4,2292,6008.459781
-5,2074,6010.705944
-4,1294,6012.201965
-5,1364,6013.711961
-3,3000,6017.318052
-5,2840,6020.394164
-5,2601,6023.163286
-5,909,6024.139695
-3,1641,6026.337374
-1,3000,6029.765272
-2,3000,6033.117098
-5,1802,6035.116953
-5,938,6036.249154
-3,3000,6039.870258
-5,1574,6041.622218
-4,1925,6043.778313
-3,3000,6047.539689
-3,2258,6050.045259
-5,2287,6052.599085
-5,2663,6055.487391
-4,1527,6057.547796
-3,3000,6060.944904
-5,2943,6064.229364
-2,3000,6067.562822
-1,2099,6070.162714
-5,1710,6072.130994
-5,2497,6074.90557
-5,1406,6076.525782
-5,1743,6078.731011
-5,1847,6080.836123
-5,781,6081.668252
-5,1197,6082.944217
-5,907,6084.035414
-4,783,6085.219114
-5,541,6085.823096
-5,1258,6087.228867
-5,673,6088.032254
-5,961,6089.431138
-5,1010,6090.689337
-3,1930,6092.93848
-5,1306,6094.558009
-4,1424,6096.304544
-4,835,6097.228762
-5,1183,6098.497646
-5,1123,6099.984944
-5,640,6100.841491
-5,636,6101.519364
-5,1107,6102.717031
-4,1444,6104.603759
-5,949,6105.681646
-3,1222,6107.075467
-4,1426,6108.738696
-4,1246,6110.227193
-5,1029,6111.507182
-5,1089,6112.824533
-5,800,6113.711984
-5,1073,6114.908414
-3,829,6115.973322
-5,858,6116.969201
-5,1318,6118.458632
-5,1021,6119.702626
-5,1371,6121.420931
-5,1249,6122.817126
-4,987,6123.977156
-4,1679,6126.223736
-5,774,6127.092341
-5,972,6128.261112
-5,1586,6130.021221
-5,746,6130.908404
-5,1368,6132.731094
-5,1014,6133.794644
-5,887,6134.763292
-5,1481,6136.671131
-5,719,6137.438657
-5,2079,6139.884972
-5,1006,6141.022519
-4,846,6142.001339
-5,890,6143.278772
-5,1159,6144.611468
-5,1010,6145.817788
-5,1709,6148.048159
-5,1414,6149.667957
-5,1699,6151.549791
-5,1659,6153.402031
-5,1084,6154.644937
-5,1164,6156.168457
-3,2236,6158.691308
-4,1914,6160.867157
-5,2254,6163.648583
-5,800,6164.582384
-5,1012,6165.697602
-5,2348,6168.331512
-5,1721,6170.425433
-4,1545,6172.177061
-5,1246,6173.594561
-4,738,6174.410125
-5,1485,6176.460269
-5,1162,6177.960657
-5,1207,6179.354283
-5,1193,6180.774024
-5,1937,6183.149353
-4,2014,6185.381897
-2,1847,6187.445636
-5,1368,6189.035127
-5,2651,6192.28755
-5,2818,6195.488959
-4,1156,6196.823492
-5,1348,6198.262169
-5,990,6199.513858
-5,1098,6201.019233
-5,1057,6202.197396
-5,1205,6203.487973
-5,1073,6204.867772
-5,996,6206.066348
-5,1051,6207.25269
-5,1770,6209.33989
-5,1544,6211.223004
-4,967,6212.309577
-5,982,6213.418292
-5,1326,6214.878017
-5,1159,6216.368486
-5,1561,6218.194773
-5,1839,6220.265418
-5,853,6221.25466
-5,1149,6222.640948
-5,1489,6224.524741
-5,831,6225.507968
-5,1585,6227.26071
-5,1037,6228.60717
-5,1103,6230.007889
-5,1110,6231.288388
-5,1171,6232.617065
-5,1348,6234.260517
-5,2342,6236.941705
-5,1096,6238.179722
-5,1804,6240.233728
-4,1688,6242.416332
-5,1589,6244.256136
-5,1084,6245.491988
-5,1687,6247.344615
-5,1379,6249.129152
-5,1079,6250.308573
-4,1024,6251.465263
-5,2272,6253.930723
-5,1082,6255.249754
-4,814,6256.385332
-5,1167,6257.69058
-5,1005,6258.755915
-5,1139,6260.211627
-5,1114,6261.675421
-5,1557,6263.477511
-5,1130,6264.762211
-5,976,6265.881753
-5,1524,6267.768058
-5,1464,6269.3649
-5,2019,6271.616781
-4,953,6272.854246
-4,1435,6274.650095
-5,1014,6275.805644
-5,1117,6277.094839
-5,865,6278.068202
-5,1307,6279.76014
-5,1888,6281.926599
-4,1390,6283.571157
-4,1167,6285.099858
-4,1268,6286.594308
-5,1526,6288.356174
-4,2639,6291.309107
-4,1933,6293.845403
-4,1508,6295.567898
-4,1594,6297.433897
-5,1225,6298.76394
-5,1105,6300.157413
-4,2334,6302.982723
-5,991,6304.113969
-5,1205,6305.457599
-5,1161,6306.857017
-5,1276,6308.464574
-5,1103,6309.677472
-5,461,6310.184539
-5,1204,6311.728835
-5,1058,6313.072134
-5,2345,6315.666795
-5,760,6316.564872
-4,1134,6317.805062
-5,1000,6319.108501
-5,1332,6320.643354
-3,1994,6322.729575
-5,1592,6324.902627
-5,1577,6326.673078
-5,1187,6328.004847
-5,1767,6329.977454
-5,995,6331.256073
-2,1913,6333.586578
-5,1335,6335.06046
-5,2322,6337.736002
-5,959,6338.879001
-5,1192,6340.490591
-4,1333,6341.931916
-5,929,6342.973868
-5,1017,6344.219686
-5,1252,6345.898385
-5,1864,6348.061071
-5,1043,6349.2162
-5,1200,6350.618786
-5,1151,6352.063714
-5,486,6352.659434
-5,938,6353.684355
-4,1243,6355.120139
-5,2149,6357.733488
-5,2462,6360.479115
-5,1461,6362.103202
-5,1632,6364.365705
-4,1093,6365.569358
-3,1481,6367.148512
-5,1271,6368.597152
-5,1140,6369.91431
-5,1015,6371.211735
-4,1643,6373.098661
-5,1830,6375.027062
-5,1247,6376.701179
-5,653,6377.503326
-4,1792,6379.495371
-5,1199,6380.923391
-5,971,6382.019162
-5,879,6383.25024
-5,1242,6384.661057
-5,879,6385.614402
-5,2052,6388.134394
-5,1488,6389.825607
-2,3000,6393.264938
-5,1474,6394.909721
-5,938,6395.996264
-5,1670,6398.110862
-5,595,6398.776621
-5,1526,6400.561274
-4,982,6401.660793
-5,1060,6403.031746
-5,1215,6404.453961
-3,1558,6406.178884
-5,2661,6409.499589
-4,2090,6411.853125
-5,1604,6413.636374
-4,1320,6415.125829
-5,1309,6416.910389
-5,434,6417.395059
-5,1186,6418.624657
-5,1616,6420.361403
-5,1748,6422.596363
-5,1836,6424.648383
-5,793,6425.496102
-5,1311,6426.939606
-5,1302,6428.752216
-5,2191,6431.179183
-5,1341,6432.706267
-5,1097,6433.970329
-5,760,6434.861501
-5,2650,6437.972368
-5,1461,6439.624291
-5,1287,6441.101129
-5,914,6442.093159
-5,539,6442.989946
-5,997,6444.177911
-5,1377,6445.74501
-4,1137,6447.154197
-5,1132,6448.605717
-5,2147,6450.951374
-5,1993,6453.153023
-5,1117,6454.498597
-4,1640,6456.599659
-5,1387,6458.097409
-5,1112,6459.326309
-5,1256,6460.937297
-4,1655,6462.854112
-5,1847,6465.020936
-4,1413,6466.548892
-5,2458,6469.594913
-5,1945,6471.703023
-4,2344,6474.392334
-5,2036,6476.70495
-5,2097,6479.38705
-5,1240,6480.813517
-5,1141,6482.015341
-5,2193,6484.518802
-5,1174,6486.026107
-5,1342,6487.595248
-3,1735,6489.552629
-5,1236,6490.896523
-5,1207,6492.476813
-5,1051,6493.750865
-4,1823,6495.855967
-5,1313,6497.373006
-5,983,6498.560628
-5,1345,6500.22896
-5,1640,6502.051924
-5,556,6502.668566
-4,1340,6504.510137
-5,1469,6506.194365
-5,1074,6507.396831
-4,1895,6509.523454
-5,1286,6511.160061
-5,1416,6512.811847
-5,1188,6514.124765
-3,1431,6515.731696
-5,938,6516.826759
-5,827,6517.999466
-5,1074,6519.159382
-5,1279,6520.603892
-5,1452,6522.396715
-5,1236,6523.830787
-4,1580,6525.603981
-5,1400,6527.108608
-5,1726,6529.429448
-5,1082,6530.63204
-5,1806,6532.734989
-5,1140,6534.001786
-5,1234,6535.596191
-5,1212,6537.11072
-5,593,6537.735056
-5,1128,6538.988166
-5,1579,6541.164295
-5,947,6542.218644
-5,1129,6543.538525
-5,914,6544.583905
-4,987,6545.709739
-3,1713,6547.808425
-5,1641,6549.667224
-5,679,6550.393756
-5,1235,6551.892915
-5,1150,6553.38582
-5,1703,6555.200435
-5,1228,6556.611308
-5,1114,6557.915063
-5,664,6558.790351
-5,1149,6560.168912
-5,1488,6561.778347
-5,1134,6563.079684
-5,1067,6564.465479
-5,1283,6565.943507
-5,1604,6567.65279
-4,1786,6570.013919
-5,736,6570.838609
-5,2022,6573.179955
-5,1054,6574.358864
-5,1256,6576.149488
-5,1223,6577.545029
-5,882,6578.556261
-5,1214,6579.986356
-5,974,6581.178611
-4,1431,6582.917572
-5,1018,6584.101564
-5,771,6584.96343
-5,957,6586.004613
-4,1510,6587.859192
-4,1300,6589.38069
-5,825,6590.269807
-3,2020,6592.911452
-2,1322,6594.383196
-4,1268,6595.802804
-5,944,6596.889772
-5,1121,6598.225552
-5,1140,6599.708809
-5,1236,6601.094953
-5,1265,6602.506093
-5,1166,6603.952845
-5,658,6604.868758
-5,1117,6606.081218
-5,1318,6607.529162
-5,1160,6609.171487
-5,1322,6610.667224
-4,653,6611.450736
-5,763,6612.344741
-5,1131,6613.687291
-4,1318,6615.283199
-5,828,6616.187845
-5,1429,6617.833642
-5,1209,6619.239606
-5,590,6620.062908
-5,1043,6621.242483
-5,917,6622.274168
-5,1183,6623.700869
-5,756,6624.735414
-5,1320,6626.193044
-4,1339,6627.702128
-5,1334,6629.538134
-5,899,6630.49734
-5,1397,6632.071053
-5,1018,6633.218462
-4,1815,6635.402938
-5,1426,6637.084034
-3,783,6637.896791
-5,1707,6639.874066
-4,1705,6642.029874
-5,1567,6643.774078
-5,634,6644.515212
-4,697,6645.329582
-5,857,6646.26176
-5,1346,6648.086937
-5,559,6648.750908
-5,1752,6650.629243
-4,1603,6652.663495
-5,1037,6653.79501
-5,506,6654.365907
-5,1327,6655.92481
-5,1033,6657.168781
-5,1102,6658.544237
-5,937,6659.620502
-3,1097,6660.904696
-5,879,6661.869827
-5,2152,6664.673235
-5,912,6665.662775
-5,1175,6666.909126
-5,789,6667.835655
-4,1329,6669.516167
-4,2111,6671.888702
-5,526,6672.521396
-5,1518,6674.415588
-5,1441,6676.072274
-5,830,6677.043779
-5,957,6678.072817
-5,1194,6679.463239
-5,1150,6680.940844
-5,872,6681.893736
-5,806,6682.743602
-4,797,6683.629819
-5,1609,6685.629781
-5,1469,6687.245726
-5,942,6688.339297
-5,860,6689.36491
-5,972,6690.689089
-5,1145,6692.021451
-5,658,6692.818312
-5,1260,6694.407171
-5,878,6695.430532
-5,1108,6696.668884
-5,1278,6698.03228
-4,1932,6700.43291
-3,1509,6702.109634
-5,755,6702.908822
-5,1084,6704.164716
-5,2715,6707.509792
