#{"t_start": 1654785358.913642, "env_id": "SlimeVolley-v0"}
r,l,t
-5,421,0.438662
-5,584,0.843704
-5,695,1.650015
-5,707,3.749397
-5,602,4.120515
-5,653,4.518269
-5,470,6.424976
-4,662,6.973565
-5,700,7.411897
-5,597,7.777471
-5,458,9.407896
-4,604,9.779341
-4,547,10.121629
-5,671,12.005176
-5,550,12.35177
-4,656,12.754001
-5,459,13.033496
-5,525,14.846142
-4,573,15.20488
-5,493,15.514199
-4,768,17.493518
-5,681,17.949859
-5,717,18.391269
-5,513,18.704329
-5,643,20.582547
-5,601,20.951048
-5,491,21.251316
-5,681,23.173362
-5,482,23.462055
-5,666,23.874428
-5,543,24.21397
-5,529,25.961036
-5,740,26.409782
-5,510,26.722426
-5,682,28.714146
-4,1041,29.348027
-5,503,29.658416
-5,543,31.464886
-5,542,31.844174
-5,645,32.255946
-5,450,34.013081
-5,685,34.490156
-5,433,34.797274
-5,582,35.155396
-5,599,37.014522
-5,514,37.327591
-5,390,37.566053
-5,522,37.890561
-5,794,39.882563
-5,522,40.205899
-5,718,40.64439
-5,609,42.45511
-5,523,42.780424
-5,761,43.24727
-4,660,45.146495
-5,460,45.441759
-5,686,45.863933
-5,565,46.210095
-5,529,48.156097
-5,651,48.690785
-5,560,49.044304
-5,514,50.810296
-5,666,51.26857
-5,519,51.593283
-5,856,53.49163
-5,710,54.021736
-4,752,54.483532
-4,711,56.401606
-5,410,56.67466
-5,629,57.060026
-5,395,57.301328
-5,682,59.163268
-5,524,59.499433
-4,627,59.889235
-5,687,60.303951
-5,630,62.128774
-5,471,62.418144
-5,470,62.706731
-5,459,62.98444
-5,585,64.853384
-5,489,65.146218
-5,499,65.454587
-5,489,65.755132
-5,597,67.62057
-5,460,67.910704
-5,509,68.223391
-5,502,69.993849
-5,853,70.549474
-5,688,70.967873
-5,500,71.2742
-5,518,73.11201
-5,434,73.379514
-5,573,73.734816
-5,491,74.033672
-3,632,75.963991
-5,458,76.250495
-5,385,76.482767
-5,675,78.25669
-5,416,78.577667
-5,660,78.98915
-5,387,79.227695
-5,492,79.527438
-5,461,81.317384
-5,697,81.743797
-5,631,82.13145
-5,741,84.09717
-5,510,84.412016
-5,566,84.758982
-5,579,86.657363
-5,407,86.929031
-5,448,87.196871
-5,449,87.466857
-3,651,87.867738
-5,688,89.7825
-5,482,90.078621
-4,702,90.507718
-5,453,92.229912
-5,729,92.68945
-5,657,93.096828
-5,510,94.878093
-5,517,95.206392
-5,563,95.551685
-5,531,95.883587
-4,872,97.924292
-4,646,98.321519
-5,836,98.833482
-5,674,100.763726
-5,857,101.279794
-5,836,103.375434
-5,672,103.797665
-5,551,104.127486
-4,618,105.969095
-5,512,106.315869
-5,557,106.660315
-4,584,107.016974
-5,559,108.843909
-5,647,109.245463
-5,731,109.698188
-4,890,111.813816
-4,608,112.184642
-5,496,112.491273
-4,515,114.263284
-5,540,114.644666
-4,675,115.064067
-4,864,117.06514
-5,695,117.682917
-5,675,118.200291
-5,459,118.482688
-5,657,120.300906
-4,639,120.687202
-5,467,120.97252
-5,582,123.042794
-5,570,123.405116
-5,578,123.756839
-5,597,124.120353
-5,489,125.894348
-5,480,126.18452
-5,618,126.567966
-5,602,126.938414
-5,522,128.629224
-5,495,128.934589
-5,773,129.412932
-5,628,131.257035
-5,561,131.598386
-5,465,131.884656
-5,634,132.273767
-5,757,134.14222
-5,593,134.5051
-5,823,136.403537
-5,752,136.88345
-4,776,137.359063
-4,652,139.180361
-5,660,139.60499
-5,563,139.972633
-5,575,140.323335
-4,840,142.364741
-5,521,142.683715
-5,792,144.56418
-3,738,145.039113
-5,596,145.407952
-4,980,147.464776
-5,543,147.800772
-5,536,148.125144
-5,526,148.445335
-5,716,150.287352
-5,649,150.687503
-4,897,152.624043
-5,672,153.070379
-5,536,153.395375
-5,1071,155.510005
-5,705,155.951447
-5,522,156.272354
-4,682,158.090802
-5,572,158.45033
-5,659,158.861946
-5,518,159.179512
-5,460,160.881449
-5,803,161.375408
-3,1084,163.54581
-5,449,163.838327
-5,609,164.213045
-5,588,164.57167
-5,607,166.411949
-5,635,166.804377
-5,518,167.122626
-5,518,168.912272
-5,470,169.240291
-5,612,169.613986
-5,520,169.939823
-5,694,171.940157
-5,754,172.399739
-5,625,172.780698
-5,545,174.60052
-5,649,175.013077
-5,725,175.455036
-4,705,177.311543
-5,745,177.793783
-5,566,178.143575
-5,719,180.153563
-5,553,180.495051
-5,607,180.861901
-4,774,182.764499
-5,552,183.134609
-5,506,183.46108
-5,626,183.849349
-5,793,185.799401
-5,466,186.084772
-5,631,186.47364
-5,798,188.475639
-5,530,188.801461
-5,610,189.176584
-5,461,189.456885
-5,523,191.330735
-5,513,191.644319
-5,440,191.918014
-4,839,193.912547
-5,488,194.230663
-5,429,194.496346
-5,641,194.891336
-5,525,196.743495
-5,544,197.083677
-5,517,197.403996
-5,471,197.696277
-5,592,199.617193
-5,508,199.94446
-5,535,200.273616
-5,791,202.175946
-5,688,202.616896
-5,773,203.095404
-5,572,204.878236
-5,536,205.245367
-5,719,205.690402
-5,639,206.083538
-5,491,207.918288
-4,632,208.309945
-5,458,208.591982
-5,571,208.938287
-5,517,210.834789
-5,618,211.215751
-5,672,211.626358
-5,595,213.507878
-5,387,213.744831
-5,1042,214.383552
-5,429,216.115508
-5,725,216.579703
-5,561,216.924774
-4,549,217.261086
-4,790,219.183504
-5,581,219.543381
-5,374,219.775669
-5,579,221.643501
-5,535,221.980422
-5,588,222.345304
-5,465,222.633885
-5,712,224.584774
-5,448,224.857912
-5,614,225.231587
-5,582,227.088957
-5,518,227.440746
-5,763,227.909934
-4,958,230.094558
-5,479,230.393393
-5,654,230.801513
-3,686,232.645982
-5,549,233.01692
-5,789,233.507018
-5,525,233.835575
-5,626,235.73707
-5,485,236.03213
-5,819,236.533609
-5,774,238.507142
-5,447,238.779528
-4,868,239.306033
-5,511,241.1056
-5,605,241.482574
-5,379,241.716081
-5,627,242.126506
-5,674,244.017943
-5,587,244.377543
-5,541,244.70901
-5,441,246.263525
-5,443,246.650143
-5,541,246.984825
-5,934,247.563209
-4,711,249.409909
-5,633,249.795796
-4,520,250.11445
-4,615,252.030721
-5,502,252.333624
-5,563,252.684392
-5,567,253.026038
-5,473,254.798115
-4,663,255.208171
-5,525,255.528477
-5,498,257.215019
-3,1352,258.098362
-4,613,258.472457
-5,699,260.355006
-4,798,260.842191
-4,737,262.77821
-5,530,263.123468
-5,512,263.434289
-5,779,263.912023
-5,531,265.695389
-5,946,266.27918
-5,704,268.17927
-5,564,268.582626
-5,601,268.953998
-5,546,269.289378
-4,695,271.163711
-4,632,271.551374
-4,729,271.994183
-5,395,273.988977
-4,775,274.547063
-5,533,274.90834
-5,721,277.122292
-5,459,277.465354
-5,877,278.085039
-5,578,278.472396
-5,703,280.547353
-5,695,280.973589
-5,424,281.232554
-5,453,282.976845
-5,621,283.378856
-5,566,283.725586
-5,688,284.151716
-3,1055,286.350368
-5,808,286.850195
-5,686,288.605063
-5,621,288.983243
-5,689,289.408107
-5,523,291.345847
-5,526,291.672065
-5,484,291.96313
-5,619,292.338761
-5,573,294.226528
-5,463,294.507914
-5,570,294.856998
-5,648,296.714589
-5,535,297.05788
-5,572,297.409018
-5,472,297.695285
-5,1001,299.732651
-5,582,300.089386
-5,830,300.598345
-5,539,302.454957
-5,764,302.920638
-5,751,303.377585
-5,617,305.21246
-4,625,305.595357
-5,527,305.918286
-5,544,307.732155
-5,409,307.988811
-5,904,308.547178
-5,526,310.317522
-5,640,310.74342
-5,621,311.124629
-5,486,311.421434
-4,583,313.258923
-3,924,313.829727
-5,642,314.223567
-5,520,315.976072
-5,475,316.268127
-5,547,316.601568
-5,493,316.90903
-5,584,318.722453
-5,699,319.145594
-5,763,319.608944
-5,561,321.415033
-5,576,321.765872
-5,688,322.191393
-5,763,324.08834
-5,490,324.381729
-5,539,324.714023
-4,583,325.072069
-5,532,326.834785
-5,644,327.229759
-5,548,327.564935
-5,908,329.558312
-5,610,329.927147
-5,552,330.260111
-5,584,332.171345
-5,966,332.771736
-5,747,333.226506
-5,661,335.156101
-4,619,335.531739
-4,707,335.971625
-4,918,337.953781
-5,634,338.34337
-5,606,338.710923
-5,608,340.516756
-5,432,340.783181
-5,740,341.232507
-5,591,343.152641
-5,740,343.617247
-5,684,344.049291
-4,675,346.001125
-5,579,346.355417
-5,577,346.707833
-5,561,347.046442
-5,537,348.898382
-5,577,349.248424
-5,507,349.56009
-5,462,349.839261
-4,926,351.989352
-5,894,352.529777
-5,456,354.268322
-5,555,354.61538
-5,776,355.089339
-5,818,357.066788
-4,675,357.479388
-5,625,357.865043
-5,522,359.64293
-5,782,360.142869
-5,632,360.52801
-5,726,362.572881
-5,662,362.989816
-5,543,363.322418
-4,757,365.254626
-5,633,365.666611
-5,625,366.050164
-5,793,367.960602
-5,635,368.367807
-5,525,368.700253
-4,750,369.158832
-5,576,371.056574
-5,533,371.383629
-5,723,371.824563
-5,784,373.805907
-5,678,374.22449
-5,507,374.531619
-5,581,376.346218
-5,796,376.833507
-5,607,377.205101
-4,737,379.17567
-5,559,379.517131
-5,601,379.888425
-4,640,381.590067
-5,654,382.083496
-5,673,382.49721
-5,658,384.32394
-5,780,384.829829
-5,842,385.341364
-4,639,387.091462
-5,544,387.425524
-5,415,387.680825
-5,916,389.616679
-5,729,390.132794
-5,683,390.551473
-5,456,390.831792
-4,632,392.694962
-5,652,393.090326
-5,538,393.423033
-5,542,395.232188
-5,493,395.543325
-5,526,395.870533
-5,904,397.992621
-5,551,398.364998
-5,614,398.738405
-5,669,399.146547
-4,891,401.209019
-5,642,401.59638
-5,798,403.517251
-5,609,403.918234
-5,708,404.347165
-5,573,404.704967
-5,992,406.798112
-5,497,407.095865
-5,1038,409.168065
-5,833,409.678154
-5,433,409.942362
-5,449,411.682357
-5,686,412.123604
-5,775,412.59724
-5,844,414.580784
-5,693,415.008425
-4,982,417.073397
-5,644,417.511978
-5,573,417.863027
-5,578,418.218184
-5,990,420.259055
-5,609,420.631711
-5,465,420.917168
-5,542,422.713045
-5,1032,423.342426
-5,1031,425.489362
-5,1007,426.107075
-5,648,426.503912
-5,754,428.455407
-5,613,428.827411
-4,693,429.251506
-4,847,431.298321
-5,686,431.716949
-5,496,432.021474
-4,940,434.061931
-5,601,434.431634
-5,577,436.347514
-5,999,436.982696
-5,387,437.221777
-5,758,439.176861
-5,731,439.658559
-4,707,440.092633
-5,511,441.831763
-5,782,442.356919
-5,631,442.745234
-5,626,443.128631
-5,445,444.901621
-4,685,445.325627
-5,493,445.628914
-5,827,447.560822
-5,665,447.971741
-5,569,448.322628
-5,513,450.042536
-5,514,450.37373
-5,590,450.739913
-5,658,451.145391
-5,645,453.115854
-5,643,453.506022
-5,861,454.030121
-4,816,456.170658
-5,572,456.526625
-5,722,456.965321
-4,953,459.029649
-5,606,459.401747
-5,604,461.215556
-5,771,461.716929
-5,515,462.031796
-5,715,463.984297
-5,696,464.448488
-5,707,464.883666
-4,648,466.747991
-5,795,467.264842
-5,603,467.632582
-5,556,467.97357
-5,605,469.874565
-5,750,470.33088
-5,1183,472.5459
-5,935,473.112021
-5,560,473.45684
-5,681,475.293813
-5,537,475.621531
-5,850,476.142557
-5,870,478.131802
-5,964,478.715941
-4,832,480.663465
-5,861,481.200475
-5,717,483.111653
-4,865,483.67534
-5,541,484.007013
-5,657,485.834967
-5,733,486.321457
-5,985,486.930499
-5,589,488.781654
-5,866,489.312028
-5,565,489.661421
-5,816,491.687492
-5,822,492.180716
-5,648,492.578836
-5,702,494.460624
-5,646,494.858076
-5,657,495.258006
-4,689,497.199029
-5,599,497.562999
-5,1126,499.818305
-5,653,500.216785
-5,860,500.740988
-5,633,502.589423
-5,1310,503.393429
-4,959,505.489254
-5,638,505.876541
-5,852,507.876291
-5,532,508.245476
-5,712,508.682667
-5,771,510.59196
-5,688,511.051982
-5,626,511.442389
-5,511,511.751724
-5,510,513.541306
-5,568,513.893389
-5,462,514.180593
-5,691,514.601535
-5,729,516.630674
-4,931,517.211047
-5,609,519.132241
-5,865,519.678615
-4,730,520.122576
-5,668,521.977773
-5,719,522.415091
-5,859,522.931449
-5,666,524.835038
-5,902,525.380943
-5,545,525.707291
-5,613,527.491405
-5,682,527.908037
-5,707,528.327772
-5,630,530.184374
-5,577,530.535149
-4,921,532.600777
-5,637,533.064186
-5,578,533.411942
-5,703,533.833129
-5,812,535.851637
-5,547,536.182705
-5,424,536.440615
-5,682,538.35799
-4,600,538.722723
-5,450,538.994454
-5,653,539.389548
-5,608,541.267166
-5,791,541.73938
-5,725,543.635351
-5,862,544.19594
-5,821,544.685105
-5,653,546.547504
-5,763,547.010341
-5,543,547.333985
-4,1276,549.577849
-5,433,549.844548
-5,863,551.865204
-5,657,552.295673
-5,388,552.52884
-4,991,554.544528
-5,560,554.921954
-5,474,555.201532
-5,654,555.593439
-5,758,557.59446
-5,551,557.927882
-5,559,558.267876
-5,948,560.347544
-5,612,560.71853
-4,1006,562.721114
-5,967,563.342887
-5,806,563.835044
-5,502,565.718166
-5,910,566.266391
-5,548,566.597494
-5,591,568.457298
-5,609,568.821866
-5,571,569.164331
-5,891,571.11726
-5,501,571.431623
-5,948,572.001683
-5,715,573.930859
-5,702,574.358138
-5,655,574.750491
-5,508,576.531592
-4,605,576.90066
-5,661,577.298305
-4,658,579.340679
-5,839,579.925121
-5,562,580.300664
-5,755,582.324827
-5,594,582.691537
-5,937,583.260424
-5,593,585.084431
-5,650,585.472116
-5,712,585.901121
-5,748,587.848523
-5,571,588.19444
-4,763,588.655362
-5,581,590.931994
-5,939,591.831163
-5,514,592.441835
-4,968,595.358656
-5,1193,596.290847
-5,536,598.359881
-5,852,598.879007
-5,792,599.358199
-4,683,601.279136
-5,828,601.776112
-5,745,603.695026
-4,814,604.197513
-5,585,604.546304
-5,673,606.457197
-5,782,606.955698
-5,912,607.500139
-5,615,609.451546
-4,669,609.857227
-5,742,610.301928
-5,600,612.174872
-5,693,612.595507
-5,896,613.137132
-5,746,615.082911
-5,651,615.477776
-5,754,617.430389
-5,760,617.940202
-4,738,618.383576
-5,806,620.356588
-5,988,620.957705
-5,726,621.390669
-5,778,623.324579
-4,723,623.76708
-5,662,625.740722
-5,637,626.161123
-5,624,626.53755
-5,749,628.494591
-5,809,629.01238
-4,1052,629.650346
-5,894,631.763085
-5,744,632.215204
-5,649,634.10924
-5,664,634.560243
-5,865,635.126317
-5,523,636.855545
-5,623,637.282756
-5,1108,637.957329
-5,482,639.799658
-5,734,640.243478
-5,1037,640.870887
-5,756,642.877968
-5,674,643.288801
-5,714,645.163311
-5,607,645.551621
-5,532,645.883409
-5,618,646.258115
-5,748,648.264221
-5,597,648.624006
-4,946,649.194448
-4,629,651.051512
-5,581,651.448035
-5,792,651.928793
-5,644,653.93476
-5,685,654.34776
-5,436,654.612319
-5,1030,656.727982
-3,1032,657.351798
-5,656,659.293331
-5,1068,659.944629
-5,736,661.917672
-5,716,662.377107
-5,792,662.863223
-5,1043,664.964251
-3,905,665.511286
-5,991,667.700534
-5,794,668.182088
-5,617,668.555214
-5,1199,670.766418
-5,804,671.251336
-4,601,673.068135
-5,663,673.472844
-5,539,673.795382
-4,1065,675.930718
-5,1134,676.618166
-5,1133,678.771758
-5,717,679.204696
-5,620,681.048635
-5,1059,681.723727
-5,1172,683.938883
-5,586,684.294483
-4,1031,684.911488
-5,1027,687.007129
-5,781,687.475004
-4,767,689.454725
-5,1687,692.012439
-5,678,692.458826
-5,991,693.055221
-5,563,694.945701
-5,793,695.445351
-5,868,695.971004
-5,949,698.049564
-5,1004,698.660232
-5,838,700.650301
-5,970,701.24039
-5,704,703.128929
-5,852,703.658631
-4,1140,705.746624
-5,709,706.200732
-5,976,706.798641
-5,717,708.754194
-5,1175,709.462715
-5,1281,711.69931
-5,888,712.244558
-5,781,714.211438
-4,1199,714.939213
-5,1208,717.24155
-5,993,717.842404
-5,1043,719.982917
-5,701,720.401632
-5,852,722.358175
-5,1058,723.006334
-5,855,725.082542
-5,1288,725.879989
-5,951,727.915085
-5,1361,728.739597
-5,854,730.755345
-5,1158,731.451671
-4,1427,733.845433
-5,979,735.871897
-5,1122,736.572898
-5,1455,738.928945
-4,1564,741.343074
-5,1079,742.022649
-5,1912,744.614121
-5,1232,746.901648
-5,1022,747.528764
-5,687,747.948452
-5,1186,750.194813
-5,1530,752.595129
-5,1180,753.301921
-5,545,755.132971
-5,934,755.714198
-5,559,756.048322
-5,868,758.130981
-4,964,758.713207
-4,861,760.723838
-5,844,761.238672
-5,1536,763.694752
-5,1132,764.374819
-5,916,766.444486
-5,1814,769.047002
-5,948,769.61433
-5,1009,771.721303
-4,893,772.291395
-5,1385,774.634402
-5,1433,775.501769
-5,1295,777.775021
-5,697,778.199514
-4,1732,780.773845
-5,971,782.943478
-5,1204,783.668126
-5,1370,785.946552
-5,679,786.359963
-5,1895,788.993225
-5,1510,791.48179
-5,1686,793.965628
-5,1443,796.325169
-5,1978,799.048637
-5,812,799.568381
-4,1479,801.976335
-5,1168,802.68943
-5,1324,805.023007
-5,2281,807.964537
-5,1076,808.614389
-5,1067,810.713275
-4,1898,813.335072
-5,1553,815.732883
-5,832,816.239522
-5,2428,819.227939
-5,1532,821.599549
-4,2174,824.449479
-5,1611,826.928795
-5,2545,829.942564
-4,1817,832.626969
-5,2078,835.405271
-5,1347,837.658774
-5,1376,838.495525
-5,2295,841.500326
-5,861,843.561353
-5,1374,845.836949
-5,1066,846.489535
-5,1721,849.095565
-5,1262,851.408759
-5,1468,852.33853
-5,1421,854.677874
-4,1825,857.321877
-5,1747,859.90677
-5,848,860.424866
-5,1206,862.647523
-5,1511,863.566129
-5,1950,866.297524
-5,1714,868.851633
-5,973,870.960324
-5,1194,871.689607
-4,1043,873.844538
-5,1608,876.273281
-5,1389,877.131891
-5,777,879.079018
-5,1101,879.746515
-5,1011,881.857772
-5,1056,882.51817
-4,1080,884.672539
-5,1275,885.441496
-5,1156,887.615085
-5,901,888.161491
-5,1132,890.397491
-4,1352,892.735071
-5,2613,895.924827
-5,816,896.415337
-5,1109,898.642781
-5,939,899.215838
-5,1285,901.489486
-5,1473,903.871295
-5,2119,906.649662
-4,1205,907.397691
-5,1132,909.589555
-5,1898,912.188533
-5,1368,913.018419
-5,961,915.187657
-5,1109,915.859195
-5,1322,918.246352
-5,1984,920.992626
-5,1354,923.336935
-5,1816,925.841172
-5,1126,926.568373
-5,1301,928.878424
-5,805,929.365112
-5,2516,932.368301
-3,3000,937.230173
-5,2178,940.132839
-5,1377,942.409337
-5,1855,943.592538
-4,802,945.585071
-5,1130,946.273857
-4,1982,949.061254
-5,1283,951.441455
-5,1013,952.049516
-5,1417,954.394351
-4,1861,957.094896
-5,2768,960.274068
-5,1257,962.607311
-5,1108,964.792701
-4,2383,967.692824
-5,2867,970.943629
-5,981,973.06837
-5,2151,975.875755
-3,1058,976.508257
-5,1665,979.091533
-5,1928,981.751003
-5,2114,984.55421
-5,1642,987.046529
-5,1832,989.612586
-2,3000,992.947422
-5,2120,995.765322
-5,1397,998.167171
-5,933,998.734049
-5,883,1000.628567
-5,2046,1003.374933
-5,1280,1004.156135
-5,2301,1007.12105
-5,1231,1009.361503
-4,1581,1011.782877
-2,3000,1015.108179
-1,3000,1019.881754
-5,1745,1022.426711
-5,1363,1023.272999
-4,2018,1026.000592
-5,795,1027.999275
-5,885,1028.535341
-5,1085,1030.737731
-5,1366,1031.563211
-5,1019,1033.544562
-4,1299,1034.326689
-5,1489,1036.702551
-5,695,1037.130145
-5,1203,1039.455596
-4,1924,1042.148558
-5,1448,1044.506237
-4,1609,1046.976055
-4,3000,1050.309371
-5,1885,1052.947478
-5,1549,1055.350518
-4,1453,1056.232825
-5,2788,1060.962297
-5,934,1061.523998
-4,3000,1066.421698
-4,3000,1069.794829
-5,2275,1072.79345
-3,1901,1075.411061
-5,1777,1077.940785
-4,2018,1080.646461
-3,3000,1083.943166
-1,3000,1088.764815
-5,1901,1091.320262
-5,1723,1093.840071
-3,3000,1097.122083
-5,2654,1100.096736
-5,2104,1102.875363
-5,2263,1107.301182
-5,2924,1110.567755
-5,2525,1113.583431
-5,2231,1116.399806
-5,2152,1119.214442
-5,2130,1122.045019
-4,3000,1126.671382
-5,2266,1129.566463
-4,3000,1132.92643
-4,2023,1135.603507
-3,3000,1140.350759
-4,3000,1143.609617
-4,3000,1148.429185
-5,1905,1150.976372
-4,3000,1154.334553
-4,3000,1159.151908
-5,2617,1162.272283
-5,2207,1165.076886
-4,3000,1169.881025
-2,3000,1173.226364
-3,3000,1176.50447
-5,2173,1180.796537
-5,2346,1183.75472
-5,1617,1184.727146
-5,1764,1187.357835
-4,1367,1189.689879
-5,2608,1192.73322
-5,2860,1197.531132
-3,3000,1200.858202
-4,3000,1205.722374
-5,2315,1208.503381
-4,2134,1211.314142
-4,2257,1214.235352
-5,2331,1217.171304
-3,3000,1220.451526
-5,2701,1225.158491
-4,2241,1228.034065
-5,1489,1230.389638
-5,2523,1233.4683
-5,2911,1236.79173
-2,3000,1241.595405
-3,3000,1244.946832
-5,2228,1247.680171
-4,1885,1250.360544
-2,3000,1255.159211
-3,3000,1258.367828
-3,3000,1263.218907
-3,3000,1266.523179
-5,3000,1271.366843
-1,3000,1274.701555
-4,3000,1278.046603
-5,2589,1282.63192
-2,3000,1285.944955
-2,3000,1290.694066
-3,3000,1294.112195
-4,2696,1297.254457
-2,3000,1302.09157
-5,2810,1305.280249
-2,3000,1310.109933
-5,2218,1312.968492
0,3000,1316.293623
-5,1853,1318.87314
-5,1466,1321.258383
-5,2091,1323.981034
-5,2647,1327.001648
-2,3000,1331.86233
-3,3000,1335.273995
-1,3000,1339.952097
-4,3000,1343.259201
-5,2339,1346.14485
-5,545,1346.483139
-5,2568,1351.125129
-3,3000,1354.472938
-4,3000,1359.353315
-5,1487,1360.259557
-5,1536,1362.698448
-3,3000,1367.593668
-4,1994,1370.242095
-5,1796,1371.390644
-5,1291,1373.618708
-5,2266,1376.526038
-2,3000,1381.279878
-3,3000,1384.560235
-2,3000,1389.308731
-3,3000,1392.582943
-3,3000,1397.25955
-3,3000,1400.62627
-5,1784,1403.148561
-1,3000,1406.431166
-5,2917,1411.142637
-3,3000,1414.461301
-4,3000,1419.256548
-4,3000,1422.601754
-3,3000,1427.345759
-5,1928,1429.822579
1,3000,1433.273521
-1,3000,1436.582042
-2,3000,1441.423021
-2,3000,1444.732865
-3,3000,1449.593695
-5,2332,1452.547605
-2,3000,1455.878017
-2,3000,1460.607357
-2,3000,1463.846551
-3,3000,1468.580065
-5,2848,1471.723953
-1,3000,1476.575973
-3,3000,1479.858359
-4,3000,1484.705243
0,3000,1488.076057
-4,3000,1493.038868
-5,1901,1495.808514
0,3000,1499.085175
-4,3000,1502.429699
-4,3000,1507.367582
-5,2898,1510.617505
-4,3000,1515.475201
0,3000,1518.834035
-2,3000,1523.609129
-1,3000,1526.874038
-2,3000,1531.63292
-4,3000,1534.945193
-4,3000,1539.811663
-5,2705,1542.976041
-5,2544,1545.972858
-1,3000,1550.81946
-5,2691,1553.954396
-1,3000,1557.23223
0,3000,1562.067405
-3,3000,1565.321948
-5,2661,1569.949191
-2,3000,1573.316609
-1,3000,1578.13461
-3,3000,1581.561386
-5,2311,1584.485554
-5,2852,1589.06473
-3,3000,1592.528878
-3,2133,1595.293696
-2,3000,1598.564397
-2,3000,1603.372045
-1,3000,1606.730325
-4,2708,1611.351746
-5,2914,1614.731926
-4,3000,1619.501199
-3,3000,1622.911335
-2,3000,1627.66671
-1,3000,1630.967756
-1,3000,1634.322942
-3,3000,1639.188556
-3,3000,1642.478098
0,3000,1647.227023
-3,3000,1650.563495
-1,3000,1655.266462
0,3000,1658.594749
-4,3000,1663.460088
-1,3000,1666.71152
-3,3000,1671.46876
0,3000,1674.792666
-2,3000,1679.565284
-1,3000,1682.859579
-4,2608,1685.98223
-2,3000,1690.844633
-1,3000,1694.146626
-4,3000,1698.840724
-5,1059,1699.482194
-1,3000,1704.118551
-3,3000,1707.383126
-1,3000,1712.184974
-5,2886,1715.980556
0,3000,1721.327518
-3,3000,1731.388149
-1,3000,1735.476642
1,3000,1741.268341
0,3000,1745.033801
1,3000,1750.115971
-3,3000,1753.897142
-4,3000,1757.865403
-2,3000,1760.788418
-1,3000,1764.883878
-2,3000,1767.815724
-1,3000,1772.66716
-2,3000,1777.319104
-4,3000,1784.244661
-2,3000,1787.644118
-2,3000,1793.288263
-4,2093,1798.598874
-1,3000,1802.04463
-4,2823,1805.408828
-4,981,1807.639563
-4,3000,1811.231203
-5,1510,1814.906953
-3,3000,1819.755731
-5,1373,1820.690662
-3,3000,1825.815607
-4,1750,1827.443975
-5,1443,1830.12994
-5,1523,1832.639118
-3,1748,1835.326276
-4,3000,1838.572992
-5,1332,1840.570422
-3,1637,1843.199495
-4,1115,1843.840088
-4,1068,1845.835461
-5,1937,1848.260753
-5,926,1848.786731
-5,1637,1851.186907
-4,960,1851.718082
-3,1394,1853.652996
-5,1564,1856.266695
-4,1034,1856.919937
-5,518,1858.523645
-4,900,1859.204032
-5,1412,1861.559155
-4,1092,1862.357035
-5,1350,1864.750811
-5,1066,1865.399552
-5,1543,1868.152828
-5,1236,1870.504001
-5,1057,1871.136015
-5,720,1873.10717
-5,1264,1873.879809
-5,683,1875.678031
-5,974,1876.394257
-5,1227,1878.51762
-5,1947,1881.362262
-4,2034,1884.037371
-5,2031,1886.650403
-5,969,1887.390524
-4,2236,1890.165754
-5,1625,1893.049205
-5,1116,1895.123683
-5,1217,1896.090794
-5,749,1898.524666
-5,1247,1899.35122
-5,607,1899.844515
-5,1888,1902.912144
-5,1023,1905.283099
-5,2243,1908.144851
-4,1372,1910.171898
-4,1836,1912.496781
-4,1557,1913.554507
-5,2500,1917.542673
-4,855,1918.18805
-5,685,1918.554231
-5,1079,1920.474858
-5,2030,1923.218729
-5,1515,1925.264877
-5,2521,1928.415287
-5,2498,1931.12729
-5,1573,1933.290845
-1,3000,1936.677846
-5,2369,1939.567637
-5,1803,1941.844807
-5,1733,1944.20059
-5,1159,1946.027831
-4,3000,1949.215984
-5,1501,1951.245723
-5,1819,1953.57202
-5,2345,1956.352833
-3,3000,1959.388905
-5,1176,1961.419455
-4,1799,1963.708697
-5,1394,1964.624261
-4,2025,1967.066514
-5,2654,1971.272057
-5,2017,1973.9
-5,1930,1976.201854
-4,1832,1978.51997
-3,2182,1981.156038
-5,1139,1981.819695
-5,1362,1984.222456
-5,1212,1984.88582
-4,1060,1986.775635
-5,1664,1989.145105
-5,2016,1991.519059
-2,3000,1994.808627
-4,1524,1997.079649
-5,2192,1999.536667
-5,1677,2001.82975
-5,1977,2004.339
-4,2506,2007.243093
-2,3000,2011.601467
-4,2951,2014.615227
-5,1729,2017.438956
-3,3000,2021.467194
-4,2415,2024.187337
-3,3000,2028.446508
-2,3000,2031.630499
-5,2569,2036.045083
-5,1352,2036.782562
-3,2002,2039.247403
-5,1873,2041.691056
-5,1575,2044.260615
-4,3000,2047.395721
-5,1910,2049.794496
-5,1688,2052.053748
-5,2360,2054.74306
-5,1919,2057.347971
-5,1554,2061.989016
-5,2144,2064.612932
-5,1637,2067.179612
-5,974,2067.712319
-5,1847,2070.241428
-5,2528,2073.346897
-5,1852,2075.899561
-1,3000,2080.274315
-4,3000,2084.187731
-5,1518,2086.541595
-5,1113,2088.309894
-5,2060,2091.165189
-4,1942,2093.64473
-2,3000,2097.312566
-3,3000,2100.504355
-4,3000,2105.440189
-4,3000,2108.992718
-3,3000,2113.484574
-5,2201,2116.353391
-3,3000,2120.380343
-5,2002,2123.083959
0,3000,2131.090381
-3,3000,2137.144434
-3,3000,2142.574894
-1,3000,2146.434904
-4,3000,2151.255454
-5,1611,2153.614749
-2,3000,2157.113564
-5,1223,2159.090377
-3,3000,2162.638933
-4,2672,2166.862089
-4,3000,2171.258846
-4,2107,2175.281209
-2,3000,2179.601363
-4,2481,2183.970408
-5,2879,2187.132593
-1,3000,2190.771897
-4,3000,2198.643264
-5,2598,2203.093993
-5,2125,2206.82145
-3,3000,2212.061276
-3,3000,2215.358557
-3,3000,2222.689478
-4,2353,2226.563695
0,3000,2231.855752
-1,3000,2237.521839
-5,2783,2240.819599
-5,2066,2243.753274
-4,1856,2246.535078
-5,2709,2249.983145
-1,3000,2259.698019
0,3000,2263.321998
-5,2865,2268.242863
-5,2921,2271.753969
-5,1901,2274.473379
-3,3000,2277.990047
-3,3000,2283.006886
-3,3000,2286.499607
-3,3000,2291.513842
0,3000,2295.013009
-4,3000,2299.953059
-2,3000,2303.470064
0,3000,2308.423709
-1,3000,2311.878537
-4,2982,2316.916628
-5,2272,2319.960622
-5,2859,2323.369307
-4,3000,2328.224438
-3,3000,2331.762436
-4,3000,2335.194146
-5,1610,2337.904284
-3,2816,2342.771677
-3,3000,2346.384088
-5,2201,2349.711643
-5,2753,2353.048945
-3,3000,2358.230702
-3,2415,2361.301161
-5,2275,2364.336027
-4,3000,2369.428765
-3,3000,2372.864847
-1,3000,2378.032747
-2,3000,2381.457949
-2,3000,2386.566215
-1,3000,2390.093184
0,3000,2395.217812
-2,3000,2398.813788
-3,3000,2402.290576
-5,956,2404.461327
-1,3000,2407.929237
-2,3000,2413.070198
-4,2811,2416.436939
-3,3000,2421.614345
-4,3000,2425.046018
-2,3000,2430.179493
-3,3000,2433.833192
-3,3000,2438.887044
-3,3000,2442.388305
-2,3000,2445.927647
-3,3000,2450.964781
-2,3000,2454.510543
0,3000,2459.572611
1,3000,2463.094272
-2,3000,2468.225108
-2,3000,2471.780699
-1,3000,2476.803827
-3,3000,2480.328581
-3,3000,2485.471772
-3,3000,2488.983356
-5,1915,2492.125026
-5,2176,2495.188904
-2,3000,2500.19555
-2,3000,2503.703242
-3,3000,2507.235462
-4,3000,2512.340093
-3,3000,2515.893479
-5,1420,2518.496999
-4,3000,2523.592333
-5,2369,2526.734116
-4,3000,2530.661438
-3,3000,2535.86363
-5,2554,2539.064646
-5,2971,2542.575345
-5,2111,2545.59034
-5,1039,2547.886275
-2,3000,2551.434535
-5,1936,2554.415299
-3,3000,2559.501187
-4,3000,2563.080026
-4,3000,2568.190883
-4,2106,2571.163736
-1,3000,2574.6876
-5,2930,2579.712957
-5,1703,2580.80694
-5,2079,2583.783148
-5,2442,2588.580799
-1,3000,2592.141431
-4,3000,2597.355596
-2,3000,2600.845151
-5,2017,2603.771132
-5,1861,2606.627346
-5,2228,2609.635293
-2,3000,2614.669379
-5,1604,2615.709102
-5,1585,2618.383132
-3,2385,2621.478451
-4,1778,2624.139069
-4,1950,2627.007552
-4,2105,2629.849247
-5,2832,2633.264878
-5,2467,2638.029009
-4,1522,2638.976496
-5,2908,2644.076134
-4,3000,2647.653977
-2,3000,2652.646296
-3,3000,2656.128282
-3,3000,2661.283342
-3,3000,2664.81259
-5,2669,2668.120945
-3,3000,2673.249943
-5,1764,2675.907595
-5,1395,2676.792076
-2,3000,2681.935505
-5,2712,2685.244527
-5,1747,2687.92628
-3,3000,2693.038224
-3,3000,2696.470086
-4,3000,2701.754594
-2,3000,2705.263503
-4,2387,2708.323286
-1,3000,2713.307761
-3,3000,2716.694974
-4,3000,2721.794337
-5,1717,2722.89163
-3,3000,2727.872005
-4,3000,2731.434932
-5,2694,2736.285578
-4,3000,2739.94501
-4,2348,2743.004775
-3,3000,2748.091903
-1,3000,2751.673293
-4,3000,2756.755279
-2,3000,2760.30174
-2,3000,2765.440784
-5,1930,2766.696821
-4,2984,2771.646668
-2,3000,2775.191868
-4,3000,2780.149921
-2,3000,2783.637147
-1,3000,2788.681721
-3,3000,2792.13684
-3,3000,2797.228282
-3,3000,2800.704552
-1,3000,2805.79391
-2,3000,2809.174259
-5,2272,2812.139285
-5,1683,2814.853881
-2,3000,2819.907008
-2,3000,2823.419519
-5,1861,2826.175353
-1,3000,2829.709867
-1,3000,2834.776004
-5,2274,2837.827684
-4,3000,2841.274199
-2,3000,2846.309755
-5,2724,2849.689814
-2,3000,2854.813813
-4,3000,2858.282936
-3,3000,2863.312634
-3,3000,2866.893449
-3,3000,2871.862084
-2,3000,2875.489328
0,3000,2879.017988
-3,3000,2883.999823
0,3000,2887.545246
-5,1870,2890.322669
-5,2454,2893.448474
-2,3000,2898.528956
-1,3000,2902.115805
-3,3000,2907.245128
-1,3000,2910.77248
0,3000,2915.928902
-1,3000,2919.466501
-4,2395,2922.605151
-5,2252,2927.108643
-5,2697,2930.479128
-5,1432,2932.891628
-3,3000,2936.308517
0,3000,2941.327485
-4,2957,2944.752965
-2,3000,2948.23113
-2,3000,2953.396673
-2,3000,2956.938849
-1,3000,2962.057952
-2,3000,2965.603339
0,3000,2970.663517
-3,3000,2974.146616
-1,3000,2979.277189
-1,3000,2982.865479
-2,3000,2987.740477
-3,3000,2991.300103
0,3000,2996.263149
-5,2679,2999.63725
1,3000,3003.129509
0,3000,3008.168204
-3,3000,3011.68321
-3,3000,3016.695838
-4,3000,3020.241094
0,3000,3025.406271
1,3000,3028.905493
-1,3000,3034.029791
-3,3000,3037.602191
-2,3000,3041.056823
-2,3000,3046.068313
-3,3000,3049.531769
-2,3000,3054.670422
-1,3000,3058.21878
-3,3000,3063.173829
-5,2208,3066.29013
-2,3000,3069.711613
-1,3000,3074.786009
1,3000,3078.273547
-3,3000,3083.349662
0,3000,3086.944291
-4,1367,3089.405807
-4,2619,3092.618759
-4,3000,3097.713648
-3,3000,3101.182568
-3,3000,3106.24328
-3,3000,3109.775517
-3,3000,3113.203679
-2,3000,3118.284
-5,1741,3120.943042
-2,3000,3124.381519
-5,1877,3127.185307
-3,3000,3132.318145
-2,3000,3135.863373
-3,3000,3140.899618
-2,3000,3144.318864
-1,3000,3147.811414
-1,3000,3152.944515
0,3000,3156.408948
-1,3000,3161.658622
1,3000,3165.124503
-1,3000,3170.314214
0,3000,3173.762993
-3,3000,3178.772859
0,3000,3182.288591
-1,3000,3187.406835
-5,2489,3190.539058
-3,3000,3194.073267
0,3000,3199.148194
-3,3000,3202.70632
-2,3000,3207.818419
-3,3000,3211.333219
-3,3000,3216.324365
1,3000,3219.879192
-2,3000,3224.900501
-3,3000,3228.451804
-2,3000,3233.713815
-5,1185,3234.460532
-2,3000,3239.452946
-5,2995,3242.946486
1,3000,3248.028421
-1,3000,3251.544295
-2,3000,3255.018644
-2,3000,3260.102219
-2,3000,3263.660403
1,3000,3268.721539
0,3000,3272.164945
-2,3000,3277.251529
1,3000,3280.629676
0,3000,3285.916106
-1,3000,3289.37024
-1,3000,3294.418401
0,3000,3297.99544
-4,3000,3302.986334
-2,3000,3306.501133
-3,3000,3309.996015
-2,3000,3315.047919
-5,2108,3317.992917
-1,3000,3321.560322
-1,3000,3326.553145
-2,3000,3330.032171
-5,2518,3334.799038
-3,3000,3338.28691
-2,3000,3343.182704
0,3000,3346.743317
-4,3000,3350.272489
-3,3000,3355.402314
-2,3000,3359.005698
-3,3000,3364.029639
-2,3000,3367.589452
-1,3000,3372.675758
-2,3000,3376.166842
-4,3000,3381.323654
-1,3000,3384.733736
-2,3000,3389.928045
0,3000,3393.402502
0,3000,3398.477326
-1,3000,3402.067281
-1,3000,3406.955997
-5,1604,3408.085159
-5,1809,3410.830048
-1,3000,3415.923591
-1,3000,3419.466262
-4,2180,3422.411225
-2,3000,3427.465045
-5,2608,3430.744258
-1,3000,3434.257237
-4,3000,3439.197476
-5,2895,3442.713637
-3,3000,3447.828744
-3,3000,3451.350245
-3,3000,3456.447139
-4,2691,3459.799501
-1,3000,3463.327684
-1,3000,3468.429077
-3,3000,3472.009038
-2,3000,3477.136462
-1,3000,3480.657904
-1,3000,3485.868881
-1,3000,3489.397661
-3,3000,3494.499864
-1,3000,3497.978947
0,3000,3503.060245
2,3000,3506.613064
-3,3000,3511.655346
-4,3000,3515.227449
-2,3000,3518.817703
-4,3000,3523.940065
-2,3000,3527.466114
-1,3000,3533.474673
-3,3000,3537.972718
-4,3000,3544.643869
-5,2151,3548.363243
-4,3000,3554.003136
-2,3000,3561.189419
-1,3000,3564.793962
0,3000,3571.724119
-3,3000,3576.248674
-1,3000,3583.11018
-5,2852,3587.850449
-2,3000,3592.429129
-5,2545,3597.350773
-5,1928,3600.195776
-5,2472,3603.435014
-3,3000,3606.970211
-1,3000,3612.360253
-1,3000,3615.92858
-3,3000,3621.114861
-2,3000,3624.623569
-4,3000,3629.795268
-3,3000,3633.382275
-1,3000,3638.596338
-2,3000,3642.147271
-2,3000,3647.278954
-3,3000,3650.928054
-2,3000,3654.507662
-2,3000,3659.784838
-3,3000,3663.276391
0,3000,3668.382582
-3,3000,3671.997028
0,3000,3677.138312
-5,1399,3678.073601
-1,3000,3683.21959
-3,3000,3686.738059
1,3000,3691.821006
-3,3000,3695.460961
-2,3000,3700.548775
-2,3000,3704.316531
-4,3000,3709.486612
-2,3000,3713.074501
2,3000,3718.294992
1,3000,3721.746544
-2,3000,3726.876634
-1,3000,3730.45401
0,3000,3735.466359
-5,2822,3738.92526
-2,3000,3742.436929
-1,3000,3747.509914
-2,3000,3751.064168
-2,3000,3756.225749
-3,3000,3759.78795
-3,3000,3764.940697
-3,3000,3768.455329
-5,2114,3771.480389
2,3000,3776.659401
-1,3000,3780.157498
-1,3000,3785.599901
-4,3000,3789.086405
-5,2396,3792.160862
-4,3000,3797.310047
0,3000,3800.772449
-2,3000,3805.913042
-1,3000,3809.392044
0,3000,3814.555124
0,3000,3818.141891
-1,3000,3821.575609
-1,3000,3826.687086
-1,3000,3830.224847
-2,3000,3835.309263
-1,3000,3838.774415
-2,3000,3843.908354
0,3000,3847.475148
-1,3000,3852.651822
0,3000,3856.083488
-2,3000,3861.203188
-2,3000,3864.722746
-3,3000,3869.868122
-4,3000,3873.381266
-5,2204,3876.374974
-3,3000,3881.431785
-1,3000,3884.910056
-2,3000,3890.103451
-1,3000,3893.719365
-3,3000,3897.210727
-3,3000,3902.368489
0,3000,3905.904472
-1,3000,3910.957708
-1,3000,3914.455585
-2,3000,3919.631283
-1,3000,3923.166626
-1,3000,3928.336455
-1,3000,3931.856922
-2,3000,3936.930504
-3,3000,3940.531696
-1,3000,3945.694188
-2,3000,3949.163058
0,3000,3952.743881
-2,3000,3958.00747
-1,3000,3961.543944
-2,3000,3966.791263
-5,2512,3970.046569
-2,3000,3975.157068
1,3000,3978.701324
0,3000,3982.258941
-4,3000,3987.367107
-1,3000,3990.871505
-3,3000,3996.007523
-4,3000,3999.605709
-2,3000,4004.711164
-2,3000,4008.254658
-1,3000,4013.46181
-2,3000,4017.032862
-2,3000,4022.215269
0,3000,4025.768206
-1,3000,4030.888835
-3,3000,4034.533011
-1,3000,4039.604562
-1,3000,4043.171338
-2,3000,4046.758999
-3,3000,4051.926819
-3,3000,4055.504175
-2,3000,4060.580332
-1,3000,4064.18458
-5,2546,4069.092709
-3,3000,4072.576717
-1,3000,4076.115371
-1,3000,4081.262884
0,3000,4084.732311
0,3000,4089.93594
-1,3000,4093.502958
-1,3000,4098.660643
-1,3000,4102.042391
-2,3000,4107.186847
-3,3000,4110.748906
-1,3000,4115.906569
-1,3000,4119.405598
-2,3000,4124.516767
-1,3000,4128.044125
-3,3000,4133.215223
-4,3000,4136.699119
0,3000,4140.23717
-2,3000,4145.352358
-4,3000,4148.81454
-2,3000,4154.074368
-1,3000,4157.719684
-3,3000,4162.800045
0,3000,4166.357409
-2,3000,4171.493546
-1,3000,4175.026721
-2,3000,4180.220969
-1,3000,4183.771446
